Command line invocation:
    /Applications/Xcode_26.5.app/Contents/Developer/usr/bin/xcodebuild -project /Users/runner/work/safe-link-v2/safe-link-v2/apps/mobile/ios/App/App.xcodeproj -scheme App -configuration Debug -sdk iphonesimulator -destination "generic/platform=iOS Simulator" -derivedDataPath /Users/runner/work/safe-link-v2/safe-link-v2/.tmp/ios-derived-data CODE_SIGNING_ALLOWED=NO build

Build settings from command line:
    CODE_SIGNING_ALLOWED = NO
    SDKROOT = iphonesimulator26.5

Resolve Package Graph

Fetching from https://github.com/ionic-team/capacitor-swift-pm.git

Creating working copy of package ‘capacitor-swift-pm’

Checking out 8.4.1 of package ‘capacitor-swift-pm’


Resolved source packages:
  capacitor-swift-pm: https://github.com/ionic-team/capacitor-swift-pm.git @ 8.4.1
  CapApp-SPM: /Users/runner/work/safe-link-v2/safe-link-v2/apps/mobile/ios/App/CapApp-SPM @ local
  CapacitorLocalNotifications: /Users/runner/work/safe-link-v2/safe-link-v2/apps/mobile/node_modules/@capacitor/local-notifications @ local
  CapacitorPreferences: /Users/runner/work/safe-link-v2/safe-link-v2/apps/mobile/node_modules/@capacitor/preferences @ local

ComputePackagePrebuildTargetDependencyGraph

Prepare packages

CreateBuildRequest

SendProjectDescription

CreateBuildOperation

ComputeTargetDependencyGraph
note: Building targets in dependency order
note: Target dependency graph (9 targets)
    Target 'App' in project 'App'
        ➜ Explicit dependency on target 'CapApp-SPM' in project 'CapApp-SPM'
    Target 'CapApp-SPM' in project 'CapApp-SPM'
        ➜ Explicit dependency on target 'CapApp-SPM' in project 'CapApp-SPM'
        ➜ Explicit dependency on target 'Capacitor' in project 'capacitor-swift-pm'
        ➜ Explicit dependency on target 'Cordova' in project 'capacitor-swift-pm'
        ➜ Explicit dependency on target 'CapacitorLocalNotifications' in project 'CapacitorLocalNotifications'
        ➜ Explicit dependency on target 'CapacitorPreferences' in project 'CapacitorPreferences'
    Target 'CapApp-SPM' in project 'CapApp-SPM'
        ➜ Explicit dependency on target 'Capacitor' in project 'capacitor-swift-pm'
        ➜ Explicit dependency on target 'Cordova' in project 'capacitor-swift-pm'
        ➜ Explicit dependency on target 'CapacitorLocalNotifications' in project 'CapacitorLocalNotifications'
        ➜ Explicit dependency on target 'CapacitorPreferences' in project 'CapacitorPreferences'
    Target 'CapacitorPreferences' in project 'CapacitorPreferences'
        ➜ Explicit dependency on target 'PreferencesPlugin' in project 'CapacitorPreferences'
        ➜ Explicit dependency on target 'Capacitor' in project 'capacitor-swift-pm'
        ➜ Explicit dependency on target 'Cordova' in project 'capacitor-swift-pm'
    Target 'PreferencesPlugin' in project 'CapacitorPreferences'
        ➜ Explicit dependency on target 'Capacitor' in project 'capacitor-swift-pm'
        ➜ Explicit dependency on target 'Cordova' in project 'capacitor-swift-pm'
    Target 'CapacitorLocalNotifications' in project 'CapacitorLocalNotifications'
        ➜ Explicit dependency on target 'LocalNotificationsPlugin' in project 'CapacitorLocalNotifications'
        ➜ Explicit dependency on target 'Capacitor' in project 'capacitor-swift-pm'
        ➜ Explicit dependency on target 'Cordova' in project 'capacitor-swift-pm'
    Target 'LocalNotificationsPlugin' in project 'CapacitorLocalNotifications'
        ➜ Explicit dependency on target 'Capacitor' in project 'capacitor-swift-pm'
        ➜ Explicit dependency on target 'Cordova' in project 'capacitor-swift-pm'
    Target 'Cordova' in project 'capacitor-swift-pm' (no dependencies)
    Target 'Capacitor' in project 'capacitor-swift-pm' (no dependencies)

GatherProvisioningInputs

CreateBuildDescription

ExecuteExternalTool /Applications/Xcode_26.5.app/Contents/Developer/Toolchains/XcodeDefault.xctoolchain/usr/bin/swiftc --version

ExecuteExternalTool /Applications/Xcode_26.5.app/Contents/Developer/usr/bin/actool --print-asset-tag-combinations --output-format xml1 /Users/runner/work/safe-link-v2/safe-link-v2/apps/mobile/ios/App/App/Assets.xcassets

ExecuteExternalTool /Applications/Xcode_26.5.app/Contents/Developer/usr/bin/ibtool --version --output-format xml1

ExecuteExternalTool /Applications/Xcode_26.5.app/Contents/Developer/Toolchains/XcodeDefault.xctoolchain/usr/bin/clang -v -E -dM -isysroot /Applications/Xcode_26.5.app/Contents/Developer/Platforms/iPhoneSimulator.platform/Developer/SDKs/iPhoneSimulator26.5.sdk -x c -c /dev/null

ExecuteExternalTool /Applications/Xcode_26.5.app/Contents/Developer/Toolchains/XcodeDefault.xctoolchain/usr/bin/ld -version_details

ExecuteExternalTool /Applications/Xcode_26.5.app/Contents/Developer/usr/bin/actool --version --output-format xml1

Build description signature: e94fa39fd24767d189c8d0a6c8151b2d
Build description path: /Users/runner/work/safe-link-v2/safe-link-v2/.tmp/ios-derived-data/Build/Intermediates.noindex/XCBuildData/e94fa39fd24767d189c8d0a6c8151b2d.xcbuilddata
CreateBuildDirectory /Users/runner/work/safe-link-v2/safe-link-v2/.tmp/ios-derived-data/Build/Products
    cd /Users/runner/work/safe-link-v2/safe-link-v2/apps/mobile/ios/App/App.xcodeproj
    builtin-create-build-directory /Users/runner/work/safe-link-v2/safe-link-v2/.tmp/ios-derived-data/Build/Products

CreateBuildDirectory /Users/runner/work/safe-link-v2/safe-link-v2/.tmp/ios-derived-data/Build/Intermediates.noindex
    cd /Users/runner/work/safe-link-v2/safe-link-v2/apps/mobile/ios/App/App.xcodeproj
    builtin-create-build-directory /Users/runner/work/safe-link-v2/safe-link-v2/.tmp/ios-derived-data/Build/Intermediates.noindex

ClangStatCache /Applications/Xcode_26.5.app/Contents/Developer/Toolchains/XcodeDefault.xctoolchain/usr/bin/clang-stat-cache /Applications/Xcode_26.5.app/Contents/Developer/Platforms/iPhoneSimulator.platform/Developer/SDKs/iPhoneSimulator26.5.sdk /Users/runner/work/safe-link-v2/safe-link-v2/.tmp/ios-derived-data/SDKStatCaches.noindex/iphonesimulator26.5-23F73-688ef53f1462e2c8f657fdc38a81448ffb7d586738ff35573a713a18216ade27.sdkstatcache
    cd /Users/runner/work/safe-link-v2/safe-link-v2/apps/mobile/ios/App/App.xcodeproj
    /Applications/Xcode_26.5.app/Contents/Developer/Toolchains/XcodeDefault.xctoolchain/usr/bin/clang-stat-cache /Applications/Xcode_26.5.app/Contents/Developer/Platforms/iPhoneSimulator.platform/Developer/SDKs/iPhoneSimulator26.5.sdk -o /Users/runner/work/safe-link-v2/safe-link-v2/.tmp/ios-derived-data/SDKStatCaches.noindex/iphonesimulator26.5-23F73-688ef53f1462e2c8f657fdc38a81448ffb7d586738ff35573a713a18216ade27.sdkstatcache

WriteAuxiliaryFile /Users/runner/work/safe-link-v2/safe-link-v2/.tmp/ios-derived-data/Build/Intermediates.noindex/App.build/Debug-iphonesimulator/App-0ca3007d900a678c2b4d53418799ee3d-VFS-iphonesimulator/all-product-headers.yaml
    cd /Users/runner/work/safe-link-v2/safe-link-v2/apps/mobile/ios/App/App.xcodeproj
    write-file /Users/runner/work/safe-link-v2/safe-link-v2/.tmp/ios-derived-data/Build/Intermediates.noindex/App.build/Debug-iphonesimulator/App-0ca3007d900a678c2b4d53418799ee3d-VFS-iphonesimulator/all-product-headers.yaml

CreateBuildDirectory /Users/runner/work/safe-link-v2/safe-link-v2/.tmp/ios-derived-data/Build/Products/Debug-iphonesimulator
    cd /Users/runner/work/safe-link-v2/safe-link-v2/apps/mobile/ios/App/App.xcodeproj
    builtin-create-build-directory /Users/runner/work/safe-link-v2/safe-link-v2/.tmp/ios-derived-data/Build/Products/Debug-iphonesimulator

CreateBuildDirectory /Users/runner/work/safe-link-v2/safe-link-v2/.tmp/ios-derived-data/Build/Intermediates.noindex/SwiftExplicitPrecompiledModules
    cd /Users/runner/work/safe-link-v2/safe-link-v2/apps/mobile/ios/App/App.xcodeproj
    builtin-create-build-directory /Users/runner/work/safe-link-v2/safe-link-v2/.tmp/ios-derived-data/Build/Intermediates.noindex/SwiftExplicitPrecompiledModules

CreateBuildDirectory /Users/runner/work/safe-link-v2/safe-link-v2/.tmp/ios-derived-data/Build/Intermediates.noindex/ExplicitPrecompiledModules
    cd /Users/runner/work/safe-link-v2/safe-link-v2/apps/mobile/ios/App/App.xcodeproj
    builtin-create-build-directory /Users/runner/work/safe-link-v2/safe-link-v2/.tmp/ios-derived-data/Build/Intermediates.noindex/ExplicitPrecompiledModules

ProcessXCFramework /Users/runner/work/safe-link-v2/safe-link-v2/.tmp/ios-derived-data/SourcePackages/artifacts/capacitor-swift-pm/Cordova/Cordova.xcframework /Users/runner/work/safe-link-v2/safe-link-v2/.tmp/ios-derived-data/Build/Products/Debug-iphonesimulator/Cordova.framework ios simulator
    cd /Users/runner/work/safe-link-v2/safe-link-v2/apps/mobile/ios/App/App.xcodeproj
    builtin-process-xcframework --xcframework /Users/runner/work/safe-link-v2/safe-link-v2/.tmp/ios-derived-data/SourcePackages/artifacts/capacitor-swift-pm/Cordova/Cordova.xcframework --platform ios --environment simulator --target-path /Users/runner/work/safe-link-v2/safe-link-v2/.tmp/ios-derived-data/Build/Products/Debug-iphonesimulator
/Users/runner/work/safe-link-v2/safe-link-v2/.tmp/ios-derived-data/SourcePackages/artifacts/capacitor-swift-pm/Cordova/Cordova.xcframework:1:1: note: The identity of “Cordova.xcframework” is not recorded in your project.

ProcessXCFramework /Users/runner/work/safe-link-v2/safe-link-v2/.tmp/ios-derived-data/SourcePackages/artifacts/capacitor-swift-pm/Capacitor/Capacitor.xcframework /Users/runner/work/safe-link-v2/safe-link-v2/.tmp/ios-derived-data/Build/Products/Debug-iphonesimulator/Capacitor.framework ios simulator
    cd /Users/runner/work/safe-link-v2/safe-link-v2/apps/mobile/ios/App/App.xcodeproj
    builtin-process-xcframework --xcframework /Users/runner/work/safe-link-v2/safe-link-v2/.tmp/ios-derived-data/SourcePackages/artifacts/capacitor-swift-pm/Capacitor/Capacitor.xcframework --platform ios --environment simulator --target-path /Users/runner/work/safe-link-v2/safe-link-v2/.tmp/ios-derived-data/Build/Products/Debug-iphonesimulator
/Users/runner/work/safe-link-v2/safe-link-v2/.tmp/ios-derived-data/SourcePackages/artifacts/capacitor-swift-pm/Capacitor/Capacitor.xcframework:1:1: note: The identity of “Capacitor.xcframework” is not recorded in your project.

CreateBuildDirectory /Users/runner/work/safe-link-v2/safe-link-v2/.tmp/ios-derived-data/Build/Products/Debug-iphonesimulator/PackageFrameworks
    cd /Users/runner/work/safe-link-v2/safe-link-v2/apps/mobile/ios/App/App.xcodeproj
    builtin-create-build-directory /Users/runner/work/safe-link-v2/safe-link-v2/.tmp/ios-derived-data/Build/Products/Debug-iphonesimulator/PackageFrameworks

CreateBuildDirectory /Users/runner/work/safe-link-v2/safe-link-v2/.tmp/ios-derived-data/Build/Intermediates.noindex/EagerLinkingTBDs/Debug-iphonesimulator
    cd /Users/runner/work/safe-link-v2/safe-link-v2/apps/mobile/ios/App/App.xcodeproj
    builtin-create-build-directory /Users/runner/work/safe-link-v2/safe-link-v2/.tmp/ios-derived-data/Build/Intermediates.noindex/EagerLinkingTBDs/Debug-iphonesimulator

WriteAuxiliaryFile /Users/runner/work/safe-link-v2/safe-link-v2/.tmp/ios-derived-data/Build/Intermediates.noindex/CapacitorPreferences.build/Debug-iphonesimulator/PreferencesPlugin.build/PreferencesPlugin.modulemap (in target 'PreferencesPlugin' from project 'CapacitorPreferences')
    cd /Users/runner/work/safe-link-v2/safe-link-v2/apps/mobile/node_modules/@capacitor/preferences
    write-file /Users/runner/work/safe-link-v2/safe-link-v2/.tmp/ios-derived-data/Build/Intermediates.noindex/CapacitorPreferences.build/Debug-iphonesimulator/PreferencesPlugin.build/PreferencesPlugin.modulemap

WriteAuxiliaryFile /Users/runner/work/safe-link-v2/safe-link-v2/.tmp/ios-derived-data/Build/Intermediates.noindex/CapacitorPreferences.build/Debug-iphonesimulator/PreferencesPlugin.build/PreferencesPlugin.DependencyStaticMetadataFileList (in target 'PreferencesPlugin' from project 'CapacitorPreferences')
    cd /Users/runner/work/safe-link-v2/safe-link-v2/apps/mobile/node_modules/@capacitor/preferences
    write-file /Users/runner/work/safe-link-v2/safe-link-v2/.tmp/ios-derived-data/Build/Intermediates.noindex/CapacitorPreferences.build/Debug-iphonesimulator/PreferencesPlugin.build/PreferencesPlugin.DependencyStaticMetadataFileList

WriteAuxiliaryFile /Users/runner/work/safe-link-v2/safe-link-v2/.tmp/ios-derived-data/Build/Intermediates.noindex/CapacitorPreferences.build/Debug-iphonesimulator/PreferencesPlugin.build/PreferencesPlugin.DependencyMetadataFileList (in target 'PreferencesPlugin' from project 'CapacitorPreferences')
    cd /Users/runner/work/safe-link-v2/safe-link-v2/apps/mobile/node_modules/@capacitor/preferences
    write-file /Users/runner/work/safe-link-v2/safe-link-v2/.tmp/ios-derived-data/Build/Intermediates.noindex/CapacitorPreferences.build/Debug-iphonesimulator/PreferencesPlugin.build/PreferencesPlugin.DependencyMetadataFileList

WriteAuxiliaryFile /Users/runner/work/safe-link-v2/safe-link-v2/.tmp/ios-derived-data/Build/Intermediates.noindex/CapacitorPreferences.build/Debug-iphonesimulator/PreferencesPlugin.build/Objects-normal/x86_64/PreferencesPlugin_const_extract_protocols.json (in target 'PreferencesPlugin' from project 'CapacitorPreferences')
    cd /Users/runner/work/safe-link-v2/safe-link-v2/apps/mobile/node_modules/@capacitor/preferences
    write-file /Users/runner/work/safe-link-v2/safe-link-v2/.tmp/ios-derived-data/Build/Intermediates.noindex/CapacitorPreferences.build/Debug-iphonesimulator/PreferencesPlugin.build/Objects-normal/x86_64/PreferencesPlugin_const_extract_protocols.json

WriteAuxiliaryFile /Users/runner/work/safe-link-v2/safe-link-v2/.tmp/ios-derived-data/Build/Intermediates.noindex/CapacitorPreferences.build/Debug-iphonesimulator/PreferencesPlugin.build/Objects-normal/x86_64/PreferencesPlugin.SwiftFileList (in target 'PreferencesPlugin' from project 'CapacitorPreferences')
    cd /Users/runner/work/safe-link-v2/safe-link-v2/apps/mobile/node_modules/@capacitor/preferences
    write-file /Users/runner/work/safe-link-v2/safe-link-v2/.tmp/ios-derived-data/Build/Intermediates.noindex/CapacitorPreferences.build/Debug-iphonesimulator/PreferencesPlugin.build/Objects-normal/x86_64/PreferencesPlugin.SwiftFileList

WriteAuxiliaryFile /Users/runner/work/safe-link-v2/safe-link-v2/.tmp/ios-derived-data/Build/Intermediates.noindex/CapacitorPreferences.build/Debug-iphonesimulator/PreferencesPlugin.build/Objects-normal/x86_64/PreferencesPlugin.SwiftConstValuesFileList (in target 'PreferencesPlugin' from project 'CapacitorPreferences')
    cd /Users/runner/work/safe-link-v2/safe-link-v2/apps/mobile/node_modules/@capacitor/preferences
    write-file /Users/runner/work/safe-link-v2/safe-link-v2/.tmp/ios-derived-data/Build/Intermediates.noindex/CapacitorPreferences.build/Debug-iphonesimulator/PreferencesPlugin.build/Objects-normal/x86_64/PreferencesPlugin.SwiftConstValuesFileList

WriteAuxiliaryFile /Users/runner/work/safe-link-v2/safe-link-v2/.tmp/ios-derived-data/Build/Intermediates.noindex/CapacitorPreferences.build/Debug-iphonesimulator/PreferencesPlugin.build/Objects-normal/x86_64/PreferencesPlugin.LinkFileList (in target 'PreferencesPlugin' from project 'CapacitorPreferences')
    cd /Users/runner/work/safe-link-v2/safe-link-v2/apps/mobile/node_modules/@capacitor/preferences
    write-file /Users/runner/work/safe-link-v2/safe-link-v2/.tmp/ios-derived-data/Build/Intermediates.noindex/CapacitorPreferences.build/Debug-iphonesimulator/PreferencesPlugin.build/Objects-normal/x86_64/PreferencesPlugin.LinkFileList

WriteAuxiliaryFile /Users/runner/work/safe-link-v2/safe-link-v2/.tmp/ios-derived-data/Build/Intermediates.noindex/CapacitorPreferences.build/Debug-iphonesimulator/PreferencesPlugin.build/Objects-normal/x86_64/PreferencesPlugin-OutputFileMap.json (in target 'PreferencesPlugin' from project 'CapacitorPreferences')
    cd /Users/runner/work/safe-link-v2/safe-link-v2/apps/mobile/node_modules/@capacitor/preferences
    write-file /Users/runner/work/safe-link-v2/safe-link-v2/.tmp/ios-derived-data/Build/Intermediates.noindex/CapacitorPreferences.build/Debug-iphonesimulator/PreferencesPlugin.build/Objects-normal/x86_64/PreferencesPlugin-OutputFileMap.json

WriteAuxiliaryFile /Users/runner/work/safe-link-v2/safe-link-v2/.tmp/ios-derived-data/Build/Intermediates.noindex/CapacitorPreferences.build/Debug-iphonesimulator/PreferencesPlugin.build/Objects-normal/arm64/PreferencesPlugin_const_extract_protocols.json (in target 'PreferencesPlugin' from project 'CapacitorPreferences')
    cd /Users/runner/work/safe-link-v2/safe-link-v2/apps/mobile/node_modules/@capacitor/preferences
    write-file /Users/runner/work/safe-link-v2/safe-link-v2/.tmp/ios-derived-data/Build/Intermediates.noindex/CapacitorPreferences.build/Debug-iphonesimulator/PreferencesPlugin.build/Objects-normal/arm64/PreferencesPlugin_const_extract_protocols.json

WriteAuxiliaryFile /Users/runner/work/safe-link-v2/safe-link-v2/.tmp/ios-derived-data/Build/Intermediates.noindex/CapacitorPreferences.build/Debug-iphonesimulator/PreferencesPlugin.build/Objects-normal/arm64/PreferencesPlugin.SwiftFileList (in target 'PreferencesPlugin' from project 'CapacitorPreferences')
    cd /Users/runner/work/safe-link-v2/safe-link-v2/apps/mobile/node_modules/@capacitor/preferences
    write-file /Users/runner/work/safe-link-v2/safe-link-v2/.tmp/ios-derived-data/Build/Intermediates.noindex/CapacitorPreferences.build/Debug-iphonesimulator/PreferencesPlugin.build/Objects-normal/arm64/PreferencesPlugin.SwiftFileList

WriteAuxiliaryFile /Users/runner/work/safe-link-v2/safe-link-v2/.tmp/ios-derived-data/Build/Intermediates.noindex/CapacitorPreferences.build/Debug-iphonesimulator/PreferencesPlugin.build/Objects-normal/arm64/PreferencesPlugin.SwiftConstValuesFileList (in target 'PreferencesPlugin' from project 'CapacitorPreferences')
    cd /Users/runner/work/safe-link-v2/safe-link-v2/apps/mobile/node_modules/@capacitor/preferences
    write-file /Users/runner/work/safe-link-v2/safe-link-v2/.tmp/ios-derived-data/Build/Intermediates.noindex/CapacitorPreferences.build/Debug-iphonesimulator/PreferencesPlugin.build/Objects-normal/arm64/PreferencesPlugin.SwiftConstValuesFileList

WriteAuxiliaryFile /Users/runner/work/safe-link-v2/safe-link-v2/.tmp/ios-derived-data/Build/Intermediates.noindex/CapacitorPreferences.build/Debug-iphonesimulator/PreferencesPlugin.build/Objects-normal/arm64/PreferencesPlugin.LinkFileList (in target 'PreferencesPlugin' from project 'CapacitorPreferences')
    cd /Users/runner/work/safe-link-v2/safe-link-v2/apps/mobile/node_modules/@capacitor/preferences
    write-file /Users/runner/work/safe-link-v2/safe-link-v2/.tmp/ios-derived-data/Build/Intermediates.noindex/CapacitorPreferences.build/Debug-iphonesimulator/PreferencesPlugin.build/Objects-normal/arm64/PreferencesPlugin.LinkFileList

WriteAuxiliaryFile /Users/runner/work/safe-link-v2/safe-link-v2/.tmp/ios-derived-data/Build/Intermediates.noindex/CapacitorPreferences.build/Debug-iphonesimulator/PreferencesPlugin.build/Objects-normal/arm64/PreferencesPlugin-OutputFileMap.json (in target 'PreferencesPlugin' from project 'CapacitorPreferences')
    cd /Users/runner/work/safe-link-v2/safe-link-v2/apps/mobile/node_modules/@capacitor/preferences
    write-file /Users/runner/work/safe-link-v2/safe-link-v2/.tmp/ios-derived-data/Build/Intermediates.noindex/CapacitorPreferences.build/Debug-iphonesimulator/PreferencesPlugin.build/Objects-normal/arm64/PreferencesPlugin-OutputFileMap.json

Copy /Users/runner/work/safe-link-v2/safe-link-v2/.tmp/ios-derived-data/Build/Intermediates.noindex/GeneratedModuleMaps-iphonesimulator/PreferencesPlugin.modulemap /Users/runner/work/safe-link-v2/safe-link-v2/.tmp/ios-derived-data/Build/Intermediates.noindex/CapacitorPreferences.build/Debug-iphonesimulator/PreferencesPlugin.build/PreferencesPlugin.modulemap (in target 'PreferencesPlugin' from project 'CapacitorPreferences')
    cd /Users/runner/work/safe-link-v2/safe-link-v2/apps/mobile/node_modules/@capacitor/preferences
    builtin-copy -exclude .DS_Store -exclude CVS -exclude .svn -exclude .git -exclude .hg -resolve-src-symlinks /Users/runner/work/safe-link-v2/safe-link-v2/.tmp/ios-derived-data/Build/Intermediates.noindex/CapacitorPreferences.build/Debug-iphonesimulator/PreferencesPlugin.build/PreferencesPlugin.modulemap /Users/runner/work/safe-link-v2/safe-link-v2/.tmp/ios-derived-data/Build/Intermediates.noindex/GeneratedModuleMaps-iphonesimulator

WriteAuxiliaryFile /Users/runner/work/safe-link-v2/safe-link-v2/.tmp/ios-derived-data/Build/Intermediates.noindex/CapacitorLocalNotifications.build/Debug-iphonesimulator/LocalNotificationsPlugin.build/Objects-normal/x86_64/LocalNotificationsPlugin_const_extract_protocols.json (in target 'LocalNotificationsPlugin' from project 'CapacitorLocalNotifications')
    cd /Users/runner/work/safe-link-v2/safe-link-v2/apps/mobile/node_modules/@capacitor/local-notifications
    write-file /Users/runner/work/safe-link-v2/safe-link-v2/.tmp/ios-derived-data/Build/Intermediates.noindex/CapacitorLocalNotifications.build/Debug-iphonesimulator/LocalNotificationsPlugin.build/Objects-normal/x86_64/LocalNotificationsPlugin_const_extract_protocols.json

WriteAuxiliaryFile /Users/runner/work/safe-link-v2/safe-link-v2/.tmp/ios-derived-data/Build/Intermediates.noindex/CapacitorLocalNotifications.build/Debug-iphonesimulator/LocalNotificationsPlugin.build/Objects-normal/x86_64/LocalNotificationsPlugin.SwiftFileList (in target 'LocalNotificationsPlugin' from project 'CapacitorLocalNotifications')
    cd /Users/runner/work/safe-link-v2/safe-link-v2/apps/mobile/node_modules/@capacitor/local-notifications
    write-file /Users/runner/work/safe-link-v2/safe-link-v2/.tmp/ios-derived-data/Build/Intermediates.noindex/CapacitorLocalNotifications.build/Debug-iphonesimulator/LocalNotificationsPlugin.build/Objects-normal/x86_64/LocalNotificationsPlugin.SwiftFileList

WriteAuxiliaryFile /Users/runner/work/safe-link-v2/safe-link-v2/.tmp/ios-derived-data/Build/Intermediates.noindex/CapacitorLocalNotifications.build/Debug-iphonesimulator/LocalNotificationsPlugin.build/Objects-normal/x86_64/LocalNotificationsPlugin.SwiftConstValuesFileList (in target 'LocalNotificationsPlugin' from project 'CapacitorLocalNotifications')
    cd /Users/runner/work/safe-link-v2/safe-link-v2/apps/mobile/node_modules/@capacitor/local-notifications
    write-file /Users/runner/work/safe-link-v2/safe-link-v2/.tmp/ios-derived-data/Build/Intermediates.noindex/CapacitorLocalNotifications.build/Debug-iphonesimulator/LocalNotificationsPlugin.build/Objects-normal/x86_64/LocalNotificationsPlugin.SwiftConstValuesFileList

WriteAuxiliaryFile /Users/runner/work/safe-link-v2/safe-link-v2/.tmp/ios-derived-data/Build/Intermediates.noindex/CapacitorLocalNotifications.build/Debug-iphonesimulator/LocalNotificationsPlugin.build/Objects-normal/x86_64/LocalNotificationsPlugin.LinkFileList (in target 'LocalNotificationsPlugin' from project 'CapacitorLocalNotifications')
    cd /Users/runner/work/safe-link-v2/safe-link-v2/apps/mobile/node_modules/@capacitor/local-notifications
    write-file /Users/runner/work/safe-link-v2/safe-link-v2/.tmp/ios-derived-data/Build/Intermediates.noindex/CapacitorLocalNotifications.build/Debug-iphonesimulator/LocalNotificationsPlugin.build/Objects-normal/x86_64/LocalNotificationsPlugin.LinkFileList

WriteAuxiliaryFile /Users/runner/work/safe-link-v2/safe-link-v2/.tmp/ios-derived-data/Build/Intermediates.noindex/CapacitorLocalNotifications.build/Debug-iphonesimulator/LocalNotificationsPlugin.build/Objects-normal/x86_64/LocalNotificationsPlugin-OutputFileMap.json (in target 'LocalNotificationsPlugin' from project 'CapacitorLocalNotifications')
    cd /Users/runner/work/safe-link-v2/safe-link-v2/apps/mobile/node_modules/@capacitor/local-notifications
    write-file /Users/runner/work/safe-link-v2/safe-link-v2/.tmp/ios-derived-data/Build/Intermediates.noindex/CapacitorLocalNotifications.build/Debug-iphonesimulator/LocalNotificationsPlugin.build/Objects-normal/x86_64/LocalNotificationsPlugin-OutputFileMap.json

WriteAuxiliaryFile /Users/runner/work/safe-link-v2/safe-link-v2/.tmp/ios-derived-data/Build/Intermediates.noindex/CapacitorLocalNotifications.build/Debug-iphonesimulator/LocalNotificationsPlugin.build/Objects-normal/arm64/LocalNotificationsPlugin_const_extract_protocols.json (in target 'LocalNotificationsPlugin' from project 'CapacitorLocalNotifications')
    cd /Users/runner/work/safe-link-v2/safe-link-v2/apps/mobile/node_modules/@capacitor/local-notifications
    write-file /Users/runner/work/safe-link-v2/safe-link-v2/.tmp/ios-derived-data/Build/Intermediates.noindex/CapacitorLocalNotifications.build/Debug-iphonesimulator/LocalNotificationsPlugin.build/Objects-normal/arm64/LocalNotificationsPlugin_const_extract_protocols.json

WriteAuxiliaryFile /Users/runner/work/safe-link-v2/safe-link-v2/.tmp/ios-derived-data/Build/Intermediates.noindex/CapacitorLocalNotifications.build/Debug-iphonesimulator/LocalNotificationsPlugin.build/Objects-normal/arm64/LocalNotificationsPlugin.SwiftFileList (in target 'LocalNotificationsPlugin' from project 'CapacitorLocalNotifications')
    cd /Users/runner/work/safe-link-v2/safe-link-v2/apps/mobile/node_modules/@capacitor/local-notifications
    write-file /Users/runner/work/safe-link-v2/safe-link-v2/.tmp/ios-derived-data/Build/Intermediates.noindex/CapacitorLocalNotifications.build/Debug-iphonesimulator/LocalNotificationsPlugin.build/Objects-normal/arm64/LocalNotificationsPlugin.SwiftFileList

WriteAuxiliaryFile /Users/runner/work/safe-link-v2/safe-link-v2/.tmp/ios-derived-data/Build/Intermediates.noindex/CapacitorLocalNotifications.build/Debug-iphonesimulator/LocalNotificationsPlugin.build/Objects-normal/arm64/LocalNotificationsPlugin.SwiftConstValuesFileList (in target 'LocalNotificationsPlugin' from project 'CapacitorLocalNotifications')
    cd /Users/runner/work/safe-link-v2/safe-link-v2/apps/mobile/node_modules/@capacitor/local-notifications
    write-file /Users/runner/work/safe-link-v2/safe-link-v2/.tmp/ios-derived-data/Build/Intermediates.noindex/CapacitorLocalNotifications.build/Debug-iphonesimulator/LocalNotificationsPlugin.build/Objects-normal/arm64/LocalNotificationsPlugin.SwiftConstValuesFileList

WriteAuxiliaryFile /Users/runner/work/safe-link-v2/safe-link-v2/.tmp/ios-derived-data/Build/Intermediates.noindex/CapacitorLocalNotifications.build/Debug-iphonesimulator/LocalNotificationsPlugin.build/Objects-normal/arm64/LocalNotificationsPlugin.LinkFileList (in target 'LocalNotificationsPlugin' from project 'CapacitorLocalNotifications')
    cd /Users/runner/work/safe-link-v2/safe-link-v2/apps/mobile/node_modules/@capacitor/local-notifications
    write-file /Users/runner/work/safe-link-v2/safe-link-v2/.tmp/ios-derived-data/Build/Intermediates.noindex/CapacitorLocalNotifications.build/Debug-iphonesimulator/LocalNotificationsPlugin.build/Objects-normal/arm64/LocalNotificationsPlugin.LinkFileList

WriteAuxiliaryFile /Users/runner/work/safe-link-v2/safe-link-v2/.tmp/ios-derived-data/Build/Intermediates.noindex/CapacitorLocalNotifications.build/Debug-iphonesimulator/LocalNotificationsPlugin.build/Objects-normal/arm64/LocalNotificationsPlugin-OutputFileMap.json (in target 'LocalNotificationsPlugin' from project 'CapacitorLocalNotifications')
    cd /Users/runner/work/safe-link-v2/safe-link-v2/apps/mobile/node_modules/@capacitor/local-notifications
    write-file /Users/runner/work/safe-link-v2/safe-link-v2/.tmp/ios-derived-data/Build/Intermediates.noindex/CapacitorLocalNotifications.build/Debug-iphonesimulator/LocalNotificationsPlugin.build/Objects-normal/arm64/LocalNotificationsPlugin-OutputFileMap.json

WriteAuxiliaryFile /Users/runner/work/safe-link-v2/safe-link-v2/.tmp/ios-derived-data/Build/Intermediates.noindex/CapacitorLocalNotifications.build/Debug-iphonesimulator/LocalNotificationsPlugin.build/LocalNotificationsPlugin.modulemap (in target 'LocalNotificationsPlugin' from project 'CapacitorLocalNotifications')
    cd /Users/runner/work/safe-link-v2/safe-link-v2/apps/mobile/node_modules/@capacitor/local-notifications
    write-file /Users/runner/work/safe-link-v2/safe-link-v2/.tmp/ios-derived-data/Build/Intermediates.noindex/CapacitorLocalNotifications.build/Debug-iphonesimulator/LocalNotificationsPlugin.build/LocalNotificationsPlugin.modulemap

WriteAuxiliaryFile /Users/runner/work/safe-link-v2/safe-link-v2/.tmp/ios-derived-data/Build/Intermediates.noindex/CapacitorLocalNotifications.build/Debug-iphonesimulator/LocalNotificationsPlugin.build/LocalNotificationsPlugin.DependencyStaticMetadataFileList (in target 'LocalNotificationsPlugin' from project 'CapacitorLocalNotifications')
    cd /Users/runner/work/safe-link-v2/safe-link-v2/apps/mobile/node_modules/@capacitor/local-notifications
    write-file /Users/runner/work/safe-link-v2/safe-link-v2/.tmp/ios-derived-data/Build/Intermediates.noindex/CapacitorLocalNotifications.build/Debug-iphonesimulator/LocalNotificationsPlugin.build/LocalNotificationsPlugin.DependencyStaticMetadataFileList

WriteAuxiliaryFile /Users/runner/work/safe-link-v2/safe-link-v2/.tmp/ios-derived-data/Build/Intermediates.noindex/CapacitorLocalNotifications.build/Debug-iphonesimulator/LocalNotificationsPlugin.build/LocalNotificationsPlugin.DependencyMetadataFileList (in target 'LocalNotificationsPlugin' from project 'CapacitorLocalNotifications')
    cd /Users/runner/work/safe-link-v2/safe-link-v2/apps/mobile/node_modules/@capacitor/local-notifications
    write-file /Users/runner/work/safe-link-v2/safe-link-v2/.tmp/ios-derived-data/Build/Intermediates.noindex/CapacitorLocalNotifications.build/Debug-iphonesimulator/LocalNotificationsPlugin.build/LocalNotificationsPlugin.DependencyMetadataFileList

Copy /Users/runner/work/safe-link-v2/safe-link-v2/.tmp/ios-derived-data/Build/Intermediates.noindex/GeneratedModuleMaps-iphonesimulator/LocalNotificationsPlugin.modulemap /Users/runner/work/safe-link-v2/safe-link-v2/.tmp/ios-derived-data/Build/Intermediates.noindex/CapacitorLocalNotifications.build/Debug-iphonesimulator/LocalNotificationsPlugin.build/LocalNotificationsPlugin.modulemap (in target 'LocalNotificationsPlugin' from project 'CapacitorLocalNotifications')
    cd /Users/runner/work/safe-link-v2/safe-link-v2/apps/mobile/node_modules/@capacitor/local-notifications
    builtin-copy -exclude .DS_Store -exclude CVS -exclude .svn -exclude .git -exclude .hg -resolve-src-symlinks /Users/runner/work/safe-link-v2/safe-link-v2/.tmp/ios-derived-data/Build/Intermediates.noindex/CapacitorLocalNotifications.build/Debug-iphonesimulator/LocalNotificationsPlugin.build/LocalNotificationsPlugin.modulemap /Users/runner/work/safe-link-v2/safe-link-v2/.tmp/ios-derived-data/Build/Intermediates.noindex/GeneratedModuleMaps-iphonesimulator

WriteAuxiliaryFile /Users/runner/work/safe-link-v2/safe-link-v2/.tmp/ios-derived-data/Build/Intermediates.noindex/CapApp-SPM.build/Debug-iphonesimulator/CapApp-SPM.build/Objects-normal/x86_64/CapApp-SPM_const_extract_protocols.json (in target 'CapApp-SPM' from project 'CapApp-SPM')
    cd /Users/runner/work/safe-link-v2/safe-link-v2/apps/mobile/ios/App/CapApp-SPM
    write-file /Users/runner/work/safe-link-v2/safe-link-v2/.tmp/ios-derived-data/Build/Intermediates.noindex/CapApp-SPM.build/Debug-iphonesimulator/CapApp-SPM.build/Objects-normal/x86_64/CapApp-SPM_const_extract_protocols.json

WriteAuxiliaryFile /Users/runner/work/safe-link-v2/safe-link-v2/.tmp/ios-derived-data/Build/Intermediates.noindex/CapApp-SPM.build/Debug-iphonesimulator/CapApp-SPM.build/Objects-normal/x86_64/CapApp-SPM.SwiftFileList (in target 'CapApp-SPM' from project 'CapApp-SPM')
    cd /Users/runner/work/safe-link-v2/safe-link-v2/apps/mobile/ios/App/CapApp-SPM
    write-file /Users/runner/work/safe-link-v2/safe-link-v2/.tmp/ios-derived-data/Build/Intermediates.noindex/CapApp-SPM.build/Debug-iphonesimulator/CapApp-SPM.build/Objects-normal/x86_64/CapApp-SPM.SwiftFileList

WriteAuxiliaryFile /Users/runner/work/safe-link-v2/safe-link-v2/.tmp/ios-derived-data/Build/Intermediates.noindex/CapApp-SPM.build/Debug-iphonesimulator/CapApp-SPM.build/Objects-normal/x86_64/CapApp-SPM.SwiftConstValuesFileList (in target 'CapApp-SPM' from project 'CapApp-SPM')
    cd /Users/runner/work/safe-link-v2/safe-link-v2/apps/mobile/ios/App/CapApp-SPM
    write-file /Users/runner/work/safe-link-v2/safe-link-v2/.tmp/ios-derived-data/Build/Intermediates.noindex/CapApp-SPM.build/Debug-iphonesimulator/CapApp-SPM.build/Objects-normal/x86_64/CapApp-SPM.SwiftConstValuesFileList

WriteAuxiliaryFile /Users/runner/work/safe-link-v2/safe-link-v2/.tmp/ios-derived-data/Build/Intermediates.noindex/CapApp-SPM.build/Debug-iphonesimulator/CapApp-SPM.build/Objects-normal/x86_64/CapApp-SPM.LinkFileList (in target 'CapApp-SPM' from project 'CapApp-SPM')
    cd /Users/runner/work/safe-link-v2/safe-link-v2/apps/mobile/ios/App/CapApp-SPM
    write-file /Users/runner/work/safe-link-v2/safe-link-v2/.tmp/ios-derived-data/Build/Intermediates.noindex/CapApp-SPM.build/Debug-iphonesimulator/CapApp-SPM.build/Objects-normal/x86_64/CapApp-SPM.LinkFileList

WriteAuxiliaryFile /Users/runner/work/safe-link-v2/safe-link-v2/.tmp/ios-derived-data/Build/Intermediates.noindex/CapApp-SPM.build/Debug-iphonesimulator/CapApp-SPM.build/Objects-normal/x86_64/CapApp-SPM-OutputFileMap.json (in target 'CapApp-SPM' from project 'CapApp-SPM')
    cd /Users/runner/work/safe-link-v2/safe-link-v2/apps/mobile/ios/App/CapApp-SPM
    write-file /Users/runner/work/safe-link-v2/safe-link-v2/.tmp/ios-derived-data/Build/Intermediates.noindex/CapApp-SPM.build/Debug-iphonesimulator/CapApp-SPM.build/Objects-normal/x86_64/CapApp-SPM-OutputFileMap.json

WriteAuxiliaryFile /Users/runner/work/safe-link-v2/safe-link-v2/.tmp/ios-derived-data/Build/Intermediates.noindex/CapApp-SPM.build/Debug-iphonesimulator/CapApp-SPM.build/Objects-normal/arm64/CapApp-SPM_const_extract_protocols.json (in target 'CapApp-SPM' from project 'CapApp-SPM')
    cd /Users/runner/work/safe-link-v2/safe-link-v2/apps/mobile/ios/App/CapApp-SPM
    write-file /Users/runner/work/safe-link-v2/safe-link-v2/.tmp/ios-derived-data/Build/Intermediates.noindex/CapApp-SPM.build/Debug-iphonesimulator/CapApp-SPM.build/Objects-normal/arm64/CapApp-SPM_const_extract_protocols.json

WriteAuxiliaryFile /Users/runner/work/safe-link-v2/safe-link-v2/.tmp/ios-derived-data/Build/Intermediates.noindex/CapApp-SPM.build/Debug-iphonesimulator/CapApp-SPM.build/Objects-normal/arm64/CapApp-SPM.SwiftFileList (in target 'CapApp-SPM' from project 'CapApp-SPM')
    cd /Users/runner/work/safe-link-v2/safe-link-v2/apps/mobile/ios/App/CapApp-SPM
    write-file /Users/runner/work/safe-link-v2/safe-link-v2/.tmp/ios-derived-data/Build/Intermediates.noindex/CapApp-SPM.build/Debug-iphonesimulator/CapApp-SPM.build/Objects-normal/arm64/CapApp-SPM.SwiftFileList

WriteAuxiliaryFile /Users/runner/work/safe-link-v2/safe-link-v2/.tmp/ios-derived-data/Build/Intermediates.noindex/CapApp-SPM.build/Debug-iphonesimulator/CapApp-SPM.build/Objects-normal/arm64/CapApp-SPM.SwiftConstValuesFileList (in target 'CapApp-SPM' from project 'CapApp-SPM')
    cd /Users/runner/work/safe-link-v2/safe-link-v2/apps/mobile/ios/App/CapApp-SPM
    write-file /Users/runner/work/safe-link-v2/safe-link-v2/.tmp/ios-derived-data/Build/Intermediates.noindex/CapApp-SPM.build/Debug-iphonesimulator/CapApp-SPM.build/Objects-normal/arm64/CapApp-SPM.SwiftConstValuesFileList

WriteAuxiliaryFile /Users/runner/work/safe-link-v2/safe-link-v2/.tmp/ios-derived-data/Build/Intermediates.noindex/CapApp-SPM.build/Debug-iphonesimulator/CapApp-SPM.build/Objects-normal/arm64/CapApp-SPM.LinkFileList (in target 'CapApp-SPM' from project 'CapApp-SPM')
    cd /Users/runner/work/safe-link-v2/safe-link-v2/apps/mobile/ios/App/CapApp-SPM
    write-file /Users/runner/work/safe-link-v2/safe-link-v2/.tmp/ios-derived-data/Build/Intermediates.noindex/CapApp-SPM.build/Debug-iphonesimulator/CapApp-SPM.build/Objects-normal/arm64/CapApp-SPM.LinkFileList

WriteAuxiliaryFile /Users/runner/work/safe-link-v2/safe-link-v2/.tmp/ios-derived-data/Build/Intermediates.noindex/CapApp-SPM.build/Debug-iphonesimulator/CapApp-SPM.build/Objects-normal/arm64/CapApp-SPM-OutputFileMap.json (in target 'CapApp-SPM' from project 'CapApp-SPM')
    cd /Users/runner/work/safe-link-v2/safe-link-v2/apps/mobile/ios/App/CapApp-SPM
    write-file /Users/runner/work/safe-link-v2/safe-link-v2/.tmp/ios-derived-data/Build/Intermediates.noindex/CapApp-SPM.build/Debug-iphonesimulator/CapApp-SPM.build/Objects-normal/arm64/CapApp-SPM-OutputFileMap.json

WriteAuxiliaryFile /Users/runner/work/safe-link-v2/safe-link-v2/.tmp/ios-derived-data/Build/Intermediates.noindex/CapApp-SPM.build/Debug-iphonesimulator/CapApp-SPM.build/CapApp-SPM.modulemap (in target 'CapApp-SPM' from project 'CapApp-SPM')
    cd /Users/runner/work/safe-link-v2/safe-link-v2/apps/mobile/ios/App/CapApp-SPM
    write-file /Users/runner/work/safe-link-v2/safe-link-v2/.tmp/ios-derived-data/Build/Intermediates.noindex/CapApp-SPM.build/Debug-iphonesimulator/CapApp-SPM.build/CapApp-SPM.modulemap

WriteAuxiliaryFile /Users/runner/work/safe-link-v2/safe-link-v2/.tmp/ios-derived-data/Build/Intermediates.noindex/CapApp-SPM.build/Debug-iphonesimulator/CapApp-SPM.build/CapApp-SPM.DependencyStaticMetadataFileList (in target 'CapApp-SPM' from project 'CapApp-SPM')
    cd /Users/runner/work/safe-link-v2/safe-link-v2/apps/mobile/ios/App/CapApp-SPM
    write-file /Users/runner/work/safe-link-v2/safe-link-v2/.tmp/ios-derived-data/Build/Intermediates.noindex/CapApp-SPM.build/Debug-iphonesimulator/CapApp-SPM.build/CapApp-SPM.DependencyStaticMetadataFileList

WriteAuxiliaryFile /Users/runner/work/safe-link-v2/safe-link-v2/.tmp/ios-derived-data/Build/Intermediates.noindex/CapApp-SPM.build/Debug-iphonesimulator/CapApp-SPM.build/CapApp-SPM.DependencyMetadataFileList (in target 'CapApp-SPM' from project 'CapApp-SPM')
    cd /Users/runner/work/safe-link-v2/safe-link-v2/apps/mobile/ios/App/CapApp-SPM
    write-file /Users/runner/work/safe-link-v2/safe-link-v2/.tmp/ios-derived-data/Build/Intermediates.noindex/CapApp-SPM.build/Debug-iphonesimulator/CapApp-SPM.build/CapApp-SPM.DependencyMetadataFileList

Copy /Users/runner/work/safe-link-v2/safe-link-v2/.tmp/ios-derived-data/Build/Intermediates.noindex/GeneratedModuleMaps-iphonesimulator/CapApp-SPM.modulemap /Users/runner/work/safe-link-v2/safe-link-v2/.tmp/ios-derived-data/Build/Intermediates.noindex/CapApp-SPM.build/Debug-iphonesimulator/CapApp-SPM.build/CapApp-SPM.modulemap (in target 'CapApp-SPM' from project 'CapApp-SPM')
    cd /Users/runner/work/safe-link-v2/safe-link-v2/apps/mobile/ios/App/CapApp-SPM
    builtin-copy -exclude .DS_Store -exclude CVS -exclude .svn -exclude .git -exclude .hg -resolve-src-symlinks /Users/runner/work/safe-link-v2/safe-link-v2/.tmp/ios-derived-data/Build/Intermediates.noindex/CapApp-SPM.build/Debug-iphonesimulator/CapApp-SPM.build/CapApp-SPM.modulemap /Users/runner/work/safe-link-v2/safe-link-v2/.tmp/ios-derived-data/Build/Intermediates.noindex/GeneratedModuleMaps-iphonesimulator

WriteAuxiliaryFile /Users/runner/work/safe-link-v2/safe-link-v2/.tmp/ios-derived-data/Build/Intermediates.noindex/App.build/Debug-iphonesimulator/App.build/Objects-normal/x86_64/App_const_extract_protocols.json (in target 'App' from project 'App')
    cd /Users/runner/work/safe-link-v2/safe-link-v2/apps/mobile/ios/App
    write-file /Users/runner/work/safe-link-v2/safe-link-v2/.tmp/ios-derived-data/Build/Intermediates.noindex/App.build/Debug-iphonesimulator/App.build/Objects-normal/x86_64/App_const_extract_protocols.json

WriteAuxiliaryFile /Users/runner/work/safe-link-v2/safe-link-v2/.tmp/ios-derived-data/Build/Intermediates.noindex/App.build/Debug-iphonesimulator/App.build/Objects-normal/x86_64/App.SwiftFileList (in target 'App' from project 'App')
    cd /Users/runner/work/safe-link-v2/safe-link-v2/apps/mobile/ios/App
    write-file /Users/runner/work/safe-link-v2/safe-link-v2/.tmp/ios-derived-data/Build/Intermediates.noindex/App.build/Debug-iphonesimulator/App.build/Objects-normal/x86_64/App.SwiftFileList

WriteAuxiliaryFile /Users/runner/work/safe-link-v2/safe-link-v2/.tmp/ios-derived-data/Build/Intermediates.noindex/App.build/Debug-iphonesimulator/App.build/Objects-normal/x86_64/App.SwiftConstValuesFileList (in target 'App' from project 'App')
    cd /Users/runner/work/safe-link-v2/safe-link-v2/apps/mobile/ios/App
    write-file /Users/runner/work/safe-link-v2/safe-link-v2/.tmp/ios-derived-data/Build/Intermediates.noindex/App.build/Debug-iphonesimulator/App.build/Objects-normal/x86_64/App.SwiftConstValuesFileList

WriteAuxiliaryFile /Users/runner/work/safe-link-v2/safe-link-v2/.tmp/ios-derived-data/Build/Intermediates.noindex/App.build/Debug-iphonesimulator/App.build/Objects-normal/x86_64/App.LinkFileList (in target 'App' from project 'App')
    cd /Users/runner/work/safe-link-v2/safe-link-v2/apps/mobile/ios/App
    write-file /Users/runner/work/safe-link-v2/safe-link-v2/.tmp/ios-derived-data/Build/Intermediates.noindex/App.build/Debug-iphonesimulator/App.build/Objects-normal/x86_64/App.LinkFileList

WriteAuxiliaryFile /Users/runner/work/safe-link-v2/safe-link-v2/.tmp/ios-derived-data/Build/Intermediates.noindex/App.build/Debug-iphonesimulator/App.build/Objects-normal/x86_64/App-OutputFileMap.json (in target 'App' from project 'App')
    cd /Users/runner/work/safe-link-v2/safe-link-v2/apps/mobile/ios/App
    write-file /Users/runner/work/safe-link-v2/safe-link-v2/.tmp/ios-derived-data/Build/Intermediates.noindex/App.build/Debug-iphonesimulator/App.build/Objects-normal/x86_64/App-OutputFileMap.json

WriteAuxiliaryFile /Users/runner/work/safe-link-v2/safe-link-v2/.tmp/ios-derived-data/Build/Intermediates.noindex/App.build/Debug-iphonesimulator/App.build/Objects-normal/arm64/App_const_extract_protocols.json (in target 'App' from project 'App')
    cd /Users/runner/work/safe-link-v2/safe-link-v2/apps/mobile/ios/App
    write-file /Users/runner/work/safe-link-v2/safe-link-v2/.tmp/ios-derived-data/Build/Intermediates.noindex/App.build/Debug-iphonesimulator/App.build/Objects-normal/arm64/App_const_extract_protocols.json

WriteAuxiliaryFile /Users/runner/work/safe-link-v2/safe-link-v2/.tmp/ios-derived-data/Build/Intermediates.noindex/App.build/Debug-iphonesimulator/App.build/Objects-normal/arm64/App.SwiftFileList (in target 'App' from project 'App')
    cd /Users/runner/work/safe-link-v2/safe-link-v2/apps/mobile/ios/App
    write-file /Users/runner/work/safe-link-v2/safe-link-v2/.tmp/ios-derived-data/Build/Intermediates.noindex/App.build/Debug-iphonesimulator/App.build/Objects-normal/arm64/App.SwiftFileList

WriteAuxiliaryFile /Users/runner/work/safe-link-v2/safe-link-v2/.tmp/ios-derived-data/Build/Intermediates.noindex/App.build/Debug-iphonesimulator/App.build/Objects-normal/arm64/App.SwiftConstValuesFileList (in target 'App' from project 'App')
    cd /Users/runner/work/safe-link-v2/safe-link-v2/apps/mobile/ios/App
    write-file /Users/runner/work/safe-link-v2/safe-link-v2/.tmp/ios-derived-data/Build/Intermediates.noindex/App.build/Debug-iphonesimulator/App.build/Objects-normal/arm64/App.SwiftConstValuesFileList

WriteAuxiliaryFile /Users/runner/work/safe-link-v2/safe-link-v2/.tmp/ios-derived-data/Build/Intermediates.noindex/App.build/Debug-iphonesimulator/App.build/Objects-normal/arm64/App.LinkFileList (in target 'App' from project 'App')
    cd /Users/runner/work/safe-link-v2/safe-link-v2/apps/mobile/ios/App
    write-file /Users/runner/work/safe-link-v2/safe-link-v2/.tmp/ios-derived-data/Build/Intermediates.noindex/App.build/Debug-iphonesimulator/App.build/Objects-normal/arm64/App.LinkFileList

WriteAuxiliaryFile /Users/runner/work/safe-link-v2/safe-link-v2/.tmp/ios-derived-data/Build/Intermediates.noindex/App.build/Debug-iphonesimulator/App.build/Objects-normal/arm64/App-OutputFileMap.json (in target 'App' from project 'App')
    cd /Users/runner/work/safe-link-v2/safe-link-v2/apps/mobile/ios/App
    write-file /Users/runner/work/safe-link-v2/safe-link-v2/.tmp/ios-derived-data/Build/Intermediates.noindex/App.build/Debug-iphonesimulator/App.build/Objects-normal/arm64/App-OutputFileMap.json

WriteAuxiliaryFile /Users/runner/work/safe-link-v2/safe-link-v2/.tmp/ios-derived-data/Build/Intermediates.noindex/App.build/Debug-iphonesimulator/App.build/App.hmap (in target 'App' from project 'App')
    cd /Users/runner/work/safe-link-v2/safe-link-v2/apps/mobile/ios/App
    write-file /Users/runner/work/safe-link-v2/safe-link-v2/.tmp/ios-derived-data/Build/Intermediates.noindex/App.build/Debug-iphonesimulator/App.build/App.hmap

WriteAuxiliaryFile /Users/runner/work/safe-link-v2/safe-link-v2/.tmp/ios-derived-data/Build/Intermediates.noindex/App.build/Debug-iphonesimulator/App.build/App.DependencyStaticMetadataFileList (in target 'App' from project 'App')
    cd /Users/runner/work/safe-link-v2/safe-link-v2/apps/mobile/ios/App
    write-file /Users/runner/work/safe-link-v2/safe-link-v2/.tmp/ios-derived-data/Build/Intermediates.noindex/App.build/Debug-iphonesimulator/App.build/App.DependencyStaticMetadataFileList

WriteAuxiliaryFile /Users/runner/work/safe-link-v2/safe-link-v2/.tmp/ios-derived-data/Build/Intermediates.noindex/App.build/Debug-iphonesimulator/App.build/App.DependencyMetadataFileList (in target 'App' from project 'App')
    cd /Users/runner/work/safe-link-v2/safe-link-v2/apps/mobile/ios/App
    write-file /Users/runner/work/safe-link-v2/safe-link-v2/.tmp/ios-derived-data/Build/Intermediates.noindex/App.build/Debug-iphonesimulator/App.build/App.DependencyMetadataFileList

WriteAuxiliaryFile /Users/runner/work/safe-link-v2/safe-link-v2/.tmp/ios-derived-data/Build/Intermediates.noindex/App.build/Debug-iphonesimulator/App.build/App-project-headers.hmap (in target 'App' from project 'App')
    cd /Users/runner/work/safe-link-v2/safe-link-v2/apps/mobile/ios/App
    write-file /Users/runner/work/safe-link-v2/safe-link-v2/.tmp/ios-derived-data/Build/Intermediates.noindex/App.build/Debug-iphonesimulator/App.build/App-project-headers.hmap

WriteAuxiliaryFile /Users/runner/work/safe-link-v2/safe-link-v2/.tmp/ios-derived-data/Build/Intermediates.noindex/App.build/Debug-iphonesimulator/App.build/App-own-target-headers.hmap (in target 'App' from project 'App')
    cd /Users/runner/work/safe-link-v2/safe-link-v2/apps/mobile/ios/App
    write-file /Users/runner/work/safe-link-v2/safe-link-v2/.tmp/ios-derived-data/Build/Intermediates.noindex/App.build/Debug-iphonesimulator/App.build/App-own-target-headers.hmap

WriteAuxiliaryFile /Users/runner/work/safe-link-v2/safe-link-v2/.tmp/ios-derived-data/Build/Intermediates.noindex/App.build/Debug-iphonesimulator/App.build/App-generated-files.hmap (in target 'App' from project 'App')
    cd /Users/runner/work/safe-link-v2/safe-link-v2/apps/mobile/ios/App
    write-file /Users/runner/work/safe-link-v2/safe-link-v2/.tmp/ios-derived-data/Build/Intermediates.noindex/App.build/Debug-iphonesimulator/App.build/App-generated-files.hmap

WriteAuxiliaryFile /Users/runner/work/safe-link-v2/safe-link-v2/.tmp/ios-derived-data/Build/Intermediates.noindex/App.build/Debug-iphonesimulator/App.build/App-all-target-headers.hmap (in target 'App' from project 'App')
    cd /Users/runner/work/safe-link-v2/safe-link-v2/apps/mobile/ios/App
    write-file /Users/runner/work/safe-link-v2/safe-link-v2/.tmp/ios-derived-data/Build/Intermediates.noindex/App.build/Debug-iphonesimulator/App.build/App-all-target-headers.hmap

WriteAuxiliaryFile /Users/runner/work/safe-link-v2/safe-link-v2/.tmp/ios-derived-data/Build/Intermediates.noindex/App.build/Debug-iphonesimulator/App.build/App-all-non-framework-target-headers.hmap (in target 'App' from project 'App')
    cd /Users/runner/work/safe-link-v2/safe-link-v2/apps/mobile/ios/App
    write-file /Users/runner/work/safe-link-v2/safe-link-v2/.tmp/ios-derived-data/Build/Intermediates.noindex/App.build/Debug-iphonesimulator/App.build/App-all-non-framework-target-headers.hmap

WriteAuxiliaryFile /Users/runner/work/safe-link-v2/safe-link-v2/.tmp/ios-derived-data/Build/Intermediates.noindex/App.build/Debug-iphonesimulator/App.build/App-DebugDylibPath-normal-x86_64.txt (in target 'App' from project 'App')
    cd /Users/runner/work/safe-link-v2/safe-link-v2/apps/mobile/ios/App
    write-file /Users/runner/work/safe-link-v2/safe-link-v2/.tmp/ios-derived-data/Build/Intermediates.noindex/App.build/Debug-iphonesimulator/App.build/App-DebugDylibPath-normal-x86_64.txt

WriteAuxiliaryFile /Users/runner/work/safe-link-v2/safe-link-v2/.tmp/ios-derived-data/Build/Intermediates.noindex/App.build/Debug-iphonesimulator/App.build/App-DebugDylibPath-normal-arm64.txt (in target 'App' from project 'App')
    cd /Users/runner/work/safe-link-v2/safe-link-v2/apps/mobile/ios/App
    write-file /Users/runner/work/safe-link-v2/safe-link-v2/.tmp/ios-derived-data/Build/Intermediates.noindex/App.build/Debug-iphonesimulator/App.build/App-DebugDylibPath-normal-arm64.txt

WriteAuxiliaryFile /Users/runner/work/safe-link-v2/safe-link-v2/.tmp/ios-derived-data/Build/Intermediates.noindex/App.build/Debug-iphonesimulator/App.build/App-DebugDylibInstallName-normal-x86_64.txt (in target 'App' from project 'App')
    cd /Users/runner/work/safe-link-v2/safe-link-v2/apps/mobile/ios/App
    write-file /Users/runner/work/safe-link-v2/safe-link-v2/.tmp/ios-derived-data/Build/Intermediates.noindex/App.build/Debug-iphonesimulator/App.build/App-DebugDylibInstallName-normal-x86_64.txt

WriteAuxiliaryFile /Users/runner/work/safe-link-v2/safe-link-v2/.tmp/ios-derived-data/Build/Intermediates.noindex/App.build/Debug-iphonesimulator/App.build/App-DebugDylibInstallName-normal-arm64.txt (in target 'App' from project 'App')
    cd /Users/runner/work/safe-link-v2/safe-link-v2/apps/mobile/ios/App
    write-file /Users/runner/work/safe-link-v2/safe-link-v2/.tmp/ios-derived-data/Build/Intermediates.noindex/App.build/Debug-iphonesimulator/App.build/App-DebugDylibInstallName-normal-arm64.txt

MkDir /Users/runner/work/safe-link-v2/safe-link-v2/.tmp/ios-derived-data/Build/Products/Debug-iphonesimulator/App.app/Frameworks (in target 'App' from project 'App')
    cd /Users/runner/work/safe-link-v2/safe-link-v2/apps/mobile/ios/App
    /bin/mkdir -p /Users/runner/work/safe-link-v2/safe-link-v2/.tmp/ios-derived-data/Build/Products/Debug-iphonesimulator/App.app/Frameworks

MkDir /Users/runner/work/safe-link-v2/safe-link-v2/.tmp/ios-derived-data/Build/Products/Debug-iphonesimulator/App.app (in target 'App' from project 'App')
    cd /Users/runner/work/safe-link-v2/safe-link-v2/apps/mobile/ios/App
    /bin/mkdir -p /Users/runner/work/safe-link-v2/safe-link-v2/.tmp/ios-derived-data/Build/Products/Debug-iphonesimulator/App.app

SwiftDriver PreferencesPlugin normal arm64 com.apple.xcode.tools.swift.compiler (in target 'PreferencesPlugin' from project 'CapacitorPreferences')
    cd /Users/runner/work/safe-link-v2/safe-link-v2/apps/mobile/ios/App/App.xcodeproj
    builtin-SwiftDriver -- /Applications/Xcode_26.5.app/Contents/Developer/Toolchains/XcodeDefault.xctoolchain/usr/bin/swiftc -module-name PreferencesPlugin -Onone @/Users/runner/work/safe-link-v2/safe-link-v2/.tmp/ios-derived-data/Build/Intermediates.noindex/CapacitorPreferences.build/Debug-iphonesimulator/PreferencesPlugin.build/Objects-normal/arm64/PreferencesPlugin.SwiftFileList -DSWIFT_PACKAGE -DDEBUG -DSWIFT_MODULE_RESOURCE_BUNDLE_UNAVAILABLE -DXcode -plugin-path /Applications/Xcode_26.5.app/Contents/Developer/Toolchains/XcodeDefault.xctoolchain/usr/lib/swift/host/plugins/testing -enable-experimental-feature DebugDescriptionMacro -sdk /Applications/Xcode_26.5.app/Contents/Developer/Platforms/iPhoneSimulator.platform/Developer/SDKs/iPhoneSimulator26.5.sdk -target arm64-apple-ios15.0-simulator -g -module-cache-path /Users/runner/work/safe-link-v2/safe-link-v2/.tmp/ios-derived-data/ModuleCache.noindex -Xfrontend -serialize-debugging-options -enable-testing -suppress-warnings -index-store-path /Users/runner/work/safe-link-v2/safe-link-v2/.tmp/ios-derived-data/Index.noindex/DataStore -Xcc -D_LIBCPP_HARDENING_MODE\=_LIBCPP_HARDENING_MODE_DEBUG -swift-version 5 -I /Users/runner/work/safe-link-v2/safe-link-v2/.tmp/ios-derived-data/Build/Products/Debug-iphonesimulator -Isystem /Applications/Xcode_26.5.app/Contents/Developer/Platforms/iPhoneSimulator.platform/Developer/usr/lib -F /Users/runner/work/safe-link-v2/safe-link-v2/.tmp/ios-derived-data/Build/Products/Debug-iphonesimulator -F /Applications/Xcode_26.5.app/Contents/Developer/Platforms/iPhoneSimulator.platform/Developer/Library/Frameworks -F /Applications/Xcode_26.5.app/Contents/Developer/Platforms/iPhoneSimulator.platform/Developer/SDKs/iPhoneSimulator26.5.sdk/Developer/Library/Frameworks -c -j3 -enable-batch-mode -incremental -Xcc -ivfsstatcache -Xcc /Users/runner/work/safe-link-v2/safe-link-v2/.tmp/ios-derived-data/SDKStatCaches.noindex/iphonesimulator26.5-23F73-688ef53f1462e2c8f657fdc38a81448ffb7d586738ff35573a713a18216ade27.sdkstatcache -output-file-map /Users/runner/work/safe-link-v2/safe-link-v2/.tmp/ios-derived-data/Build/Intermediates.noindex/CapacitorPreferences.build/Debug-iphonesimulator/PreferencesPlugin.build/Objects-normal/arm64/PreferencesPlugin-OutputFileMap.json -use-frontend-parseable-output -save-temps -no-color-diagnostics -explicit-module-build -module-cache-path /Users/runner/work/safe-link-v2/safe-link-v2/.tmp/ios-derived-data/Build/Intermediates.noindex/SwiftExplicitPrecompiledModules -clang-scanner-module-cache-path /Users/runner/work/safe-link-v2/safe-link-v2/.tmp/ios-derived-data/ModuleCache.noindex -sdk-module-cache-path /Users/runner/work/safe-link-v2/safe-link-v2/.tmp/ios-derived-data/ModuleCache.noindex -serialize-diagnostics -emit-dependencies -emit-module -emit-module-path /Users/runner/work/safe-link-v2/safe-link-v2/.tmp/ios-derived-data/Build/Intermediates.noindex/CapacitorPreferences.build/Debug-iphonesimulator/PreferencesPlugin.build/Objects-normal/arm64/PreferencesPlugin.swiftmodule -validate-clang-modules-once -clang-build-session-file /Users/runner/work/safe-link-v2/safe-link-v2/.tmp/ios-derived-data/ModuleCache.noindex/Session.modulevalidation -package-name preferences -Xcc -I/Users/runner/work/safe-link-v2/safe-link-v2/.tmp/ios-derived-data/Build/Intermediates.noindex/CapacitorPreferences.build/Debug-iphonesimulator/PreferencesPlugin.build/swift-overrides.hmap -emit-const-values -Xfrontend -const-gather-protocols-file -Xfrontend /Users/runner/work/safe-link-v2/safe-link-v2/.tmp/ios-derived-data/Build/Intermediates.noindex/CapacitorPreferences.build/Debug-iphonesimulator/PreferencesPlugin.build/Objects-normal/arm64/PreferencesPlugin_const_extract_protocols.json -Xcc -I/Users/runner/work/safe-link-v2/safe-link-v2/.tmp/ios-derived-data/Build/Products/Debug-iphonesimulator/include -Xcc -I/Users/runner/work/safe-link-v2/safe-link-v2/.tmp/ios-derived-data/Build/Intermediates.noindex/CapacitorPreferences.build/Debug-iphonesimulator/PreferencesPlugin.build/DerivedSources-normal/arm64 -Xcc -I/Users/runner/work/safe-link-v2/safe-link-v2/.tmp/ios-derived-data/Build/Intermediates.noindex/CapacitorPreferences.build/Debug-iphonesimulator/PreferencesPlugin.build/DerivedSources/arm64 -Xcc -I/Users/runner/work/safe-link-v2/safe-link-v2/.tmp/ios-derived-data/Build/Intermediates.noindex/CapacitorPreferences.build/Debug-iphonesimulator/PreferencesPlugin.build/DerivedSources -Xcc -DSWIFT_PACKAGE -Xcc -DDEBUG\=1 -emit-objc-header -emit-objc-header-path /Users/runner/work/safe-link-v2/safe-link-v2/.tmp/ios-derived-data/Build/Intermediates.noindex/CapacitorPreferences.build/Debug-iphonesimulator/PreferencesPlugin.build/Objects-normal/arm64/PreferencesPlugin-Swift.h -working-directory /Users/runner/work/safe-link-v2/safe-link-v2/apps/mobile/ios/App/App.xcodeproj -experimental-emit-module-separately -disable-cmo

SwiftDriver PreferencesPlugin normal x86_64 com.apple.xcode.tools.swift.compiler (in target 'PreferencesPlugin' from project 'CapacitorPreferences')
    cd /Users/runner/work/safe-link-v2/safe-link-v2/apps/mobile/ios/App/App.xcodeproj
    builtin-SwiftDriver -- /Applications/Xcode_26.5.app/Contents/Developer/Toolchains/XcodeDefault.xctoolchain/usr/bin/swiftc -module-name PreferencesPlugin -Onone @/Users/runner/work/safe-link-v2/safe-link-v2/.tmp/ios-derived-data/Build/Intermediates.noindex/CapacitorPreferences.build/Debug-iphonesimulator/PreferencesPlugin.build/Objects-normal/x86_64/PreferencesPlugin.SwiftFileList -DSWIFT_PACKAGE -DDEBUG -DSWIFT_MODULE_RESOURCE_BUNDLE_UNAVAILABLE -DXcode -plugin-path /Applications/Xcode_26.5.app/Contents/Developer/Toolchains/XcodeDefault.xctoolchain/usr/lib/swift/host/plugins/testing -enable-experimental-feature DebugDescriptionMacro -sdk /Applications/Xcode_26.5.app/Contents/Developer/Platforms/iPhoneSimulator.platform/Developer/SDKs/iPhoneSimulator26.5.sdk -target x86_64-apple-ios15.0-simulator -g -module-cache-path /Users/runner/work/safe-link-v2/safe-link-v2/.tmp/ios-derived-data/ModuleCache.noindex -Xfrontend -serialize-debugging-options -enable-testing -suppress-warnings -index-store-path /Users/runner/work/safe-link-v2/safe-link-v2/.tmp/ios-derived-data/Index.noindex/DataStore -Xcc -D_LIBCPP_HARDENING_MODE\=_LIBCPP_HARDENING_MODE_DEBUG -swift-version 5 -I /Users/runner/work/safe-link-v2/safe-link-v2/.tmp/ios-derived-data/Build/Products/Debug-iphonesimulator -Isystem /Applications/Xcode_26.5.app/Contents/Developer/Platforms/iPhoneSimulator.platform/Developer/usr/lib -F /Users/runner/work/safe-link-v2/safe-link-v2/.tmp/ios-derived-data/Build/Products/Debug-iphonesimulator -F /Applications/Xcode_26.5.app/Contents/Developer/Platforms/iPhoneSimulator.platform/Developer/Library/Frameworks -F /Applications/Xcode_26.5.app/Contents/Developer/Platforms/iPhoneSimulator.platform/Developer/SDKs/iPhoneSimulator26.5.sdk/Developer/Library/Frameworks -c -j3 -enable-batch-mode -incremental -Xcc -ivfsstatcache -Xcc /Users/runner/work/safe-link-v2/safe-link-v2/.tmp/ios-derived-data/SDKStatCaches.noindex/iphonesimulator26.5-23F73-688ef53f1462e2c8f657fdc38a81448ffb7d586738ff35573a713a18216ade27.sdkstatcache -output-file-map /Users/runner/work/safe-link-v2/safe-link-v2/.tmp/ios-derived-data/Build/Intermediates.noindex/CapacitorPreferences.build/Debug-iphonesimulator/PreferencesPlugin.build/Objects-normal/x86_64/PreferencesPlugin-OutputFileMap.json -use-frontend-parseable-output -save-temps -no-color-diagnostics -explicit-module-build -module-cache-path /Users/runner/work/safe-link-v2/safe-link-v2/.tmp/ios-derived-data/Build/Intermediates.noindex/SwiftExplicitPrecompiledModules -clang-scanner-module-cache-path /Users/runner/work/safe-link-v2/safe-link-v2/.tmp/ios-derived-data/ModuleCache.noindex -sdk-module-cache-path /Users/runner/work/safe-link-v2/safe-link-v2/.tmp/ios-derived-data/ModuleCache.noindex -serialize-diagnostics -emit-dependencies -emit-module -emit-module-path /Users/runner/work/safe-link-v2/safe-link-v2/.tmp/ios-derived-data/Build/Intermediates.noindex/CapacitorPreferences.build/Debug-iphonesimulator/PreferencesPlugin.build/Objects-normal/x86_64/PreferencesPlugin.swiftmodule -validate-clang-modules-once -clang-build-session-file /Users/runner/work/safe-link-v2/safe-link-v2/.tmp/ios-derived-data/ModuleCache.noindex/Session.modulevalidation -package-name preferences -Xcc -I/Users/runner/work/safe-link-v2/safe-link-v2/.tmp/ios-derived-data/Build/Intermediates.noindex/CapacitorPreferences.build/Debug-iphonesimulator/PreferencesPlugin.build/swift-overrides.hmap -emit-const-values -Xfrontend -const-gather-protocols-file -Xfrontend /Users/runner/work/safe-link-v2/safe-link-v2/.tmp/ios-derived-data/Build/Intermediates.noindex/CapacitorPreferences.build/Debug-iphonesimulator/PreferencesPlugin.build/Objects-normal/x86_64/PreferencesPlugin_const_extract_protocols.json -Xcc -I/Users/runner/work/safe-link-v2/safe-link-v2/.tmp/ios-derived-data/Build/Products/Debug-iphonesimulator/include -Xcc -I/Users/runner/work/safe-link-v2/safe-link-v2/.tmp/ios-derived-data/Build/Intermediates.noindex/CapacitorPreferences.build/Debug-iphonesimulator/PreferencesPlugin.build/DerivedSources-normal/x86_64 -Xcc -I/Users/runner/work/safe-link-v2/safe-link-v2/.tmp/ios-derived-data/Build/Intermediates.noindex/CapacitorPreferences.build/Debug-iphonesimulator/PreferencesPlugin.build/DerivedSources/x86_64 -Xcc -I/Users/runner/work/safe-link-v2/safe-link-v2/.tmp/ios-derived-data/Build/Intermediates.noindex/CapacitorPreferences.build/Debug-iphonesimulator/PreferencesPlugin.build/DerivedSources -Xcc -DSWIFT_PACKAGE -Xcc -DDEBUG\=1 -emit-objc-header -emit-objc-header-path /Users/runner/work/safe-link-v2/safe-link-v2/.tmp/ios-derived-data/Build/Intermediates.noindex/CapacitorPreferences.build/Debug-iphonesimulator/PreferencesPlugin.build/Objects-normal/x86_64/PreferencesPlugin-Swift.h -working-directory /Users/runner/work/safe-link-v2/safe-link-v2/apps/mobile/ios/App/App.xcodeproj -experimental-emit-module-separately -disable-cmo

SwiftDriver LocalNotificationsPlugin normal arm64 com.apple.xcode.tools.swift.compiler (in target 'LocalNotificationsPlugin' from project 'CapacitorLocalNotifications')
    cd /Users/runner/work/safe-link-v2/safe-link-v2/apps/mobile/ios/App/App.xcodeproj
    builtin-SwiftDriver -- /Applications/Xcode_26.5.app/Contents/Developer/Toolchains/XcodeDefault.xctoolchain/usr/bin/swiftc -module-name LocalNotificationsPlugin -Onone @/Users/runner/work/safe-link-v2/safe-link-v2/.tmp/ios-derived-data/Build/Intermediates.noindex/CapacitorLocalNotifications.build/Debug-iphonesimulator/LocalNotificationsPlugin.build/Objects-normal/arm64/LocalNotificationsPlugin.SwiftFileList -DSWIFT_PACKAGE -DDEBUG -DSWIFT_MODULE_RESOURCE_BUNDLE_UNAVAILABLE -DXcode -plugin-path /Applications/Xcode_26.5.app/Contents/Developer/Toolchains/XcodeDefault.xctoolchain/usr/lib/swift/host/plugins/testing -enable-experimental-feature DebugDescriptionMacro -sdk /Applications/Xcode_26.5.app/Contents/Developer/Platforms/iPhoneSimulator.platform/Developer/SDKs/iPhoneSimulator26.5.sdk -target arm64-apple-ios15.0-simulator -g -module-cache-path /Users/runner/work/safe-link-v2/safe-link-v2/.tmp/ios-derived-data/ModuleCache.noindex -Xfrontend -serialize-debugging-options -enable-testing -suppress-warnings -index-store-path /Users/runner/work/safe-link-v2/safe-link-v2/.tmp/ios-derived-data/Index.noindex/DataStore -Xcc -D_LIBCPP_HARDENING_MODE\=_LIBCPP_HARDENING_MODE_DEBUG -swift-version 5 -I /Users/runner/work/safe-link-v2/safe-link-v2/.tmp/ios-derived-data/Build/Products/Debug-iphonesimulator -Isystem /Applications/Xcode_26.5.app/Contents/Developer/Platforms/iPhoneSimulator.platform/Developer/usr/lib -F /Users/runner/work/safe-link-v2/safe-link-v2/.tmp/ios-derived-data/Build/Products/Debug-iphonesimulator -F /Applications/Xcode_26.5.app/Contents/Developer/Platforms/iPhoneSimulator.platform/Developer/Library/Frameworks -F /Applications/Xcode_26.5.app/Contents/Developer/Platforms/iPhoneSimulator.platform/Developer/SDKs/iPhoneSimulator26.5.sdk/Developer/Library/Frameworks -c -j3 -enable-batch-mode -incremental -Xcc -ivfsstatcache -Xcc /Users/runner/work/safe-link-v2/safe-link-v2/.tmp/ios-derived-data/SDKStatCaches.noindex/iphonesimulator26.5-23F73-688ef53f1462e2c8f657fdc38a81448ffb7d586738ff35573a713a18216ade27.sdkstatcache -output-file-map /Users/runner/work/safe-link-v2/safe-link-v2/.tmp/ios-derived-data/Build/Intermediates.noindex/CapacitorLocalNotifications.build/Debug-iphonesimulator/LocalNotificationsPlugin.build/Objects-normal/arm64/LocalNotificationsPlugin-OutputFileMap.json -use-frontend-parseable-output -save-temps -no-color-diagnostics -explicit-module-build -module-cache-path /Users/runner/work/safe-link-v2/safe-link-v2/.tmp/ios-derived-data/Build/Intermediates.noindex/SwiftExplicitPrecompiledModules -clang-scanner-module-cache-path /Users/runner/work/safe-link-v2/safe-link-v2/.tmp/ios-derived-data/ModuleCache.noindex -sdk-module-cache-path /Users/runner/work/safe-link-v2/safe-link-v2/.tmp/ios-derived-data/ModuleCache.noindex -serialize-diagnostics -emit-dependencies -emit-module -emit-module-path /Users/runner/work/safe-link-v2/safe-link-v2/.tmp/ios-derived-data/Build/Intermediates.noindex/CapacitorLocalNotifications.build/Debug-iphonesimulator/LocalNotificationsPlugin.build/Objects-normal/arm64/LocalNotificationsPlugin.swiftmodule -validate-clang-modules-once -clang-build-session-file /Users/runner/work/safe-link-v2/safe-link-v2/.tmp/ios-derived-data/ModuleCache.noindex/Session.modulevalidation -package-name local_notifications -Xcc -I/Users/runner/work/safe-link-v2/safe-link-v2/.tmp/ios-derived-data/Build/Intermediates.noindex/CapacitorLocalNotifications.build/Debug-iphonesimulator/LocalNotificationsPlugin.build/swift-overrides.hmap -emit-const-values -Xfrontend -const-gather-protocols-file -Xfrontend /Users/runner/work/safe-link-v2/safe-link-v2/.tmp/ios-derived-data/Build/Intermediates.noindex/CapacitorLocalNotifications.build/Debug-iphonesimulator/LocalNotificationsPlugin.build/Objects-normal/arm64/LocalNotificationsPlugin_const_extract_protocols.json -Xcc -I/Users/runner/work/safe-link-v2/safe-link-v2/.tmp/ios-derived-data/Build/Products/Debug-iphonesimulator/include -Xcc -I/Users/runner/work/safe-link-v2/safe-link-v2/.tmp/ios-derived-data/Build/Intermediates.noindex/CapacitorLocalNotifications.build/Debug-iphonesimulator/LocalNotificationsPlugin.build/DerivedSources-normal/arm64 -Xcc -I/Users/runner/work/safe-link-v2/safe-link-v2/.tmp/ios-derived-data/Build/Intermediates.noindex/CapacitorLocalNotifications.build/Debug-iphonesimulator/LocalNotificationsPlugin.build/DerivedSources/arm64 -Xcc -I/Users/runner/work/safe-link-v2/safe-link-v2/.tmp/ios-derived-data/Build/Intermediates.noindex/CapacitorLocalNotifications.build/Debug-iphonesimulator/LocalNotificationsPlugin.build/DerivedSources -Xcc -DSWIFT_PACKAGE -Xcc -DDEBUG\=1 -emit-objc-header -emit-objc-header-path /Users/runner/work/safe-link-v2/safe-link-v2/.tmp/ios-derived-data/Build/Intermediates.noindex/CapacitorLocalNotifications.build/Debug-iphonesimulator/LocalNotificationsPlugin.build/Objects-normal/arm64/LocalNotificationsPlugin-Swift.h -working-directory /Users/runner/work/safe-link-v2/safe-link-v2/apps/mobile/ios/App/App.xcodeproj -experimental-emit-module-separately -disable-cmo

SwiftDriver LocalNotificationsPlugin normal x86_64 com.apple.xcode.tools.swift.compiler (in target 'LocalNotificationsPlugin' from project 'CapacitorLocalNotifications')
    cd /Users/runner/work/safe-link-v2/safe-link-v2/apps/mobile/ios/App/App.xcodeproj
    builtin-SwiftDriver -- /Applications/Xcode_26.5.app/Contents/Developer/Toolchains/XcodeDefault.xctoolchain/usr/bin/swiftc -module-name LocalNotificationsPlugin -Onone @/Users/runner/work/safe-link-v2/safe-link-v2/.tmp/ios-derived-data/Build/Intermediates.noindex/CapacitorLocalNotifications.build/Debug-iphonesimulator/LocalNotificationsPlugin.build/Objects-normal/x86_64/LocalNotificationsPlugin.SwiftFileList -DSWIFT_PACKAGE -DDEBUG -DSWIFT_MODULE_RESOURCE_BUNDLE_UNAVAILABLE -DXcode -plugin-path /Applications/Xcode_26.5.app/Contents/Developer/Toolchains/XcodeDefault.xctoolchain/usr/lib/swift/host/plugins/testing -enable-experimental-feature DebugDescriptionMacro -sdk /Applications/Xcode_26.5.app/Contents/Developer/Platforms/iPhoneSimulator.platform/Developer/SDKs/iPhoneSimulator26.5.sdk -target x86_64-apple-ios15.0-simulator -g -module-cache-path /Users/runner/work/safe-link-v2/safe-link-v2/.tmp/ios-derived-data/ModuleCache.noindex -Xfrontend -serialize-debugging-options -enable-testing -suppress-warnings -index-store-path /Users/runner/work/safe-link-v2/safe-link-v2/.tmp/ios-derived-data/Index.noindex/DataStore -Xcc -D_LIBCPP_HARDENING_MODE\=_LIBCPP_HARDENING_MODE_DEBUG -swift-version 5 -I /Users/runner/work/safe-link-v2/safe-link-v2/.tmp/ios-derived-data/Build/Products/Debug-iphonesimulator -Isystem /Applications/Xcode_26.5.app/Contents/Developer/Platforms/iPhoneSimulator.platform/Developer/usr/lib -F /Users/runner/work/safe-link-v2/safe-link-v2/.tmp/ios-derived-data/Build/Products/Debug-iphonesimulator -F /Applications/Xcode_26.5.app/Contents/Developer/Platforms/iPhoneSimulator.platform/Developer/Library/Frameworks -F /Applications/Xcode_26.5.app/Contents/Developer/Platforms/iPhoneSimulator.platform/Developer/SDKs/iPhoneSimulator26.5.sdk/Developer/Library/Frameworks -c -j3 -enable-batch-mode -incremental -Xcc -ivfsstatcache -Xcc /Users/runner/work/safe-link-v2/safe-link-v2/.tmp/ios-derived-data/SDKStatCaches.noindex/iphonesimulator26.5-23F73-688ef53f1462e2c8f657fdc38a81448ffb7d586738ff35573a713a18216ade27.sdkstatcache -output-file-map /Users/runner/work/safe-link-v2/safe-link-v2/.tmp/ios-derived-data/Build/Intermediates.noindex/CapacitorLocalNotifications.build/Debug-iphonesimulator/LocalNotificationsPlugin.build/Objects-normal/x86_64/LocalNotificationsPlugin-OutputFileMap.json -use-frontend-parseable-output -save-temps -no-color-diagnostics -explicit-module-build -module-cache-path /Users/runner/work/safe-link-v2/safe-link-v2/.tmp/ios-derived-data/Build/Intermediates.noindex/SwiftExplicitPrecompiledModules -clang-scanner-module-cache-path /Users/runner/work/safe-link-v2/safe-link-v2/.tmp/ios-derived-data/ModuleCache.noindex -sdk-module-cache-path /Users/runner/work/safe-link-v2/safe-link-v2/.tmp/ios-derived-data/ModuleCache.noindex -serialize-diagnostics -emit-dependencies -emit-module -emit-module-path /Users/runner/work/safe-link-v2/safe-link-v2/.tmp/ios-derived-data/Build/Intermediates.noindex/CapacitorLocalNotifications.build/Debug-iphonesimulator/LocalNotificationsPlugin.build/Objects-normal/x86_64/LocalNotificationsPlugin.swiftmodule -validate-clang-modules-once -clang-build-session-file /Users/runner/work/safe-link-v2/safe-link-v2/.tmp/ios-derived-data/ModuleCache.noindex/Session.modulevalidation -package-name local_notifications -Xcc -I/Users/runner/work/safe-link-v2/safe-link-v2/.tmp/ios-derived-data/Build/Intermediates.noindex/CapacitorLocalNotifications.build/Debug-iphonesimulator/LocalNotificationsPlugin.build/swift-overrides.hmap -emit-const-values -Xfrontend -const-gather-protocols-file -Xfrontend /Users/runner/work/safe-link-v2/safe-link-v2/.tmp/ios-derived-data/Build/Intermediates.noindex/CapacitorLocalNotifications.build/Debug-iphonesimulator/LocalNotificationsPlugin.build/Objects-normal/x86_64/LocalNotificationsPlugin_const_extract_protocols.json -Xcc -I/Users/runner/work/safe-link-v2/safe-link-v2/.tmp/ios-derived-data/Build/Products/Debug-iphonesimulator/include -Xcc -I/Users/runner/work/safe-link-v2/safe-link-v2/.tmp/ios-derived-data/Build/Intermediates.noindex/CapacitorLocalNotifications.build/Debug-iphonesimulator/LocalNotificationsPlugin.build/DerivedSources-normal/x86_64 -Xcc -I/Users/runner/work/safe-link-v2/safe-link-v2/.tmp/ios-derived-data/Build/Intermediates.noindex/CapacitorLocalNotifications.build/Debug-iphonesimulator/LocalNotificationsPlugin.build/DerivedSources/x86_64 -Xcc -I/Users/runner/work/safe-link-v2/safe-link-v2/.tmp/ios-derived-data/Build/Intermediates.noindex/CapacitorLocalNotifications.build/Debug-iphonesimulator/LocalNotificationsPlugin.build/DerivedSources -Xcc -DSWIFT_PACKAGE -Xcc -DDEBUG\=1 -emit-objc-header -emit-objc-header-path /Users/runner/work/safe-link-v2/safe-link-v2/.tmp/ios-derived-data/Build/Intermediates.noindex/CapacitorLocalNotifications.build/Debug-iphonesimulator/LocalNotificationsPlugin.build/Objects-normal/x86_64/LocalNotificationsPlugin-Swift.h -working-directory /Users/runner/work/safe-link-v2/safe-link-v2/apps/mobile/ios/App/App.xcodeproj -experimental-emit-module-separately -disable-cmo

SwiftExplicitDependencyGeneratePcm x86_64 /Users/runner/work/safe-link-v2/safe-link-v2/.tmp/ios-derived-data/ModuleCache.noindex/_Builtin_stdbool-4Z0ZAW32VQAHXJG0E35TD1TIP.pcm

SwiftExplicitDependencyGeneratePcm arm64 /Users/runner/work/safe-link-v2/safe-link-v2/.tmp/ios-derived-data/ModuleCache.noindex/SwiftShims-2J9XHQ70TI63RVW5KCY9GGKFQ.pcm

SwiftExplicitDependencyGeneratePcm arm64 /Users/runner/work/safe-link-v2/safe-link-v2/.tmp/ios-derived-data/ModuleCache.noindex/ptrauth-EWTM772WJPBZ8MZM28AHMAL7.pcm

SwiftExplicitDependencyGeneratePcm arm64 /Users/runner/work/safe-link-v2/safe-link-v2/.tmp/ios-derived-data/ModuleCache.noindex/DeveloperToolsSupport-7XE5SVQMZK6DUU0EMDR2JDQZ3.pcm

SwiftExplicitDependencyGeneratePcm x86_64 /Users/runner/work/safe-link-v2/safe-link-v2/.tmp/ios-derived-data/ModuleCache.noindex/_Builtin_stddef-CLPGACFRQ1M43X7H4Y82KS4XP.pcm

SwiftExplicitDependencyGeneratePcm x86_64 /Users/runner/work/safe-link-v2/safe-link-v2/.tmp/ios-derived-data/ModuleCache.noindex/_Builtin_float-77NHUL0BUP747TY5B31N78UOZ.pcm

SwiftExplicitDependencyGeneratePcm x86_64 /Users/runner/work/safe-link-v2/safe-link-v2/.tmp/ios-derived-data/ModuleCache.noindex/ptrauth-2XO2MTMFIZOATHW5WPU7LGT9G.pcm

SwiftExplicitDependencyGeneratePcm arm64 /Users/runner/work/safe-link-v2/safe-link-v2/.tmp/ios-derived-data/ModuleCache.noindex/_Builtin_stdarg-DEQAA49RZ09P3N8QB5ICKG6H2.pcm

SwiftExplicitDependencyGeneratePcm x86_64 /Users/runner/work/safe-link-v2/safe-link-v2/.tmp/ios-derived-data/ModuleCache.noindex/_SwiftConcurrencyShims-DBNKYCC47H1W97ZQSFUNRYDUM.pcm

SwiftExplicitDependencyGeneratePcm arm64 /Users/runner/work/safe-link-v2/safe-link-v2/.tmp/ios-derived-data/ModuleCache.noindex/_Builtin_stddef-1M4RCVFM2W5H4DWCX8EWY1LC4.pcm

SwiftExplicitDependencyGeneratePcm arm64 /Users/runner/work/safe-link-v2/safe-link-v2/.tmp/ios-derived-data/ModuleCache.noindex/ptrcheck-AGJ4ZCQQYR0GGNV86M4CPLTZN.pcm

SwiftExplicitDependencyGeneratePcm x86_64 /Users/runner/work/safe-link-v2/safe-link-v2/.tmp/ios-derived-data/ModuleCache.noindex/_AvailabilityInternal-CT7ROCXVTN5TMJ4NY7Z2X4SP4.pcm

SwiftExplicitDependencyGeneratePcm arm64 /Users/runner/work/safe-link-v2/safe-link-v2/.tmp/ios-derived-data/ModuleCache.noindex/_AvailabilityInternal-AQLVCT6OJHHH3E6TOZ01P3W40.pcm

SwiftExplicitDependencyGeneratePcm arm64 /Users/runner/work/safe-link-v2/safe-link-v2/.tmp/ios-derived-data/ModuleCache.noindex/_Builtin_float-EFMAD04ASWZNF8IV9W3C1NL7T.pcm

SwiftExplicitDependencyGeneratePcm x86_64 /Users/runner/work/safe-link-v2/safe-link-v2/.tmp/ios-derived-data/ModuleCache.noindex/DeveloperToolsSupport-C66JUXBF09V966GQ4SLE8VLVO.pcm

SwiftExplicitDependencyGeneratePcm arm64 /Users/runner/work/safe-link-v2/safe-link-v2/.tmp/ios-derived-data/ModuleCache.noindex/_DarwinFoundation1-1LRT0VWS7ELFQNSSRPEP62OGH.pcm

SwiftExplicitDependencyGeneratePcm arm64 /Users/runner/work/safe-link-v2/safe-link-v2/.tmp/ios-derived-data/ModuleCache.noindex/_SwiftConcurrencyShims-6ZSHB36I3GOEA5CXPBZVK8T8R.pcm

SwiftExplicitDependencyGeneratePcm x86_64 /Users/runner/work/safe-link-v2/safe-link-v2/.tmp/ios-derived-data/ModuleCache.noindex/_Builtin_stdarg-5H69TXETTU11RWGCKKB5HH3LO.pcm

SwiftExplicitDependencyGeneratePcm x86_64 /Users/runner/work/safe-link-v2/safe-link-v2/.tmp/ios-derived-data/ModuleCache.noindex/SwiftShims-8GJZ2OSQ3AM90RWX0J5S0OSXN.pcm

SwiftExplicitDependencyGeneratePcm arm64 /Users/runner/work/safe-link-v2/safe-link-v2/.tmp/ios-derived-data/ModuleCache.noindex/_DarwinFoundation2-51SHNNELYZUUAI0O72JVND7P3.pcm

SwiftExplicitDependencyGeneratePcm arm64 /Users/runner/work/safe-link-v2/safe-link-v2/.tmp/ios-derived-data/ModuleCache.noindex/_Builtin_limits-3PAPE4SXPYHLXTPZ1KED59I14.pcm

SwiftExplicitDependencyGeneratePcm arm64 /Users/runner/work/safe-link-v2/safe-link-v2/.tmp/ios-derived-data/ModuleCache.noindex/_Builtin_stdbool-CRNFRU8KG2ZAK5O6W4VH0HGKC.pcm

SwiftExplicitDependencyGeneratePcm x86_64 /Users/runner/work/safe-link-v2/safe-link-v2/.tmp/ios-derived-data/ModuleCache.noindex/ptrcheck-B7UQUKW9FAOV0I10HB16SQTZ8.pcm

SwiftExplicitDependencyGeneratePcm arm64 /Users/runner/work/safe-link-v2/safe-link-v2/.tmp/ios-derived-data/ModuleCache.noindex/_Builtin_stdint-CJMJHJD4DPF5HOTVKLDS397ES.pcm

SwiftExplicitDependencyGeneratePcm arm64 /Users/runner/work/safe-link-v2/safe-link-v2/.tmp/ios-derived-data/ModuleCache.noindex/_Builtin_tgmath-50G9EGB71OMEPJDGT51P8XRXH.pcm

SwiftExplicitDependencyGeneratePcm arm64 /Users/runner/work/safe-link-v2/safe-link-v2/.tmp/ios-derived-data/ModuleCache.noindex/sys_types-6Y193LIL8ZASALUR1FQIBH3O8.pcm

SwiftExplicitDependencyGeneratePcm x86_64 /Users/runner/work/safe-link-v2/safe-link-v2/.tmp/ios-derived-data/ModuleCache.noindex/_DarwinFoundation1-3WPJ1EOJEYVKVSQD1VZHOJ286.pcm

SwiftExplicitDependencyGeneratePcm arm64 /Users/runner/work/safe-link-v2/safe-link-v2/.tmp/ios-derived-data/ModuleCache.noindex/_DarwinFoundation3-9BMD1MHO942Q8Y38GSPAG19YH.pcm

SwiftExplicitDependencyGeneratePcm arm64 /Users/runner/work/safe-link-v2/safe-link-v2/.tmp/ios-derived-data/ModuleCache.noindex/_Builtin_intrinsics-AJ7Z1WW0QE0RC54JZPVSHLLWO.pcm

SwiftExplicitDependencyGeneratePcm arm64 /Users/runner/work/safe-link-v2/safe-link-v2/.tmp/ios-derived-data/ModuleCache.noindex/_Builtin_stdatomic-3O9R23NRRBO2A70LYLR78QB13.pcm

SwiftExplicitDependencyGeneratePcm x86_64 /Users/runner/work/safe-link-v2/safe-link-v2/.tmp/ios-derived-data/ModuleCache.noindex/_Builtin_limits-4ZVDZ0XQPWMYWPLQ1K7B39SO5.pcm

SwiftExplicitDependencyGeneratePcm x86_64 /Users/runner/work/safe-link-v2/safe-link-v2/.tmp/ios-derived-data/ModuleCache.noindex/_DarwinFoundation2-AIDHPQP4BWXCYVI5X7C7P3KYE.pcm

SwiftExplicitDependencyGeneratePcm arm64 /Users/runner/work/safe-link-v2/safe-link-v2/.tmp/ios-derived-data/ModuleCache.noindex/CommonCrypto-8KDEK8MRE0F0SDUXE87GL8Z9U.pcm

SwiftExplicitDependencyGeneratePcm arm64 /Users/runner/work/safe-link-v2/safe-link-v2/.tmp/ios-derived-data/ModuleCache.noindex/_Builtin_inttypes-8PLC0HUMURUAUSJWOTP79FEKO.pcm

SwiftExplicitDependencyGeneratePcm x86_64 /Users/runner/work/safe-link-v2/safe-link-v2/.tmp/ios-derived-data/ModuleCache.noindex/_Builtin_stdint-45YNXXN0KD22KSJJ7TY2XG8H7.pcm

SwiftExplicitDependencyGeneratePcm x86_64 /Users/runner/work/safe-link-v2/safe-link-v2/.tmp/ios-derived-data/ModuleCache.noindex/sys_types-6LQOAB1VDOXWMUKB4VIU0G5Z3.pcm

SwiftExplicitDependencyGeneratePcm x86_64 /Users/runner/work/safe-link-v2/safe-link-v2/.tmp/ios-derived-data/ModuleCache.noindex/_Builtin_tgmath-8VLGKNYJX8BNZSSXOO4TFEB8J.pcm

SwiftExplicitDependencyGeneratePcm arm64 /Users/runner/work/safe-link-v2/safe-link-v2/.tmp/ios-derived-data/ModuleCache.noindex/Darwin-5LBS9HXVTOPX34YPKJPUIZ0GF.pcm

SwiftExplicitDependencyGeneratePcm x86_64 /Users/runner/work/safe-link-v2/safe-link-v2/.tmp/ios-derived-data/ModuleCache.noindex/_DarwinFoundation3-7I1SF0TCHBTZQA0WLTNQ6NCMT.pcm

SwiftExplicitDependencyGeneratePcm arm64 /Users/runner/work/safe-link-v2/safe-link-v2/.tmp/ios-derived-data/ModuleCache.noindex/simd-63H8MZFKFOJBGMNDHL4SYR1XQ.pcm

SwiftExplicitDependencyGeneratePcm x86_64 /Users/runner/work/safe-link-v2/safe-link-v2/.tmp/ios-derived-data/ModuleCache.noindex/_Builtin_stdatomic-47EM7YMXB07U0N8PAW45B8LA7.pcm

SwiftExplicitDependencyGeneratePcm x86_64 /Users/runner/work/safe-link-v2/safe-link-v2/.tmp/ios-derived-data/ModuleCache.noindex/_Builtin_inttypes-5GP2JEJR9QH7EM4TLU3IAXMKA.pcm

SwiftExplicitDependencyGeneratePcm x86_64 /Users/runner/work/safe-link-v2/safe-link-v2/.tmp/ios-derived-data/ModuleCache.noindex/_Builtin_intrinsics-CTBW6CGLT6HUJ0VJHOBHB9JGB.pcm

SwiftExplicitDependencyGeneratePcm x86_64 /Users/runner/work/safe-link-v2/safe-link-v2/.tmp/ios-derived-data/ModuleCache.noindex/Darwin-8BANTNTYS15NZUDFJET8WQZZ1.pcm

SwiftExplicitDependencyGeneratePcm arm64 /Users/runner/work/safe-link-v2/safe-link-v2/.tmp/ios-derived-data/ModuleCache.noindex/ObjectiveC-L61I3XV4H73NUATRDW7KY1M5.pcm

SwiftExplicitDependencyGeneratePcm arm64 /Users/runner/work/safe-link-v2/safe-link-v2/.tmp/ios-derived-data/ModuleCache.noindex/MachO-9AFK66GHY6HKC7RTKV3NXJLYL.pcm

SwiftExplicitDependencyGeneratePcm arm64 /Users/runner/work/safe-link-v2/safe-link-v2/.tmp/ios-derived-data/ModuleCache.noindex/Spatial-AQZTJ9PMFJNCBY3LRTQTOH67F.pcm

SwiftExplicitDependencyGeneratePcm x86_64 /Users/runner/work/safe-link-v2/safe-link-v2/.tmp/ios-derived-data/ModuleCache.noindex/ObjectiveC-8GTD3EU1ORZ6DFYF69JJ3VESG.pcm

SwiftExplicitDependencyGeneratePcm x86_64 /Users/runner/work/safe-link-v2/safe-link-v2/.tmp/ios-derived-data/ModuleCache.noindex/MachO-1LWL5CSOFNTWSK05LO4VN8L8C.pcm

SwiftExplicitDependencyGeneratePcm arm64 /Users/runner/work/safe-link-v2/safe-link-v2/.tmp/ios-derived-data/ModuleCache.noindex/os_object-1M69A5W3307WWHZRYCLYW08XU.pcm

SwiftExplicitDependencyGeneratePcm x86_64 /Users/runner/work/safe-link-v2/safe-link-v2/.tmp/ios-derived-data/ModuleCache.noindex/os_object-8R9Q8RH3Y1PQODMEK12EN6ZOZ.pcm

SwiftExplicitDependencyGeneratePcm x86_64 /Users/runner/work/safe-link-v2/safe-link-v2/.tmp/ios-derived-data/ModuleCache.noindex/simd-3JME1AA6U6X87JQXR7UXOL5I6.pcm

SwiftExplicitDependencyGeneratePcm x86_64 /Users/runner/work/safe-link-v2/safe-link-v2/.tmp/ios-derived-data/ModuleCache.noindex/CommonCrypto-283F80SAMCOE2AZJYI7N9WJ6D.pcm

SwiftExplicitDependencyGeneratePcm arm64 /Users/runner/work/safe-link-v2/safe-link-v2/.tmp/ios-derived-data/ModuleCache.noindex/os_workgroup-6XIMTU6MQGICLF97TF3QMWM4.pcm

SwiftExplicitDependencyGeneratePcm x86_64 /Users/runner/work/safe-link-v2/safe-link-v2/.tmp/ios-derived-data/ModuleCache.noindex/os_workgroup-CE1KUOVUASUYFYK9IARMBEYVV.pcm

SwiftExplicitDependencyGeneratePcm arm64 /Users/runner/work/safe-link-v2/safe-link-v2/.tmp/ios-derived-data/ModuleCache.noindex/Dispatch-AISA2PM2K1Z4M3UAT2IW8DMMN.pcm

SwiftExplicitDependencyGeneratePcm x86_64 /Users/runner/work/safe-link-v2/safe-link-v2/.tmp/ios-derived-data/ModuleCache.noindex/Dispatch-DVFEF9GB6KVH60WLI2SSL620O.pcm

SwiftExplicitDependencyGeneratePcm arm64 /Users/runner/work/safe-link-v2/safe-link-v2/.tmp/ios-derived-data/ModuleCache.noindex/dnssd-827L1YNVZ94FIL26N5F33ANW4.pcm

SwiftExplicitDependencyGeneratePcm arm64 /Users/runner/work/safe-link-v2/safe-link-v2/.tmp/ios-derived-data/ModuleCache.noindex/XPC-5LFCQ6NHVNZGP9J48RNVVW4YP.pcm

SwiftExplicitDependencyGeneratePcm arm64 /Users/runner/work/safe-link-v2/safe-link-v2/.tmp/ios-derived-data/ModuleCache.noindex/CoreFoundation-DK8JRU4QQ8DZLET1PT38LM8JC.pcm

SwiftExplicitDependencyGeneratePcm x86_64 /Users/runner/work/safe-link-v2/safe-link-v2/.tmp/ios-derived-data/ModuleCache.noindex/CoreFoundation-LEH0NL6WQCV84O2KBVAFJGE5.pcm

SwiftExplicitDependencyGeneratePcm arm64 /Users/runner/work/safe-link-v2/safe-link-v2/.tmp/ios-derived-data/ModuleCache.noindex/os-CPP7VOS6CDNUNCVSU2WLY095X.pcm

SwiftExplicitDependencyGeneratePcm arm64 /Users/runner/work/safe-link-v2/safe-link-v2/.tmp/ios-derived-data/ModuleCache.noindex/CoreGraphics-BZJ7KEWTVXMXV4R5NNT17O64F.pcm

SwiftExplicitDependencyGeneratePcm arm64 /Users/runner/work/safe-link-v2/safe-link-v2/.tmp/ios-derived-data/ModuleCache.noindex/CFNetwork-99C12Q1QWUK45C98N1VJA7ICE.pcm

SwiftExplicitDependencyGeneratePcm x86_64 /Users/runner/work/safe-link-v2/safe-link-v2/.tmp/ios-derived-data/ModuleCache.noindex/CoreGraphics-ALSJNOCE83OJV5OEJD1AZEDJP.pcm

SwiftExplicitDependencyGeneratePcm x86_64 /Users/runner/work/safe-link-v2/safe-link-v2/.tmp/ios-derived-data/ModuleCache.noindex/CFNetwork-EGHBOZML5D15HQ06T4UX5JHP9.pcm

SwiftExplicitDependencyGeneratePcm x86_64 /Users/runner/work/safe-link-v2/safe-link-v2/.tmp/ios-derived-data/ModuleCache.noindex/Security-4D5N1FQCIJO08V39H9J4N9WOA.pcm

SwiftExplicitDependencyGeneratePcm arm64 /Users/runner/work/safe-link-v2/safe-link-v2/.tmp/ios-derived-data/ModuleCache.noindex/ImageIO-2FCBMHJVQ1O1MDV28G2C7AXQW.pcm

SwiftExplicitDependencyGeneratePcm x86_64 /Users/runner/work/safe-link-v2/safe-link-v2/.tmp/ios-derived-data/ModuleCache.noindex/CoreText-391UANYVXZST0CI213XO2RL6S.pcm

SwiftExplicitDependencyGeneratePcm x86_64 /Users/runner/work/safe-link-v2/safe-link-v2/.tmp/ios-derived-data/ModuleCache.noindex/ImageIO-2L616V3RZ9GUZE24OP2TOXYN.pcm

SwiftExplicitDependencyGeneratePcm x86_64 /Users/runner/work/safe-link-v2/safe-link-v2/.tmp/ios-derived-data/ModuleCache.noindex/XPC-TJBAG249FHD4C2CGMA2ZV013.pcm

SwiftExplicitDependencyGeneratePcm arm64 /Users/runner/work/safe-link-v2/safe-link-v2/.tmp/ios-derived-data/ModuleCache.noindex/CoreText-5ROH7X1EHXUONJBZC4SQUQL3F.pcm

SwiftExplicitDependencyGeneratePcm x86_64 /Users/runner/work/safe-link-v2/safe-link-v2/.tmp/ios-derived-data/ModuleCache.noindex/Spatial-AVBB8T1WJUPSI4M1O2CNWTFOP.pcm

SwiftExplicitDependencyGeneratePcm arm64 /Users/runner/work/safe-link-v2/safe-link-v2/.tmp/ios-derived-data/ModuleCache.noindex/Security-A851RKKIGX8ZCFU9TPSQU1QDN.pcm

SwiftExplicitDependencyGeneratePcm x86_64 /Users/runner/work/safe-link-v2/safe-link-v2/.tmp/ios-derived-data/ModuleCache.noindex/os-BYBBU57L88K8FOPI1R1Y9MC0X.pcm

SwiftExplicitDependencyGeneratePcm x86_64 /Users/runner/work/safe-link-v2/safe-link-v2/.tmp/ios-derived-data/ModuleCache.noindex/Foundation-CQT53X55DHZZOUSLNDNWRKM7V.pcm

SwiftExplicitDependencyGeneratePcm arm64 /Users/runner/work/safe-link-v2/safe-link-v2/.tmp/ios-derived-data/ModuleCache.noindex/Foundation-470NYCKUIPPKLQDDNWM7FI67I.pcm

SwiftExplicitDependencyGeneratePcm x86_64 /Users/runner/work/safe-link-v2/safe-link-v2/.tmp/ios-derived-data/ModuleCache.noindex/dnssd-3KK1JFZK5XG91EZU3EUESR3TD.pcm

SwiftExplicitDependencyGeneratePcm x86_64 /Users/runner/work/safe-link-v2/safe-link-v2/.tmp/ios-derived-data/ModuleCache.noindex/UserNotifications-5I86Z7UL4023OEDH7BSIELUFK.pcm

SwiftExplicitDependencyGeneratePcm x86_64 /Users/runner/work/safe-link-v2/safe-link-v2/.tmp/ios-derived-data/ModuleCache.noindex/DataDetection-4LNDRP27GTNUBCPY4T3MRJ5VA.pcm

SwiftExplicitDependencyGeneratePcm x86_64 /Users/runner/work/safe-link-v2/safe-link-v2/.tmp/ios-derived-data/ModuleCache.noindex/Accessibility-93V03PPULPE2UPTFI8Q0LW5NJ.pcm

SwiftExplicitDependencyGeneratePcm arm64 /Users/runner/work/safe-link-v2/safe-link-v2/.tmp/ios-derived-data/ModuleCache.noindex/Symbols-DG12JD3LK4K14KYLRSM2HHSRY.pcm

SwiftExplicitDependencyGeneratePcm x86_64 /Users/runner/work/safe-link-v2/safe-link-v2/.tmp/ios-derived-data/ModuleCache.noindex/CoreTransferable-18AYEH9LQR4Z7X141UYJT0XCJ.pcm

SwiftExplicitDependencyGeneratePcm arm64 /Users/runner/work/safe-link-v2/safe-link-v2/.tmp/ios-derived-data/ModuleCache.noindex/DataDetection-6T297AHXO1SBQXMQKZPMG3CJ4.pcm

SwiftExplicitDependencyGeneratePcm arm64 /Users/runner/work/safe-link-v2/safe-link-v2/.tmp/ios-derived-data/ModuleCache.noindex/IOSurface-3QCQ56Z0E94LS5TLLICCX4T1J.pcm

SwiftExplicitDependencyGeneratePcm x86_64 /Users/runner/work/safe-link-v2/safe-link-v2/.tmp/ios-derived-data/ModuleCache.noindex/FileProvider-AUINN9PPEDUHT2B3W7MH8II4G.pcm

SwiftExplicitDependencyGeneratePcm x86_64 /Users/runner/work/safe-link-v2/safe-link-v2/.tmp/ios-derived-data/ModuleCache.noindex/OSLog-82KV4C4297O9C7EE8QU7NXMWG.pcm

SwiftExplicitDependencyGeneratePcm arm64 /Users/runner/work/safe-link-v2/safe-link-v2/.tmp/ios-derived-data/ModuleCache.noindex/UIUtilities-8FC3F02CTV9FRGFIC7O2LEGWP.pcm

SwiftExplicitDependencyGeneratePcm arm64 /Users/runner/work/safe-link-v2/safe-link-v2/.tmp/ios-derived-data/ModuleCache.noindex/Metal-BCXPY6C0SU4HTF9M2F0VWJK53.pcm

SwiftExplicitDependencyGeneratePcm x86_64 /Users/runner/work/safe-link-v2/safe-link-v2/.tmp/ios-derived-data/ModuleCache.noindex/UniformTypeIdentifiers-6E5I0BXV5ALW3EYCB0WT2UP6H.pcm

SwiftExplicitDependencyGeneratePcm arm64 /Users/runner/work/safe-link-v2/safe-link-v2/.tmp/ios-derived-data/ModuleCache.noindex/FileProvider-4O3UTX66F86VY9BIXPPQ508AU.pcm

SwiftExplicitDependencyGeneratePcm x86_64 /Users/runner/work/safe-link-v2/safe-link-v2/.tmp/ios-derived-data/ModuleCache.noindex/Symbols-DS4RI8PH6KEYUR5ERKOIK6PP7.pcm

SwiftExplicitDependencyGeneratePcm arm64 /Users/runner/work/safe-link-v2/safe-link-v2/.tmp/ios-derived-data/ModuleCache.noindex/OSLog-6NZ69SLDJI6ECZVL4IBJKNH2Z.pcm

SwiftExplicitDependencyGeneratePcm arm64 /Users/runner/work/safe-link-v2/safe-link-v2/.tmp/ios-derived-data/ModuleCache.noindex/Accessibility-2YLO739FMIYAD7Y5UA84UWSQS.pcm

SwiftExplicitDependencyGeneratePcm arm64 /Users/runner/work/safe-link-v2/safe-link-v2/.tmp/ios-derived-data/ModuleCache.noindex/UserNotifications-4EEJSW1T2V1A8P6A99XNNIMO1.pcm

SwiftExplicitDependencyGeneratePcm x86_64 /Users/runner/work/safe-link-v2/safe-link-v2/.tmp/ios-derived-data/ModuleCache.noindex/OpenGLES-E5OL2XV5XJXPK6VLVRYXRPSA5.pcm

SwiftExplicitDependencyGeneratePcm arm64 /Users/runner/work/safe-link-v2/safe-link-v2/.tmp/ios-derived-data/ModuleCache.noindex/OpenGLES-2V6J83P5C1977SW990EGIGQVS.pcm

SwiftExplicitDependencyGeneratePcm arm64 /Users/runner/work/safe-link-v2/safe-link-v2/.tmp/ios-derived-data/ModuleCache.noindex/Network-1XS8SVLSCCDATERWLLZITAGQA.pcm

SwiftExplicitDependencyGeneratePcm arm64 /Users/runner/work/safe-link-v2/safe-link-v2/.tmp/ios-derived-data/ModuleCache.noindex/UniformTypeIdentifiers-59P8K1DDPAZ3ZZT01ZM4429L9.pcm

SwiftExplicitDependencyGeneratePcm x86_64 /Users/runner/work/safe-link-v2/safe-link-v2/.tmp/ios-derived-data/ModuleCache.noindex/UIUtilities-2UIPVH7CUU6I2EGKKEWQL999.pcm

SwiftExplicitDependencyGeneratePcm arm64 /Users/runner/work/safe-link-v2/safe-link-v2/.tmp/ios-derived-data/ModuleCache.noindex/CoreVideo-1K6L9IQ7ZZMGLZNBTMJW0YTDP.pcm

SwiftExplicitDependencyGeneratePcm x86_64 /Users/runner/work/safe-link-v2/safe-link-v2/.tmp/ios-derived-data/ModuleCache.noindex/Network-C9RO5Y9AM0IUWRCWSIIJN597N.pcm

SwiftExplicitDependencyGeneratePcm arm64 /Users/runner/work/safe-link-v2/safe-link-v2/.tmp/ios-derived-data/ModuleCache.noindex/CoreTransferable-2AK01Y6FJUQD12RQ6DONUIRCZ.pcm

SwiftExplicitDependencyGeneratePcm x86_64 /Users/runner/work/safe-link-v2/safe-link-v2/.tmp/ios-derived-data/ModuleCache.noindex/IOSurface-5CTVWZSNK3IFN00T5RD5A1J9A.pcm

SwiftExplicitDependencyGeneratePcm arm64 /Users/runner/work/safe-link-v2/safe-link-v2/.tmp/ios-derived-data/ModuleCache.noindex/QuartzCore-C8HSHQSC5RL72YMQVN5C6F1YH.pcm

SwiftExplicitDependencyGeneratePcm arm64 /Users/runner/work/safe-link-v2/safe-link-v2/.tmp/ios-derived-data/ModuleCache.noindex/CoreImage-92O5V4NYP97ABVNZ84D0Y7XB6.pcm

SwiftExplicitDependencyGeneratePcm x86_64 /Users/runner/work/safe-link-v2/safe-link-v2/.tmp/ios-derived-data/ModuleCache.noindex/Metal-2QWMUCGJR6FU99L6BY8AXG2I0.pcm

SwiftExplicitDependencyGeneratePcm arm64 /Users/runner/work/safe-link-v2/safe-link-v2/.tmp/ios-derived-data/ModuleCache.noindex/SwiftUICore-5BTM8R0BK3L6U9PMRP5UD037N.pcm

SwiftExplicitDependencyGeneratePcm arm64 /Users/runner/work/safe-link-v2/safe-link-v2/.tmp/ios-derived-data/ModuleCache.noindex/UIKit-S94HOGO9TCX8MPIQWAAS96LQ.pcm

SwiftExplicitDependencyGeneratePcm x86_64 /Users/runner/work/safe-link-v2/safe-link-v2/.tmp/ios-derived-data/ModuleCache.noindex/CoreVideo-5P6ACOYM9XNRSRIQS1GB7JTOM.pcm

SwiftExplicitDependencyGeneratePcm x86_64 /Users/runner/work/safe-link-v2/safe-link-v2/.tmp/ios-derived-data/ModuleCache.noindex/QuartzCore-8AK9PN25904FOBMJ3Y4TOQ1KW.pcm

SwiftExplicitDependencyGeneratePcm x86_64 /Users/runner/work/safe-link-v2/safe-link-v2/.tmp/ios-derived-data/ModuleCache.noindex/CoreImage-8YWO1PII56LNO9JKIYDIAN6KR.pcm

SwiftExplicitDependencyGeneratePcm x86_64 /Users/runner/work/safe-link-v2/safe-link-v2/.tmp/ios-derived-data/ModuleCache.noindex/SwiftUICore-1MJFGRPT55G2WHYHDAG25ITCA.pcm

SwiftExplicitDependencyGeneratePcm x86_64 /Users/runner/work/safe-link-v2/safe-link-v2/.tmp/ios-derived-data/ModuleCache.noindex/UIKit-DK81C4UFU3IRZH90AVM93HG4T.pcm

SwiftExplicitDependencyGeneratePcm arm64 /Users/runner/work/safe-link-v2/safe-link-v2/.tmp/ios-derived-data/ModuleCache.noindex/WebKit-CW4FZVK4ND1X1DF6PXRVG83Y4.pcm

SwiftExplicitDependencyGeneratePcm arm64 /Users/runner/work/safe-link-v2/safe-link-v2/.tmp/ios-derived-data/Build/Intermediates.noindex/SwiftExplicitPrecompiledModules/Cordova-CNNRV46DDE4L1RTLYAH0IWR7X.pcm

SwiftExplicitDependencyGeneratePcm arm64 /Users/runner/work/safe-link-v2/safe-link-v2/.tmp/ios-derived-data/Build/Intermediates.noindex/SwiftExplicitPrecompiledModules/Capacitor-4XQNBGR1RKRXUXR00HR73KN2W.pcm

SwiftExplicitDependencyGeneratePcm x86_64 /Users/runner/work/safe-link-v2/safe-link-v2/.tmp/ios-derived-data/ModuleCache.noindex/WebKit-3TKEJ4FYVQQH0K5K7C808K9NS.pcm

SwiftExplicitDependencyCompileModuleFromInterface arm64 /Users/runner/work/safe-link-v2/safe-link-v2/.tmp/ios-derived-data/Build/Intermediates.noindex/SwiftExplicitPrecompiledModules/Capacitor-1O56QFIKFLDXU.swiftmodule

SwiftExplicitDependencyGeneratePcm x86_64 /Users/runner/work/safe-link-v2/safe-link-v2/.tmp/ios-derived-data/Build/Intermediates.noindex/SwiftExplicitPrecompiledModules/Cordova-Q2OXVAXTRRHGSDI42E4J2XO3.pcm

SwiftExplicitDependencyGeneratePcm x86_64 /Users/runner/work/safe-link-v2/safe-link-v2/.tmp/ios-derived-data/Build/Intermediates.noindex/SwiftExplicitPrecompiledModules/Capacitor-C25QEDEX6TJWSB66DB06EGCYC.pcm

SwiftExplicitDependencyCompileModuleFromInterface x86_64 /Users/runner/work/safe-link-v2/safe-link-v2/.tmp/ios-derived-data/Build/Intermediates.noindex/SwiftExplicitPrecompiledModules/Capacitor-BUQXOW7YTRXU.swiftmodule

SwiftEmitModule normal arm64 Emitting\ module\ for\ PreferencesPlugin (in target 'PreferencesPlugin' from project 'CapacitorPreferences')

EmitSwiftModule normal arm64 (in target 'PreferencesPlugin' from project 'CapacitorPreferences')
    cd /Users/runner/work/safe-link-v2/safe-link-v2/apps/mobile/ios/App/App.xcodeproj


SwiftEmitModule normal arm64 Emitting\ module\ for\ LocalNotificationsPlugin (in target 'LocalNotificationsPlugin' from project 'CapacitorLocalNotifications')

EmitSwiftModule normal arm64 (in target 'LocalNotificationsPlugin' from project 'CapacitorLocalNotifications')
    cd /Users/runner/work/safe-link-v2/safe-link-v2/apps/mobile/ios/App/App.xcodeproj


SwiftCompile normal arm64 Compiling\ PreferencesPlugin.swift /Users/runner/work/safe-link-v2/safe-link-v2/apps/mobile/node_modules/@capacitor/preferences/ios/Sources/PreferencesPlugin/PreferencesPlugin.swift (in target 'PreferencesPlugin' from project 'CapacitorPreferences')
SwiftCompile normal arm64 /Users/runner/work/safe-link-v2/safe-link-v2/apps/mobile/node_modules/@capacitor/preferences/ios/Sources/PreferencesPlugin/PreferencesPlugin.swift (in target 'PreferencesPlugin' from project 'CapacitorPreferences')
    cd /Users/runner/work/safe-link-v2/safe-link-v2/apps/mobile/ios/App/App.xcodeproj


SwiftDriverJobDiscovery normal arm64 Emitting module for PreferencesPlugin (in target 'PreferencesPlugin' from project 'CapacitorPreferences')

SwiftDriver\ Compilation\ Requirements PreferencesPlugin normal arm64 com.apple.xcode.tools.swift.compiler (in target 'PreferencesPlugin' from project 'CapacitorPreferences')
    cd /Users/runner/work/safe-link-v2/safe-link-v2/apps/mobile/ios/App/App.xcodeproj
    builtin-Swift-Compilation-Requirements -- /Applications/Xcode_26.5.app/Contents/Developer/Toolchains/XcodeDefault.xctoolchain/usr/bin/swiftc -module-name PreferencesPlugin -Onone @/Users/runner/work/safe-link-v2/safe-link-v2/.tmp/ios-derived-data/Build/Intermediates.noindex/CapacitorPreferences.build/Debug-iphonesimulator/PreferencesPlugin.build/Objects-normal/arm64/PreferencesPlugin.SwiftFileList -DSWIFT_PACKAGE -DDEBUG -DSWIFT_MODULE_RESOURCE_BUNDLE_UNAVAILABLE -DXcode -plugin-path /Applications/Xcode_26.5.app/Contents/Developer/Toolchains/XcodeDefault.xctoolchain/usr/lib/swift/host/plugins/testing -enable-experimental-feature DebugDescriptionMacro -sdk /Applications/Xcode_26.5.app/Contents/Developer/Platforms/iPhoneSimulator.platform/Developer/SDKs/iPhoneSimulator26.5.sdk -target arm64-apple-ios15.0-simulator -g -module-cache-path /Users/runner/work/safe-link-v2/safe-link-v2/.tmp/ios-derived-data/ModuleCache.noindex -Xfrontend -serialize-debugging-options -enable-testing -suppress-warnings -index-store-path /Users/runner/work/safe-link-v2/safe-link-v2/.tmp/ios-derived-data/Index.noindex/DataStore -Xcc -D_LIBCPP_HARDENING_MODE\=_LIBCPP_HARDENING_MODE_DEBUG -swift-version 5 -I /Users/runner/work/safe-link-v2/safe-link-v2/.tmp/ios-derived-data/Build/Products/Debug-iphonesimulator -Isystem /Applications/Xcode_26.5.app/Contents/Developer/Platforms/iPhoneSimulator.platform/Developer/usr/lib -F /Users/runner/work/safe-link-v2/safe-link-v2/.tmp/ios-derived-data/Build/Products/Debug-iphonesimulator -F /Applications/Xcode_26.5.app/Contents/Developer/Platforms/iPhoneSimulator.platform/Developer/Library/Frameworks -F /Applications/Xcode_26.5.app/Contents/Developer/Platforms/iPhoneSimulator.platform/Developer/SDKs/iPhoneSimulator26.5.sdk/Developer/Library/Frameworks -c -j3 -enable-batch-mode -incremental -Xcc -ivfsstatcache -Xcc /Users/runner/work/safe-link-v2/safe-link-v2/.tmp/ios-derived-data/SDKStatCaches.noindex/iphonesimulator26.5-23F73-688ef53f1462e2c8f657fdc38a81448ffb7d586738ff35573a713a18216ade27.sdkstatcache -output-file-map /Users/runner/work/safe-link-v2/safe-link-v2/.tmp/ios-derived-data/Build/Intermediates.noindex/CapacitorPreferences.build/Debug-iphonesimulator/PreferencesPlugin.build/Objects-normal/arm64/PreferencesPlugin-OutputFileMap.json -use-frontend-parseable-output -save-temps -no-color-diagnostics -explicit-module-build -module-cache-path /Users/runner/work/safe-link-v2/safe-link-v2/.tmp/ios-derived-data/Build/Intermediates.noindex/SwiftExplicitPrecompiledModules -clang-scanner-module-cache-path /Users/runner/work/safe-link-v2/safe-link-v2/.tmp/ios-derived-data/ModuleCache.noindex -sdk-module-cache-path /Users/runner/work/safe-link-v2/safe-link-v2/.tmp/ios-derived-data/ModuleCache.noindex -serialize-diagnostics -emit-dependencies -emit-module -emit-module-path /Users/runner/work/safe-link-v2/safe-link-v2/.tmp/ios-derived-data/Build/Intermediates.noindex/CapacitorPreferences.build/Debug-iphonesimulator/PreferencesPlugin.build/Objects-normal/arm64/PreferencesPlugin.swiftmodule -validate-clang-modules-once -clang-build-session-file /Users/runner/work/safe-link-v2/safe-link-v2/.tmp/ios-derived-data/ModuleCache.noindex/Session.modulevalidation -package-name preferences -Xcc -I/Users/runner/work/safe-link-v2/safe-link-v2/.tmp/ios-derived-data/Build/Intermediates.noindex/CapacitorPreferences.build/Debug-iphonesimulator/PreferencesPlugin.build/swift-overrides.hmap -emit-const-values -Xfrontend -const-gather-protocols-file -Xfrontend /Users/runner/work/safe-link-v2/safe-link-v2/.tmp/ios-derived-data/Build/Intermediates.noindex/CapacitorPreferences.build/Debug-iphonesimulator/PreferencesPlugin.build/Objects-normal/arm64/PreferencesPlugin_const_extract_protocols.json -Xcc -I/Users/runner/work/safe-link-v2/safe-link-v2/.tmp/ios-derived-data/Build/Products/Debug-iphonesimulator/include -Xcc -I/Users/runner/work/safe-link-v2/safe-link-v2/.tmp/ios-derived-data/Build/Intermediates.noindex/CapacitorPreferences.build/Debug-iphonesimulator/PreferencesPlugin.build/DerivedSources-normal/arm64 -Xcc -I/Users/runner/work/safe-link-v2/safe-link-v2/.tmp/ios-derived-data/Build/Intermediates.noindex/CapacitorPreferences.build/Debug-iphonesimulator/PreferencesPlugin.build/DerivedSources/arm64 -Xcc -I/Users/runner/work/safe-link-v2/safe-link-v2/.tmp/ios-derived-data/Build/Intermediates.noindex/CapacitorPreferences.build/Debug-iphonesimulator/PreferencesPlugin.build/DerivedSources -Xcc -DSWIFT_PACKAGE -Xcc -DDEBUG\=1 -emit-objc-header -emit-objc-header-path /Users/runner/work/safe-link-v2/safe-link-v2/.tmp/ios-derived-data/Build/Intermediates.noindex/CapacitorPreferences.build/Debug-iphonesimulator/PreferencesPlugin.build/Objects-normal/arm64/PreferencesPlugin-Swift.h -working-directory /Users/runner/work/safe-link-v2/safe-link-v2/apps/mobile/ios/App/App.xcodeproj -experimental-emit-module-separately -disable-cmo

SwiftDriverJobDiscovery normal arm64 Emitting module for LocalNotificationsPlugin (in target 'LocalNotificationsPlugin' from project 'CapacitorLocalNotifications')

SwiftDriver\ Compilation\ Requirements LocalNotificationsPlugin normal arm64 com.apple.xcode.tools.swift.compiler (in target 'LocalNotificationsPlugin' from project 'CapacitorLocalNotifications')
    cd /Users/runner/work/safe-link-v2/safe-link-v2/apps/mobile/ios/App/App.xcodeproj
    builtin-Swift-Compilation-Requirements -- /Applications/Xcode_26.5.app/Contents/Developer/Toolchains/XcodeDefault.xctoolchain/usr/bin/swiftc -module-name LocalNotificationsPlugin -Onone @/Users/runner/work/safe-link-v2/safe-link-v2/.tmp/ios-derived-data/Build/Intermediates.noindex/CapacitorLocalNotifications.build/Debug-iphonesimulator/LocalNotificationsPlugin.build/Objects-normal/arm64/LocalNotificationsPlugin.SwiftFileList -DSWIFT_PACKAGE -DDEBUG -DSWIFT_MODULE_RESOURCE_BUNDLE_UNAVAILABLE -DXcode -plugin-path /Applications/Xcode_26.5.app/Contents/Developer/Toolchains/XcodeDefault.xctoolchain/usr/lib/swift/host/plugins/testing -enable-experimental-feature DebugDescriptionMacro -sdk /Applications/Xcode_26.5.app/Contents/Developer/Platforms/iPhoneSimulator.platform/Developer/SDKs/iPhoneSimulator26.5.sdk -target arm64-apple-ios15.0-simulator -g -module-cache-path /Users/runner/work/safe-link-v2/safe-link-v2/.tmp/ios-derived-data/ModuleCache.noindex -Xfrontend -serialize-debugging-options -enable-testing -suppress-warnings -index-store-path /Users/runner/work/safe-link-v2/safe-link-v2/.tmp/ios-derived-data/Index.noindex/DataStore -Xcc -D_LIBCPP_HARDENING_MODE\=_LIBCPP_HARDENING_MODE_DEBUG -swift-version 5 -I /Users/runner/work/safe-link-v2/safe-link-v2/.tmp/ios-derived-data/Build/Products/Debug-iphonesimulator -Isystem /Applications/Xcode_26.5.app/Contents/Developer/Platforms/iPhoneSimulator.platform/Developer/usr/lib -F /Users/runner/work/safe-link-v2/safe-link-v2/.tmp/ios-derived-data/Build/Products/Debug-iphonesimulator -F /Applications/Xcode_26.5.app/Contents/Developer/Platforms/iPhoneSimulator.platform/Developer/Library/Frameworks -F /Applications/Xcode_26.5.app/Contents/Developer/Platforms/iPhoneSimulator.platform/Developer/SDKs/iPhoneSimulator26.5.sdk/Developer/Library/Frameworks -c -j3 -enable-batch-mode -incremental -Xcc -ivfsstatcache -Xcc /Users/runner/work/safe-link-v2/safe-link-v2/.tmp/ios-derived-data/SDKStatCaches.noindex/iphonesimulator26.5-23F73-688ef53f1462e2c8f657fdc38a81448ffb7d586738ff35573a713a18216ade27.sdkstatcache -output-file-map /Users/runner/work/safe-link-v2/safe-link-v2/.tmp/ios-derived-data/Build/Intermediates.noindex/CapacitorLocalNotifications.build/Debug-iphonesimulator/LocalNotificationsPlugin.build/Objects-normal/arm64/LocalNotificationsPlugin-OutputFileMap.json -use-frontend-parseable-output -save-temps -no-color-diagnostics -explicit-module-build -module-cache-path /Users/runner/work/safe-link-v2/safe-link-v2/.tmp/ios-derived-data/Build/Intermediates.noindex/SwiftExplicitPrecompiledModules -clang-scanner-module-cache-path /Users/runner/work/safe-link-v2/safe-link-v2/.tmp/ios-derived-data/ModuleCache.noindex -sdk-module-cache-path /Users/runner/work/safe-link-v2/safe-link-v2/.tmp/ios-derived-data/ModuleCache.noindex -serialize-diagnostics -emit-dependencies -emit-module -emit-module-path /Users/runner/work/safe-link-v2/safe-link-v2/.tmp/ios-derived-data/Build/Intermediates.noindex/CapacitorLocalNotifications.build/Debug-iphonesimulator/LocalNotificationsPlugin.build/Objects-normal/arm64/LocalNotificationsPlugin.swiftmodule -validate-clang-modules-once -clang-build-session-file /Users/runner/work/safe-link-v2/safe-link-v2/.tmp/ios-derived-data/ModuleCache.noindex/Session.modulevalidation -package-name local_notifications -Xcc -I/Users/runner/work/safe-link-v2/safe-link-v2/.tmp/ios-derived-data/Build/Intermediates.noindex/CapacitorLocalNotifications.build/Debug-iphonesimulator/LocalNotificationsPlugin.build/swift-overrides.hmap -emit-const-values -Xfrontend -const-gather-protocols-file -Xfrontend /Users/runner/work/safe-link-v2/safe-link-v2/.tmp/ios-derived-data/Build/Intermediates.noindex/CapacitorLocalNotifications.build/Debug-iphonesimulator/LocalNotificationsPlugin.build/Objects-normal/arm64/LocalNotificationsPlugin_const_extract_protocols.json -Xcc -I/Users/runner/work/safe-link-v2/safe-link-v2/.tmp/ios-derived-data/Build/Products/Debug-iphonesimulator/include -Xcc -I/Users/runner/work/safe-link-v2/safe-link-v2/.tmp/ios-derived-data/Build/Intermediates.noindex/CapacitorLocalNotifications.build/Debug-iphonesimulator/LocalNotificationsPlugin.build/DerivedSources-normal/arm64 -Xcc -I/Users/runner/work/safe-link-v2/safe-link-v2/.tmp/ios-derived-data/Build/Intermediates.noindex/CapacitorLocalNotifications.build/Debug-iphonesimulator/LocalNotificationsPlugin.build/DerivedSources/arm64 -Xcc -I/Users/runner/work/safe-link-v2/safe-link-v2/.tmp/ios-derived-data/Build/Intermediates.noindex/CapacitorLocalNotifications.build/Debug-iphonesimulator/LocalNotificationsPlugin.build/DerivedSources -Xcc -DSWIFT_PACKAGE -Xcc -DDEBUG\=1 -emit-objc-header -emit-objc-header-path /Users/runner/work/safe-link-v2/safe-link-v2/.tmp/ios-derived-data/Build/Intermediates.noindex/CapacitorLocalNotifications.build/Debug-iphonesimulator/LocalNotificationsPlugin.build/Objects-normal/arm64/LocalNotificationsPlugin-Swift.h -working-directory /Users/runner/work/safe-link-v2/safe-link-v2/apps/mobile/ios/App/App.xcodeproj -experimental-emit-module-separately -disable-cmo

SwiftCompile normal arm64 Compiling\ Preferences.swift /Users/runner/work/safe-link-v2/safe-link-v2/apps/mobile/node_modules/@capacitor/preferences/ios/Sources/PreferencesPlugin/Preferences.swift (in target 'PreferencesPlugin' from project 'CapacitorPreferences')

SwiftCompile normal arm64 /Users/runner/work/safe-link-v2/safe-link-v2/apps/mobile/node_modules/@capacitor/preferences/ios/Sources/PreferencesPlugin/Preferences.swift (in target 'PreferencesPlugin' from project 'CapacitorPreferences')
    cd /Users/runner/work/safe-link-v2/safe-link-v2/apps/mobile/ios/App/App.xcodeproj


Copy /Users/runner/work/safe-link-v2/safe-link-v2/.tmp/ios-derived-data/Build/Products/Debug-iphonesimulator/PreferencesPlugin.swiftmodule/arm64-apple-ios-simulator.swiftmodule /Users/runner/work/safe-link-v2/safe-link-v2/.tmp/ios-derived-data/Build/Intermediates.noindex/CapacitorPreferences.build/Debug-iphonesimulator/PreferencesPlugin.build/Objects-normal/arm64/PreferencesPlugin.swiftmodule (in target 'PreferencesPlugin' from project 'CapacitorPreferences')
    cd /Users/runner/work/safe-link-v2/safe-link-v2/apps/mobile/node_modules/@capacitor/preferences
    builtin-copy -exclude .DS_Store -exclude CVS -exclude .svn -exclude .git -exclude .hg -resolve-src-symlinks -rename /Users/runner/work/safe-link-v2/safe-link-v2/.tmp/ios-derived-data/Build/Intermediates.noindex/CapacitorPreferences.build/Debug-iphonesimulator/PreferencesPlugin.build/Objects-normal/arm64/PreferencesPlugin.swiftmodule /Users/runner/work/safe-link-v2/safe-link-v2/.tmp/ios-derived-data/Build/Products/Debug-iphonesimulator/PreferencesPlugin.swiftmodule/arm64-apple-ios-simulator.swiftmodule

Copy /Users/runner/work/safe-link-v2/safe-link-v2/.tmp/ios-derived-data/Build/Products/Debug-iphonesimulator/PreferencesPlugin.swiftmodule/arm64-apple-ios-simulator.swiftdoc /Users/runner/work/safe-link-v2/safe-link-v2/.tmp/ios-derived-data/Build/Intermediates.noindex/CapacitorPreferences.build/Debug-iphonesimulator/PreferencesPlugin.build/Objects-normal/arm64/PreferencesPlugin.swiftdoc (in target 'PreferencesPlugin' from project 'CapacitorPreferences')
    cd /Users/runner/work/safe-link-v2/safe-link-v2/apps/mobile/node_modules/@capacitor/preferences
    builtin-copy -exclude .DS_Store -exclude CVS -exclude .svn -exclude .git -exclude .hg -resolve-src-symlinks -rename /Users/runner/work/safe-link-v2/safe-link-v2/.tmp/ios-derived-data/Build/Intermediates.noindex/CapacitorPreferences.build/Debug-iphonesimulator/PreferencesPlugin.build/Objects-normal/arm64/PreferencesPlugin.swiftdoc /Users/runner/work/safe-link-v2/safe-link-v2/.tmp/ios-derived-data/Build/Products/Debug-iphonesimulator/PreferencesPlugin.swiftmodule/arm64-apple-ios-simulator.swiftdoc

Copy /Users/runner/work/safe-link-v2/safe-link-v2/.tmp/ios-derived-data/Build/Products/Debug-iphonesimulator/PreferencesPlugin.swiftmodule/arm64-apple-ios-simulator.abi.json /Users/runner/work/safe-link-v2/safe-link-v2/.tmp/ios-derived-data/Build/Intermediates.noindex/CapacitorPreferences.build/Debug-iphonesimulator/PreferencesPlugin.build/Objects-normal/arm64/PreferencesPlugin.abi.json (in target 'PreferencesPlugin' from project 'CapacitorPreferences')
    cd /Users/runner/work/safe-link-v2/safe-link-v2/apps/mobile/node_modules/@capacitor/preferences
    builtin-copy -exclude .DS_Store -exclude CVS -exclude .svn -exclude .git -exclude .hg -resolve-src-symlinks -rename /Users/runner/work/safe-link-v2/safe-link-v2/.tmp/ios-derived-data/Build/Intermediates.noindex/CapacitorPreferences.build/Debug-iphonesimulator/PreferencesPlugin.build/Objects-normal/arm64/PreferencesPlugin.abi.json /Users/runner/work/safe-link-v2/safe-link-v2/.tmp/ios-derived-data/Build/Products/Debug-iphonesimulator/PreferencesPlugin.swiftmodule/arm64-apple-ios-simulator.abi.json

Copy /Users/runner/work/safe-link-v2/safe-link-v2/.tmp/ios-derived-data/Build/Products/Debug-iphonesimulator/PreferencesPlugin.swiftmodule/Project/arm64-apple-ios-simulator.swiftsourceinfo /Users/runner/work/safe-link-v2/safe-link-v2/.tmp/ios-derived-data/Build/Intermediates.noindex/CapacitorPreferences.build/Debug-iphonesimulator/PreferencesPlugin.build/Objects-normal/arm64/PreferencesPlugin.swiftsourceinfo (in target 'PreferencesPlugin' from project 'CapacitorPreferences')
    cd /Users/runner/work/safe-link-v2/safe-link-v2/apps/mobile/node_modules/@capacitor/preferences
    builtin-copy -exclude .DS_Store -exclude CVS -exclude .svn -exclude .git -exclude .hg -resolve-src-symlinks -rename /Users/runner/work/safe-link-v2/safe-link-v2/.tmp/ios-derived-data/Build/Intermediates.noindex/CapacitorPreferences.build/Debug-iphonesimulator/PreferencesPlugin.build/Objects-normal/arm64/PreferencesPlugin.swiftsourceinfo /Users/runner/work/safe-link-v2/safe-link-v2/.tmp/ios-derived-data/Build/Products/Debug-iphonesimulator/PreferencesPlugin.swiftmodule/Project/arm64-apple-ios-simulator.swiftsourceinfo

SwiftEmitModule normal x86_64 Emitting\ module\ for\ PreferencesPlugin (in target 'PreferencesPlugin' from project 'CapacitorPreferences')

EmitSwiftModule normal x86_64 (in target 'PreferencesPlugin' from project 'CapacitorPreferences')
    cd /Users/runner/work/safe-link-v2/safe-link-v2/apps/mobile/ios/App/App.xcodeproj


Copy /Users/runner/work/safe-link-v2/safe-link-v2/.tmp/ios-derived-data/Build/Products/Debug-iphonesimulator/LocalNotificationsPlugin.swiftmodule/arm64-apple-ios-simulator.swiftmodule /Users/runner/work/safe-link-v2/safe-link-v2/.tmp/ios-derived-data/Build/Intermediates.noindex/CapacitorLocalNotifications.build/Debug-iphonesimulator/LocalNotificationsPlugin.build/Objects-normal/arm64/LocalNotificationsPlugin.swiftmodule (in target 'LocalNotificationsPlugin' from project 'CapacitorLocalNotifications')
    cd /Users/runner/work/safe-link-v2/safe-link-v2/apps/mobile/node_modules/@capacitor/local-notifications
    builtin-copy -exclude .DS_Store -exclude CVS -exclude .svn -exclude .git -exclude .hg -resolve-src-symlinks -rename /Users/runner/work/safe-link-v2/safe-link-v2/.tmp/ios-derived-data/Build/Intermediates.noindex/CapacitorLocalNotifications.build/Debug-iphonesimulator/LocalNotificationsPlugin.build/Objects-normal/arm64/LocalNotificationsPlugin.swiftmodule /Users/runner/work/safe-link-v2/safe-link-v2/.tmp/ios-derived-data/Build/Products/Debug-iphonesimulator/LocalNotificationsPlugin.swiftmodule/arm64-apple-ios-simulator.swiftmodule

SwiftDriverJobDiscovery normal x86_64 Emitting module for PreferencesPlugin (in target 'PreferencesPlugin' from project 'CapacitorPreferences')

SwiftDriver\ Compilation\ Requirements PreferencesPlugin normal x86_64 com.apple.xcode.tools.swift.compiler (in target 'PreferencesPlugin' from project 'CapacitorPreferences')
    cd /Users/runner/work/safe-link-v2/safe-link-v2/apps/mobile/ios/App/App.xcodeproj
    builtin-Swift-Compilation-Requirements -- /Applications/Xcode_26.5.app/Contents/Developer/Toolchains/XcodeDefault.xctoolchain/usr/bin/swiftc -module-name PreferencesPlugin -Onone @/Users/runner/work/safe-link-v2/safe-link-v2/.tmp/ios-derived-data/Build/Intermediates.noindex/CapacitorPreferences.build/Debug-iphonesimulator/PreferencesPlugin.build/Objects-normal/x86_64/PreferencesPlugin.SwiftFileList -DSWIFT_PACKAGE -DDEBUG -DSWIFT_MODULE_RESOURCE_BUNDLE_UNAVAILABLE -DXcode -plugin-path /Applications/Xcode_26.5.app/Contents/Developer/Toolchains/XcodeDefault.xctoolchain/usr/lib/swift/host/plugins/testing -enable-experimental-feature DebugDescriptionMacro -sdk /Applications/Xcode_26.5.app/Contents/Developer/Platforms/iPhoneSimulator.platform/Developer/SDKs/iPhoneSimulator26.5.sdk -target x86_64-apple-ios15.0-simulator -g -module-cache-path /Users/runner/work/safe-link-v2/safe-link-v2/.tmp/ios-derived-data/ModuleCache.noindex -Xfrontend -serialize-debugging-options -enable-testing -suppress-warnings -index-store-path /Users/runner/work/safe-link-v2/safe-link-v2/.tmp/ios-derived-data/Index.noindex/DataStore -Xcc -D_LIBCPP_HARDENING_MODE\=_LIBCPP_HARDENING_MODE_DEBUG -swift-version 5 -I /Users/runner/work/safe-link-v2/safe-link-v2/.tmp/ios-derived-data/Build/Products/Debug-iphonesimulator -Isystem /Applications/Xcode_26.5.app/Contents/Developer/Platforms/iPhoneSimulator.platform/Developer/usr/lib -F /Users/runner/work/safe-link-v2/safe-link-v2/.tmp/ios-derived-data/Build/Products/Debug-iphonesimulator -F /Applications/Xcode_26.5.app/Contents/Developer/Platforms/iPhoneSimulator.platform/Developer/Library/Frameworks -F /Applications/Xcode_26.5.app/Contents/Developer/Platforms/iPhoneSimulator.platform/Developer/SDKs/iPhoneSimulator26.5.sdk/Developer/Library/Frameworks -c -j3 -enable-batch-mode -incremental -Xcc -ivfsstatcache -Xcc /Users/runner/work/safe-link-v2/safe-link-v2/.tmp/ios-derived-data/SDKStatCaches.noindex/iphonesimulator26.5-23F73-688ef53f1462e2c8f657fdc38a81448ffb7d586738ff35573a713a18216ade27.sdkstatcache -output-file-map /Users/runner/work/safe-link-v2/safe-link-v2/.tmp/ios-derived-data/Build/Intermediates.noindex/CapacitorPreferences.build/Debug-iphonesimulator/PreferencesPlugin.build/Objects-normal/x86_64/PreferencesPlugin-OutputFileMap.json -use-frontend-parseable-output -save-temps -no-color-diagnostics -explicit-module-build -module-cache-path /Users/runner/work/safe-link-v2/safe-link-v2/.tmp/ios-derived-data/Build/Intermediates.noindex/SwiftExplicitPrecompiledModules -clang-scanner-module-cache-path /Users/runner/work/safe-link-v2/safe-link-v2/.tmp/ios-derived-data/ModuleCache.noindex -sdk-module-cache-path /Users/runner/work/safe-link-v2/safe-link-v2/.tmp/ios-derived-data/ModuleCache.noindex -serialize-diagnostics -emit-dependencies -emit-module -emit-module-path /Users/runner/work/safe-link-v2/safe-link-v2/.tmp/ios-derived-data/Build/Intermediates.noindex/CapacitorPreferences.build/Debug-iphonesimulator/PreferencesPlugin.build/Objects-normal/x86_64/PreferencesPlugin.swiftmodule -validate-clang-modules-once -clang-build-session-file /Users/runner/work/safe-link-v2/safe-link-v2/.tmp/ios-derived-data/ModuleCache.noindex/Session.modulevalidation -package-name preferences -Xcc -I/Users/runner/work/safe-link-v2/safe-link-v2/.tmp/ios-derived-data/Build/Intermediates.noindex/CapacitorPreferences.build/Debug-iphonesimulator/PreferencesPlugin.build/swift-overrides.hmap -emit-const-values -Xfrontend -const-gather-protocols-file -Xfrontend /Users/runner/work/safe-link-v2/safe-link-v2/.tmp/ios-derived-data/Build/Intermediates.noindex/CapacitorPreferences.build/Debug-iphonesimulator/PreferencesPlugin.build/Objects-normal/x86_64/PreferencesPlugin_const_extract_protocols.json -Xcc -I/Users/runner/work/safe-link-v2/safe-link-v2/.tmp/ios-derived-data/Build/Products/Debug-iphonesimulator/include -Xcc -I/Users/runner/work/safe-link-v2/safe-link-v2/.tmp/ios-derived-data/Build/Intermediates.noindex/CapacitorPreferences.build/Debug-iphonesimulator/PreferencesPlugin.build/DerivedSources-normal/x86_64 -Xcc -I/Users/runner/work/safe-link-v2/safe-link-v2/.tmp/ios-derived-data/Build/Intermediates.noindex/CapacitorPreferences.build/Debug-iphonesimulator/PreferencesPlugin.build/DerivedSources/x86_64 -Xcc -I/Users/runner/work/safe-link-v2/safe-link-v2/.tmp/ios-derived-data/Build/Intermediates.noindex/CapacitorPreferences.build/Debug-iphonesimulator/PreferencesPlugin.build/DerivedSources -Xcc -DSWIFT_PACKAGE -Xcc -DDEBUG\=1 -emit-objc-header -emit-objc-header-path /Users/runner/work/safe-link-v2/safe-link-v2/.tmp/ios-derived-data/Build/Intermediates.noindex/CapacitorPreferences.build/Debug-iphonesimulator/PreferencesPlugin.build/Objects-normal/x86_64/PreferencesPlugin-Swift.h -working-directory /Users/runner/work/safe-link-v2/safe-link-v2/apps/mobile/ios/App/App.xcodeproj -experimental-emit-module-separately -disable-cmo

Copy /Users/runner/work/safe-link-v2/safe-link-v2/.tmp/ios-derived-data/Build/Products/Debug-iphonesimulator/LocalNotificationsPlugin.swiftmodule/arm64-apple-ios-simulator.swiftdoc /Users/runner/work/safe-link-v2/safe-link-v2/.tmp/ios-derived-data/Build/Intermediates.noindex/CapacitorLocalNotifications.build/Debug-iphonesimulator/LocalNotificationsPlugin.build/Objects-normal/arm64/LocalNotificationsPlugin.swiftdoc (in target 'LocalNotificationsPlugin' from project 'CapacitorLocalNotifications')
    cd /Users/runner/work/safe-link-v2/safe-link-v2/apps/mobile/node_modules/@capacitor/local-notifications
    builtin-copy -exclude .DS_Store -exclude CVS -exclude .svn -exclude .git -exclude .hg -resolve-src-symlinks -rename /Users/runner/work/safe-link-v2/safe-link-v2/.tmp/ios-derived-data/Build/Intermediates.noindex/CapacitorLocalNotifications.build/Debug-iphonesimulator/LocalNotificationsPlugin.build/Objects-normal/arm64/LocalNotificationsPlugin.swiftdoc /Users/runner/work/safe-link-v2/safe-link-v2/.tmp/ios-derived-data/Build/Products/Debug-iphonesimulator/LocalNotificationsPlugin.swiftmodule/arm64-apple-ios-simulator.swiftdoc

Copy /Users/runner/work/safe-link-v2/safe-link-v2/.tmp/ios-derived-data/Build/Products/Debug-iphonesimulator/LocalNotificationsPlugin.swiftmodule/arm64-apple-ios-simulator.abi.json /Users/runner/work/safe-link-v2/safe-link-v2/.tmp/ios-derived-data/Build/Intermediates.noindex/CapacitorLocalNotifications.build/Debug-iphonesimulator/LocalNotificationsPlugin.build/Objects-normal/arm64/LocalNotificationsPlugin.abi.json (in target 'LocalNotificationsPlugin' from project 'CapacitorLocalNotifications')
    cd /Users/runner/work/safe-link-v2/safe-link-v2/apps/mobile/node_modules/@capacitor/local-notifications
    builtin-copy -exclude .DS_Store -exclude CVS -exclude .svn -exclude .git -exclude .hg -resolve-src-symlinks -rename /Users/runner/work/safe-link-v2/safe-link-v2/.tmp/ios-derived-data/Build/Intermediates.noindex/CapacitorLocalNotifications.build/Debug-iphonesimulator/LocalNotificationsPlugin.build/Objects-normal/arm64/LocalNotificationsPlugin.abi.json /Users/runner/work/safe-link-v2/safe-link-v2/.tmp/ios-derived-data/Build/Products/Debug-iphonesimulator/LocalNotificationsPlugin.swiftmodule/arm64-apple-ios-simulator.abi.json

SwiftMergeGeneratedHeaders /Users/runner/work/safe-link-v2/safe-link-v2/.tmp/ios-derived-data/Build/Intermediates.noindex/GeneratedModuleMaps-iphonesimulator/PreferencesPlugin-Swift.h /Users/runner/work/safe-link-v2/safe-link-v2/.tmp/ios-derived-data/Build/Intermediates.noindex/CapacitorPreferences.build/Debug-iphonesimulator/PreferencesPlugin.build/Objects-normal/arm64/PreferencesPlugin-Swift.h /Users/runner/work/safe-link-v2/safe-link-v2/.tmp/ios-derived-data/Build/Intermediates.noindex/CapacitorPreferences.build/Debug-iphonesimulator/PreferencesPlugin.build/Objects-normal/x86_64/PreferencesPlugin-Swift.h (in target 'PreferencesPlugin' from project 'CapacitorPreferences')
    cd /Users/runner/work/safe-link-v2/safe-link-v2/apps/mobile/node_modules/@capacitor/preferences
    builtin-swiftHeaderTool -arch arm64 /Users/runner/work/safe-link-v2/safe-link-v2/.tmp/ios-derived-data/Build/Intermediates.noindex/CapacitorPreferences.build/Debug-iphonesimulator/PreferencesPlugin.build/Objects-normal/arm64/PreferencesPlugin-Swift.h -arch x86_64 /Users/runner/work/safe-link-v2/safe-link-v2/.tmp/ios-derived-data/Build/Intermediates.noindex/CapacitorPreferences.build/Debug-iphonesimulator/PreferencesPlugin.build/Objects-normal/x86_64/PreferencesPlugin-Swift.h -o /Users/runner/work/safe-link-v2/safe-link-v2/.tmp/ios-derived-data/Build/Intermediates.noindex/GeneratedModuleMaps-iphonesimulator/PreferencesPlugin-Swift.h

Copy /Users/runner/work/safe-link-v2/safe-link-v2/.tmp/ios-derived-data/Build/Products/Debug-iphonesimulator/PreferencesPlugin.swiftmodule/x86_64-apple-ios-simulator.swiftmodule /Users/runner/work/safe-link-v2/safe-link-v2/.tmp/ios-derived-data/Build/Intermediates.noindex/CapacitorPreferences.build/Debug-iphonesimulator/PreferencesPlugin.build/Objects-normal/x86_64/PreferencesPlugin.swiftmodule (in target 'PreferencesPlugin' from project 'CapacitorPreferences')
    cd /Users/runner/work/safe-link-v2/safe-link-v2/apps/mobile/node_modules/@capacitor/preferences
    builtin-copy -exclude .DS_Store -exclude CVS -exclude .svn -exclude .git -exclude .hg -resolve-src-symlinks -rename /Users/runner/work/safe-link-v2/safe-link-v2/.tmp/ios-derived-data/Build/Intermediates.noindex/CapacitorPreferences.build/Debug-iphonesimulator/PreferencesPlugin.build/Objects-normal/x86_64/PreferencesPlugin.swiftmodule /Users/runner/work/safe-link-v2/safe-link-v2/.tmp/ios-derived-data/Build/Products/Debug-iphonesimulator/PreferencesPlugin.swiftmodule/x86_64-apple-ios-simulator.swiftmodule

Copy /Users/runner/work/safe-link-v2/safe-link-v2/.tmp/ios-derived-data/Build/Products/Debug-iphonesimulator/PreferencesPlugin.swiftmodule/x86_64-apple-ios-simulator.swiftdoc /Users/runner/work/safe-link-v2/safe-link-v2/.tmp/ios-derived-data/Build/Intermediates.noindex/CapacitorPreferences.build/Debug-iphonesimulator/PreferencesPlugin.build/Objects-normal/x86_64/PreferencesPlugin.swiftdoc (in target 'PreferencesPlugin' from project 'CapacitorPreferences')
    cd /Users/runner/work/safe-link-v2/safe-link-v2/apps/mobile/node_modules/@capacitor/preferences
    builtin-copy -exclude .DS_Store -exclude CVS -exclude .svn -exclude .git -exclude .hg -resolve-src-symlinks -rename /Users/runner/work/safe-link-v2/safe-link-v2/.tmp/ios-derived-data/Build/Intermediates.noindex/CapacitorPreferences.build/Debug-iphonesimulator/PreferencesPlugin.build/Objects-normal/x86_64/PreferencesPlugin.swiftdoc /Users/runner/work/safe-link-v2/safe-link-v2/.tmp/ios-derived-data/Build/Products/Debug-iphonesimulator/PreferencesPlugin.swiftmodule/x86_64-apple-ios-simulator.swiftdoc

Copy /Users/runner/work/safe-link-v2/safe-link-v2/.tmp/ios-derived-data/Build/Products/Debug-iphonesimulator/PreferencesPlugin.swiftmodule/x86_64-apple-ios-simulator.abi.json /Users/runner/work/safe-link-v2/safe-link-v2/.tmp/ios-derived-data/Build/Intermediates.noindex/CapacitorPreferences.build/Debug-iphonesimulator/PreferencesPlugin.build/Objects-normal/x86_64/PreferencesPlugin.abi.json (in target 'PreferencesPlugin' from project 'CapacitorPreferences')
    cd /Users/runner/work/safe-link-v2/safe-link-v2/apps/mobile/node_modules/@capacitor/preferences
    builtin-copy -exclude .DS_Store -exclude CVS -exclude .svn -exclude .git -exclude .hg -resolve-src-symlinks -rename /Users/runner/work/safe-link-v2/safe-link-v2/.tmp/ios-derived-data/Build/Intermediates.noindex/CapacitorPreferences.build/Debug-iphonesimulator/PreferencesPlugin.build/Objects-normal/x86_64/PreferencesPlugin.abi.json /Users/runner/work/safe-link-v2/safe-link-v2/.tmp/ios-derived-data/Build/Products/Debug-iphonesimulator/PreferencesPlugin.swiftmodule/x86_64-apple-ios-simulator.abi.json

Copy /Users/runner/work/safe-link-v2/safe-link-v2/.tmp/ios-derived-data/Build/Products/Debug-iphonesimulator/PreferencesPlugin.swiftmodule/Project/x86_64-apple-ios-simulator.swiftsourceinfo /Users/runner/work/safe-link-v2/safe-link-v2/.tmp/ios-derived-data/Build/Intermediates.noindex/CapacitorPreferences.build/Debug-iphonesimulator/PreferencesPlugin.build/Objects-normal/x86_64/PreferencesPlugin.swiftsourceinfo (in target 'PreferencesPlugin' from project 'CapacitorPreferences')
    cd /Users/runner/work/safe-link-v2/safe-link-v2/apps/mobile/node_modules/@capacitor/preferences
    builtin-copy -exclude .DS_Store -exclude CVS -exclude .svn -exclude .git -exclude .hg -resolve-src-symlinks -rename /Users/runner/work/safe-link-v2/safe-link-v2/.tmp/ios-derived-data/Build/Intermediates.noindex/CapacitorPreferences.build/Debug-iphonesimulator/PreferencesPlugin.build/Objects-normal/x86_64/PreferencesPlugin.swiftsourceinfo /Users/runner/work/safe-link-v2/safe-link-v2/.tmp/ios-derived-data/Build/Products/Debug-iphonesimulator/PreferencesPlugin.swiftmodule/Project/x86_64-apple-ios-simulator.swiftsourceinfo

Copy /Users/runner/work/safe-link-v2/safe-link-v2/.tmp/ios-derived-data/Build/Products/Debug-iphonesimulator/LocalNotificationsPlugin.swiftmodule/Project/arm64-apple-ios-simulator.swiftsourceinfo /Users/runner/work/safe-link-v2/safe-link-v2/.tmp/ios-derived-data/Build/Intermediates.noindex/CapacitorLocalNotifications.build/Debug-iphonesimulator/LocalNotificationsPlugin.build/Objects-normal/arm64/LocalNotificationsPlugin.swiftsourceinfo (in target 'LocalNotificationsPlugin' from project 'CapacitorLocalNotifications')
    cd /Users/runner/work/safe-link-v2/safe-link-v2/apps/mobile/node_modules/@capacitor/local-notifications
    builtin-copy -exclude .DS_Store -exclude CVS -exclude .svn -exclude .git -exclude .hg -resolve-src-symlinks -rename /Users/runner/work/safe-link-v2/safe-link-v2/.tmp/ios-derived-data/Build/Intermediates.noindex/CapacitorLocalNotifications.build/Debug-iphonesimulator/LocalNotificationsPlugin.build/Objects-normal/arm64/LocalNotificationsPlugin.swiftsourceinfo /Users/runner/work/safe-link-v2/safe-link-v2/.tmp/ios-derived-data/Build/Products/Debug-iphonesimulator/LocalNotificationsPlugin.swiftmodule/Project/arm64-apple-ios-simulator.swiftsourceinfo

SwiftEmitModule normal x86_64 Emitting\ module\ for\ LocalNotificationsPlugin (in target 'LocalNotificationsPlugin' from project 'CapacitorLocalNotifications')

EmitSwiftModule normal x86_64 (in target 'LocalNotificationsPlugin' from project 'CapacitorLocalNotifications')
    cd /Users/runner/work/safe-link-v2/safe-link-v2/apps/mobile/ios/App/App.xcodeproj


SwiftDriverJobDiscovery normal x86_64 Emitting module for LocalNotificationsPlugin (in target 'LocalNotificationsPlugin' from project 'CapacitorLocalNotifications')

SwiftCompile normal x86_64 Compiling\ PreferencesPlugin.swift /Users/runner/work/safe-link-v2/safe-link-v2/apps/mobile/node_modules/@capacitor/preferences/ios/Sources/PreferencesPlugin/PreferencesPlugin.swift (in target 'PreferencesPlugin' from project 'CapacitorPreferences')
SwiftCompile normal x86_64 /Users/runner/work/safe-link-v2/safe-link-v2/apps/mobile/node_modules/@capacitor/preferences/ios/Sources/PreferencesPlugin/PreferencesPlugin.swift (in target 'PreferencesPlugin' from project 'CapacitorPreferences')
    cd /Users/runner/work/safe-link-v2/safe-link-v2/apps/mobile/ios/App/App.xcodeproj


SwiftDriver\ Compilation\ Requirements LocalNotificationsPlugin normal x86_64 com.apple.xcode.tools.swift.compiler (in target 'LocalNotificationsPlugin' from project 'CapacitorLocalNotifications')
    cd /Users/runner/work/safe-link-v2/safe-link-v2/apps/mobile/ios/App/App.xcodeproj
    builtin-Swift-Compilation-Requirements -- /Applications/Xcode_26.5.app/Contents/Developer/Toolchains/XcodeDefault.xctoolchain/usr/bin/swiftc -module-name LocalNotificationsPlugin -Onone @/Users/runner/work/safe-link-v2/safe-link-v2/.tmp/ios-derived-data/Build/Intermediates.noindex/CapacitorLocalNotifications.build/Debug-iphonesimulator/LocalNotificationsPlugin.build/Objects-normal/x86_64/LocalNotificationsPlugin.SwiftFileList -DSWIFT_PACKAGE -DDEBUG -DSWIFT_MODULE_RESOURCE_BUNDLE_UNAVAILABLE -DXcode -plugin-path /Applications/Xcode_26.5.app/Contents/Developer/Toolchains/XcodeDefault.xctoolchain/usr/lib/swift/host/plugins/testing -enable-experimental-feature DebugDescriptionMacro -sdk /Applications/Xcode_26.5.app/Contents/Developer/Platforms/iPhoneSimulator.platform/Developer/SDKs/iPhoneSimulator26.5.sdk -target x86_64-apple-ios15.0-simulator -g -module-cache-path /Users/runner/work/safe-link-v2/safe-link-v2/.tmp/ios-derived-data/ModuleCache.noindex -Xfrontend -serialize-debugging-options -enable-testing -suppress-warnings -index-store-path /Users/runner/work/safe-link-v2/safe-link-v2/.tmp/ios-derived-data/Index.noindex/DataStore -Xcc -D_LIBCPP_HARDENING_MODE\=_LIBCPP_HARDENING_MODE_DEBUG -swift-version 5 -I /Users/runner/work/safe-link-v2/safe-link-v2/.tmp/ios-derived-data/Build/Products/Debug-iphonesimulator -Isystem /Applications/Xcode_26.5.app/Contents/Developer/Platforms/iPhoneSimulator.platform/Developer/usr/lib -F /Users/runner/work/safe-link-v2/safe-link-v2/.tmp/ios-derived-data/Build/Products/Debug-iphonesimulator -F /Applications/Xcode_26.5.app/Contents/Developer/Platforms/iPhoneSimulator.platform/Developer/Library/Frameworks -F /Applications/Xcode_26.5.app/Contents/Developer/Platforms/iPhoneSimulator.platform/Developer/SDKs/iPhoneSimulator26.5.sdk/Developer/Library/Frameworks -c -j3 -enable-batch-mode -incremental -Xcc -ivfsstatcache -Xcc /Users/runner/work/safe-link-v2/safe-link-v2/.tmp/ios-derived-data/SDKStatCaches.noindex/iphonesimulator26.5-23F73-688ef53f1462e2c8f657fdc38a81448ffb7d586738ff35573a713a18216ade27.sdkstatcache -output-file-map /Users/runner/work/safe-link-v2/safe-link-v2/.tmp/ios-derived-data/Build/Intermediates.noindex/CapacitorLocalNotifications.build/Debug-iphonesimulator/LocalNotificationsPlugin.build/Objects-normal/x86_64/LocalNotificationsPlugin-OutputFileMap.json -use-frontend-parseable-output -save-temps -no-color-diagnostics -explicit-module-build -module-cache-path /Users/runner/work/safe-link-v2/safe-link-v2/.tmp/ios-derived-data/Build/Intermediates.noindex/SwiftExplicitPrecompiledModules -clang-scanner-module-cache-path /Users/runner/work/safe-link-v2/safe-link-v2/.tmp/ios-derived-data/ModuleCache.noindex -sdk-module-cache-path /Users/runner/work/safe-link-v2/safe-link-v2/.tmp/ios-derived-data/ModuleCache.noindex -serialize-diagnostics -emit-dependencies -emit-module -emit-module-path /Users/runner/work/safe-link-v2/safe-link-v2/.tmp/ios-derived-data/Build/Intermediates.noindex/CapacitorLocalNotifications.build/Debug-iphonesimulator/LocalNotificationsPlugin.build/Objects-normal/x86_64/LocalNotificationsPlugin.swiftmodule -validate-clang-modules-once -clang-build-session-file /Users/runner/work/safe-link-v2/safe-link-v2/.tmp/ios-derived-data/ModuleCache.noindex/Session.modulevalidation -package-name local_notifications -Xcc -I/Users/runner/work/safe-link-v2/safe-link-v2/.tmp/ios-derived-data/Build/Intermediates.noindex/CapacitorLocalNotifications.build/Debug-iphonesimulator/LocalNotificationsPlugin.build/swift-overrides.hmap -emit-const-values -Xfrontend -const-gather-protocols-file -Xfrontend /Users/runner/work/safe-link-v2/safe-link-v2/.tmp/ios-derived-data/Build/Intermediates.noindex/CapacitorLocalNotifications.build/Debug-iphonesimulator/LocalNotificationsPlugin.build/Objects-normal/x86_64/LocalNotificationsPlugin_const_extract_protocols.json -Xcc -I/Users/runner/work/safe-link-v2/safe-link-v2/.tmp/ios-derived-data/Build/Products/Debug-iphonesimulator/include -Xcc -I/Users/runner/work/safe-link-v2/safe-link-v2/.tmp/ios-derived-data/Build/Intermediates.noindex/CapacitorLocalNotifications.build/Debug-iphonesimulator/LocalNotificationsPlugin.build/DerivedSources-normal/x86_64 -Xcc -I/Users/runner/work/safe-link-v2/safe-link-v2/.tmp/ios-derived-data/Build/Intermediates.noindex/CapacitorLocalNotifications.build/Debug-iphonesimulator/LocalNotificationsPlugin.build/DerivedSources/x86_64 -Xcc -I/Users/runner/work/safe-link-v2/safe-link-v2/.tmp/ios-derived-data/Build/Intermediates.noindex/CapacitorLocalNotifications.build/Debug-iphonesimulator/LocalNotificationsPlugin.build/DerivedSources -Xcc -DSWIFT_PACKAGE -Xcc -DDEBUG\=1 -emit-objc-header -emit-objc-header-path /Users/runner/work/safe-link-v2/safe-link-v2/.tmp/ios-derived-data/Build/Intermediates.noindex/CapacitorLocalNotifications.build/Debug-iphonesimulator/LocalNotificationsPlugin.build/Objects-normal/x86_64/LocalNotificationsPlugin-Swift.h -working-directory /Users/runner/work/safe-link-v2/safe-link-v2/apps/mobile/ios/App/App.xcodeproj -experimental-emit-module-separately -disable-cmo

SwiftDriverJobDiscovery normal arm64 Compiling Preferences.swift (in target 'PreferencesPlugin' from project 'CapacitorPreferences')

SwiftCompile normal x86_64 Compiling\ Preferences.swift /Users/runner/work/safe-link-v2/safe-link-v2/apps/mobile/node_modules/@capacitor/preferences/ios/Sources/PreferencesPlugin/Preferences.swift (in target 'PreferencesPlugin' from project 'CapacitorPreferences')
SwiftCompile normal x86_64 /Users/runner/work/safe-link-v2/safe-link-v2/apps/mobile/node_modules/@capacitor/preferences/ios/Sources/PreferencesPlugin/Preferences.swift (in target 'PreferencesPlugin' from project 'CapacitorPreferences')
    cd /Users/runner/work/safe-link-v2/safe-link-v2/apps/mobile/ios/App/App.xcodeproj


SwiftCompile normal x86_64 Compiling\ LocalNotificationsPlugin.swift /Users/runner/work/safe-link-v2/safe-link-v2/apps/mobile/node_modules/@capacitor/local-notifications/ios/Sources/LocalNotificationsPlugin/LocalNotificationsPlugin.swift (in target 'LocalNotificationsPlugin' from project 'CapacitorLocalNotifications')
SwiftCompile normal x86_64 /Users/runner/work/safe-link-v2/safe-link-v2/apps/mobile/node_modules/@capacitor/local-notifications/ios/Sources/LocalNotificationsPlugin/LocalNotificationsPlugin.swift (in target 'LocalNotificationsPlugin' from project 'CapacitorLocalNotifications')
    cd /Users/runner/work/safe-link-v2/safe-link-v2/apps/mobile/ios/App/App.xcodeproj


SwiftDriverJobDiscovery normal arm64 Compiling PreferencesPlugin.swift (in target 'PreferencesPlugin' from project 'CapacitorPreferences')

SwiftMergeGeneratedHeaders /Users/runner/work/safe-link-v2/safe-link-v2/.tmp/ios-derived-data/Build/Intermediates.noindex/GeneratedModuleMaps-iphonesimulator/LocalNotificationsPlugin-Swift.h /Users/runner/work/safe-link-v2/safe-link-v2/.tmp/ios-derived-data/Build/Intermediates.noindex/CapacitorLocalNotifications.build/Debug-iphonesimulator/LocalNotificationsPlugin.build/Objects-normal/arm64/LocalNotificationsPlugin-Swift.h /Users/runner/work/safe-link-v2/safe-link-v2/.tmp/ios-derived-data/Build/Intermediates.noindex/CapacitorLocalNotifications.build/Debug-iphonesimulator/LocalNotificationsPlugin.build/Objects-normal/x86_64/LocalNotificationsPlugin-Swift.h (in target 'LocalNotificationsPlugin' from project 'CapacitorLocalNotifications')
    cd /Users/runner/work/safe-link-v2/safe-link-v2/apps/mobile/node_modules/@capacitor/local-notifications
    builtin-swiftHeaderTool -arch arm64 /Users/runner/work/safe-link-v2/safe-link-v2/.tmp/ios-derived-data/Build/Intermediates.noindex/CapacitorLocalNotifications.build/Debug-iphonesimulator/LocalNotificationsPlugin.build/Objects-normal/arm64/LocalNotificationsPlugin-Swift.h -arch x86_64 /Users/runner/work/safe-link-v2/safe-link-v2/.tmp/ios-derived-data/Build/Intermediates.noindex/CapacitorLocalNotifications.build/Debug-iphonesimulator/LocalNotificationsPlugin.build/Objects-normal/x86_64/LocalNotificationsPlugin-Swift.h -o /Users/runner/work/safe-link-v2/safe-link-v2/.tmp/ios-derived-data/Build/Intermediates.noindex/GeneratedModuleMaps-iphonesimulator/LocalNotificationsPlugin-Swift.h

SwiftDriverJobDiscovery normal x86_64 Compiling PreferencesPlugin.swift (in target 'PreferencesPlugin' from project 'CapacitorPreferences')

Copy /Users/runner/work/safe-link-v2/safe-link-v2/.tmp/ios-derived-data/Build/Products/Debug-iphonesimulator/LocalNotificationsPlugin.swiftmodule/x86_64-apple-ios-simulator.swiftmodule /Users/runner/work/safe-link-v2/safe-link-v2/.tmp/ios-derived-data/Build/Intermediates.noindex/CapacitorLocalNotifications.build/Debug-iphonesimulator/LocalNotificationsPlugin.build/Objects-normal/x86_64/LocalNotificationsPlugin.swiftmodule (in target 'LocalNotificationsPlugin' from project 'CapacitorLocalNotifications')
    cd /Users/runner/work/safe-link-v2/safe-link-v2/apps/mobile/node_modules/@capacitor/local-notifications
    builtin-copy -exclude .DS_Store -exclude CVS -exclude .svn -exclude .git -exclude .hg -resolve-src-symlinks -rename /Users/runner/work/safe-link-v2/safe-link-v2/.tmp/ios-derived-data/Build/Intermediates.noindex/CapacitorLocalNotifications.build/Debug-iphonesimulator/LocalNotificationsPlugin.build/Objects-normal/x86_64/LocalNotificationsPlugin.swiftmodule /Users/runner/work/safe-link-v2/safe-link-v2/.tmp/ios-derived-data/Build/Products/Debug-iphonesimulator/LocalNotificationsPlugin.swiftmodule/x86_64-apple-ios-simulator.swiftmodule

Copy /Users/runner/work/safe-link-v2/safe-link-v2/.tmp/ios-derived-data/Build/Products/Debug-iphonesimulator/LocalNotificationsPlugin.swiftmodule/x86_64-apple-ios-simulator.swiftdoc /Users/runner/work/safe-link-v2/safe-link-v2/.tmp/ios-derived-data/Build/Intermediates.noindex/CapacitorLocalNotifications.build/Debug-iphonesimulator/LocalNotificationsPlugin.build/Objects-normal/x86_64/LocalNotificationsPlugin.swiftdoc (in target 'LocalNotificationsPlugin' from project 'CapacitorLocalNotifications')
    cd /Users/runner/work/safe-link-v2/safe-link-v2/apps/mobile/node_modules/@capacitor/local-notifications
    builtin-copy -exclude .DS_Store -exclude CVS -exclude .svn -exclude .git -exclude .hg -resolve-src-symlinks -rename /Users/runner/work/safe-link-v2/safe-link-v2/.tmp/ios-derived-data/Build/Intermediates.noindex/CapacitorLocalNotifications.build/Debug-iphonesimulator/LocalNotificationsPlugin.build/Objects-normal/x86_64/LocalNotificationsPlugin.swiftdoc /Users/runner/work/safe-link-v2/safe-link-v2/.tmp/ios-derived-data/Build/Products/Debug-iphonesimulator/LocalNotificationsPlugin.swiftmodule/x86_64-apple-ios-simulator.swiftdoc

Copy /Users/runner/work/safe-link-v2/safe-link-v2/.tmp/ios-derived-data/Build/Products/Debug-iphonesimulator/LocalNotificationsPlugin.swiftmodule/x86_64-apple-ios-simulator.abi.json /Users/runner/work/safe-link-v2/safe-link-v2/.tmp/ios-derived-data/Build/Intermediates.noindex/CapacitorLocalNotifications.build/Debug-iphonesimulator/LocalNotificationsPlugin.build/Objects-normal/x86_64/LocalNotificationsPlugin.abi.json (in target 'LocalNotificationsPlugin' from project 'CapacitorLocalNotifications')
    cd /Users/runner/work/safe-link-v2/safe-link-v2/apps/mobile/node_modules/@capacitor/local-notifications
    builtin-copy -exclude .DS_Store -exclude CVS -exclude .svn -exclude .git -exclude .hg -resolve-src-symlinks -rename /Users/runner/work/safe-link-v2/safe-link-v2/.tmp/ios-derived-data/Build/Intermediates.noindex/CapacitorLocalNotifications.build/Debug-iphonesimulator/LocalNotificationsPlugin.build/Objects-normal/x86_64/LocalNotificationsPlugin.abi.json /Users/runner/work/safe-link-v2/safe-link-v2/.tmp/ios-derived-data/Build/Products/Debug-iphonesimulator/LocalNotificationsPlugin.swiftmodule/x86_64-apple-ios-simulator.abi.json

Copy /Users/runner/work/safe-link-v2/safe-link-v2/.tmp/ios-derived-data/Build/Products/Debug-iphonesimulator/LocalNotificationsPlugin.swiftmodule/Project/x86_64-apple-ios-simulator.swiftsourceinfo /Users/runner/work/safe-link-v2/safe-link-v2/.tmp/ios-derived-data/Build/Intermediates.noindex/CapacitorLocalNotifications.build/Debug-iphonesimulator/LocalNotificationsPlugin.build/Objects-normal/x86_64/LocalNotificationsPlugin.swiftsourceinfo (in target 'LocalNotificationsPlugin' from project 'CapacitorLocalNotifications')
    cd /Users/runner/work/safe-link-v2/safe-link-v2/apps/mobile/node_modules/@capacitor/local-notifications
    builtin-copy -exclude .DS_Store -exclude CVS -exclude .svn -exclude .git -exclude .hg -resolve-src-symlinks -rename /Users/runner/work/safe-link-v2/safe-link-v2/.tmp/ios-derived-data/Build/Intermediates.noindex/CapacitorLocalNotifications.build/Debug-iphonesimulator/LocalNotificationsPlugin.build/Objects-normal/x86_64/LocalNotificationsPlugin.swiftsourceinfo /Users/runner/work/safe-link-v2/safe-link-v2/.tmp/ios-derived-data/Build/Products/Debug-iphonesimulator/LocalNotificationsPlugin.swiftmodule/Project/x86_64-apple-ios-simulator.swiftsourceinfo

SwiftDriver\ Compilation PreferencesPlugin normal arm64 com.apple.xcode.tools.swift.compiler (in target 'PreferencesPlugin' from project 'CapacitorPreferences')
    cd /Users/runner/work/safe-link-v2/safe-link-v2/apps/mobile/ios/App/App.xcodeproj
    builtin-Swift-Compilation -- /Applications/Xcode_26.5.app/Contents/Developer/Toolchains/XcodeDefault.xctoolchain/usr/bin/swiftc -module-name PreferencesPlugin -Onone @/Users/runner/work/safe-link-v2/safe-link-v2/.tmp/ios-derived-data/Build/Intermediates.noindex/CapacitorPreferences.build/Debug-iphonesimulator/PreferencesPlugin.build/Objects-normal/arm64/PreferencesPlugin.SwiftFileList -DSWIFT_PACKAGE -DDEBUG -DSWIFT_MODULE_RESOURCE_BUNDLE_UNAVAILABLE -DXcode -plugin-path /Applications/Xcode_26.5.app/Contents/Developer/Toolchains/XcodeDefault.xctoolchain/usr/lib/swift/host/plugins/testing -enable-experimental-feature DebugDescriptionMacro -sdk /Applications/Xcode_26.5.app/Contents/Developer/Platforms/iPhoneSimulator.platform/Developer/SDKs/iPhoneSimulator26.5.sdk -target arm64-apple-ios15.0-simulator -g -module-cache-path /Users/runner/work/safe-link-v2/safe-link-v2/.tmp/ios-derived-data/ModuleCache.noindex -Xfrontend -serialize-debugging-options -enable-testing -suppress-warnings -index-store-path /Users/runner/work/safe-link-v2/safe-link-v2/.tmp/ios-derived-data/Index.noindex/DataStore -Xcc -D_LIBCPP_HARDENING_MODE\=_LIBCPP_HARDENING_MODE_DEBUG -swift-version 5 -I /Users/runner/work/safe-link-v2/safe-link-v2/.tmp/ios-derived-data/Build/Products/Debug-iphonesimulator -Isystem /Applications/Xcode_26.5.app/Contents/Developer/Platforms/iPhoneSimulator.platform/Developer/usr/lib -F /Users/runner/work/safe-link-v2/safe-link-v2/.tmp/ios-derived-data/Build/Products/Debug-iphonesimulator -F /Applications/Xcode_26.5.app/Contents/Developer/Platforms/iPhoneSimulator.platform/Developer/Library/Frameworks -F /Applications/Xcode_26.5.app/Contents/Developer/Platforms/iPhoneSimulator.platform/Developer/SDKs/iPhoneSimulator26.5.sdk/Developer/Library/Frameworks -c -j3 -enable-batch-mode -incremental -Xcc -ivfsstatcache -Xcc /Users/runner/work/safe-link-v2/safe-link-v2/.tmp/ios-derived-data/SDKStatCaches.noindex/iphonesimulator26.5-23F73-688ef53f1462e2c8f657fdc38a81448ffb7d586738ff35573a713a18216ade27.sdkstatcache -output-file-map /Users/runner/work/safe-link-v2/safe-link-v2/.tmp/ios-derived-data/Build/Intermediates.noindex/CapacitorPreferences.build/Debug-iphonesimulator/PreferencesPlugin.build/Objects-normal/arm64/PreferencesPlugin-OutputFileMap.json -use-frontend-parseable-output -save-temps -no-color-diagnostics -explicit-module-build -module-cache-path /Users/runner/work/safe-link-v2/safe-link-v2/.tmp/ios-derived-data/Build/Intermediates.noindex/SwiftExplicitPrecompiledModules -clang-scanner-module-cache-path /Users/runner/work/safe-link-v2/safe-link-v2/.tmp/ios-derived-data/ModuleCache.noindex -sdk-module-cache-path /Users/runner/work/safe-link-v2/safe-link-v2/.tmp/ios-derived-data/ModuleCache.noindex -serialize-diagnostics -emit-dependencies -emit-module -emit-module-path /Users/runner/work/safe-link-v2/safe-link-v2/.tmp/ios-derived-data/Build/Intermediates.noindex/CapacitorPreferences.build/Debug-iphonesimulator/PreferencesPlugin.build/Objects-normal/arm64/PreferencesPlugin.swiftmodule -validate-clang-modules-once -clang-build-session-file /Users/runner/work/safe-link-v2/safe-link-v2/.tmp/ios-derived-data/ModuleCache.noindex/Session.modulevalidation -package-name preferences -Xcc -I/Users/runner/work/safe-link-v2/safe-link-v2/.tmp/ios-derived-data/Build/Intermediates.noindex/CapacitorPreferences.build/Debug-iphonesimulator/PreferencesPlugin.build/swift-overrides.hmap -emit-const-values -Xfrontend -const-gather-protocols-file -Xfrontend /Users/runner/work/safe-link-v2/safe-link-v2/.tmp/ios-derived-data/Build/Intermediates.noindex/CapacitorPreferences.build/Debug-iphonesimulator/PreferencesPlugin.build/Objects-normal/arm64/PreferencesPlugin_const_extract_protocols.json -Xcc -I/Users/runner/work/safe-link-v2/safe-link-v2/.tmp/ios-derived-data/Build/Products/Debug-iphonesimulator/include -Xcc -I/Users/runner/work/safe-link-v2/safe-link-v2/.tmp/ios-derived-data/Build/Intermediates.noindex/CapacitorPreferences.build/Debug-iphonesimulator/PreferencesPlugin.build/DerivedSources-normal/arm64 -Xcc -I/Users/runner/work/safe-link-v2/safe-link-v2/.tmp/ios-derived-data/Build/Intermediates.noindex/CapacitorPreferences.build/Debug-iphonesimulator/PreferencesPlugin.build/DerivedSources/arm64 -Xcc -I/Users/runner/work/safe-link-v2/safe-link-v2/.tmp/ios-derived-data/Build/Intermediates.noindex/CapacitorPreferences.build/Debug-iphonesimulator/PreferencesPlugin.build/DerivedSources -Xcc -DSWIFT_PACKAGE -Xcc -DDEBUG\=1 -emit-objc-header -emit-objc-header-path /Users/runner/work/safe-link-v2/safe-link-v2/.tmp/ios-derived-data/Build/Intermediates.noindex/CapacitorPreferences.build/Debug-iphonesimulator/PreferencesPlugin.build/Objects-normal/arm64/PreferencesPlugin-Swift.h -working-directory /Users/runner/work/safe-link-v2/safe-link-v2/apps/mobile/ios/App/App.xcodeproj -experimental-emit-module-separately -disable-cmo

SwiftCompile normal arm64 Compiling\ LocalNotificationsPlugin.swift /Users/runner/work/safe-link-v2/safe-link-v2/apps/mobile/node_modules/@capacitor/local-notifications/ios/Sources/LocalNotificationsPlugin/LocalNotificationsPlugin.swift (in target 'LocalNotificationsPlugin' from project 'CapacitorLocalNotifications')
SwiftCompile normal arm64 /Users/runner/work/safe-link-v2/safe-link-v2/apps/mobile/node_modules/@capacitor/local-notifications/ios/Sources/LocalNotificationsPlugin/LocalNotificationsPlugin.swift (in target 'LocalNotificationsPlugin' from project 'CapacitorLocalNotifications')
    cd /Users/runner/work/safe-link-v2/safe-link-v2/apps/mobile/ios/App/App.xcodeproj


SwiftCompile normal x86_64 Compiling\ LocalNotificationsHandler.swift /Users/runner/work/safe-link-v2/safe-link-v2/apps/mobile/node_modules/@capacitor/local-notifications/ios/Sources/LocalNotificationsPlugin/LocalNotificationsHandler.swift (in target 'LocalNotificationsPlugin' from project 'CapacitorLocalNotifications')

SwiftCompile normal x86_64 /Users/runner/work/safe-link-v2/safe-link-v2/apps/mobile/node_modules/@capacitor/local-notifications/ios/Sources/LocalNotificationsPlugin/LocalNotificationsHandler.swift (in target 'LocalNotificationsPlugin' from project 'CapacitorLocalNotifications')
    cd /Users/runner/work/safe-link-v2/safe-link-v2/apps/mobile/ios/App/App.xcodeproj


SwiftDriverJobDiscovery normal x86_64 Compiling Preferences.swift (in target 'PreferencesPlugin' from project 'CapacitorPreferences')

SwiftDriver\ Compilation PreferencesPlugin normal x86_64 com.apple.xcode.tools.swift.compiler (in target 'PreferencesPlugin' from project 'CapacitorPreferences')
    cd /Users/runner/work/safe-link-v2/safe-link-v2/apps/mobile/ios/App/App.xcodeproj
    builtin-Swift-Compilation -- /Applications/Xcode_26.5.app/Contents/Developer/Toolchains/XcodeDefault.xctoolchain/usr/bin/swiftc -module-name PreferencesPlugin -Onone @/Users/runner/work/safe-link-v2/safe-link-v2/.tmp/ios-derived-data/Build/Intermediates.noindex/CapacitorPreferences.build/Debug-iphonesimulator/PreferencesPlugin.build/Objects-normal/x86_64/PreferencesPlugin.SwiftFileList -DSWIFT_PACKAGE -DDEBUG -DSWIFT_MODULE_RESOURCE_BUNDLE_UNAVAILABLE -DXcode -plugin-path /Applications/Xcode_26.5.app/Contents/Developer/Toolchains/XcodeDefault.xctoolchain/usr/lib/swift/host/plugins/testing -enable-experimental-feature DebugDescriptionMacro -sdk /Applications/Xcode_26.5.app/Contents/Developer/Platforms/iPhoneSimulator.platform/Developer/SDKs/iPhoneSimulator26.5.sdk -target x86_64-apple-ios15.0-simulator -g -module-cache-path /Users/runner/work/safe-link-v2/safe-link-v2/.tmp/ios-derived-data/ModuleCache.noindex -Xfrontend -serialize-debugging-options -enable-testing -suppress-warnings -index-store-path /Users/runner/work/safe-link-v2/safe-link-v2/.tmp/ios-derived-data/Index.noindex/DataStore -Xcc -D_LIBCPP_HARDENING_MODE\=_LIBCPP_HARDENING_MODE_DEBUG -swift-version 5 -I /Users/runner/work/safe-link-v2/safe-link-v2/.tmp/ios-derived-data/Build/Products/Debug-iphonesimulator -Isystem /Applications/Xcode_26.5.app/Contents/Developer/Platforms/iPhoneSimulator.platform/Developer/usr/lib -F /Users/runner/work/safe-link-v2/safe-link-v2/.tmp/ios-derived-data/Build/Products/Debug-iphonesimulator -F /Applications/Xcode_26.5.app/Contents/Developer/Platforms/iPhoneSimulator.platform/Developer/Library/Frameworks -F /Applications/Xcode_26.5.app/Contents/Developer/Platforms/iPhoneSimulator.platform/Developer/SDKs/iPhoneSimulator26.5.sdk/Developer/Library/Frameworks -c -j3 -enable-batch-mode -incremental -Xcc -ivfsstatcache -Xcc /Users/runner/work/safe-link-v2/safe-link-v2/.tmp/ios-derived-data/SDKStatCaches.noindex/iphonesimulator26.5-23F73-688ef53f1462e2c8f657fdc38a81448ffb7d586738ff35573a713a18216ade27.sdkstatcache -output-file-map /Users/runner/work/safe-link-v2/safe-link-v2/.tmp/ios-derived-data/Build/Intermediates.noindex/CapacitorPreferences.build/Debug-iphonesimulator/PreferencesPlugin.build/Objects-normal/x86_64/PreferencesPlugin-OutputFileMap.json -use-frontend-parseable-output -save-temps -no-color-diagnostics -explicit-module-build -module-cache-path /Users/runner/work/safe-link-v2/safe-link-v2/.tmp/ios-derived-data/Build/Intermediates.noindex/SwiftExplicitPrecompiledModules -clang-scanner-module-cache-path /Users/runner/work/safe-link-v2/safe-link-v2/.tmp/ios-derived-data/ModuleCache.noindex -sdk-module-cache-path /Users/runner/work/safe-link-v2/safe-link-v2/.tmp/ios-derived-data/ModuleCache.noindex -serialize-diagnostics -emit-dependencies -emit-module -emit-module-path /Users/runner/work/safe-link-v2/safe-link-v2/.tmp/ios-derived-data/Build/Intermediates.noindex/CapacitorPreferences.build/Debug-iphonesimulator/PreferencesPlugin.build/Objects-normal/x86_64/PreferencesPlugin.swiftmodule -validate-clang-modules-once -clang-build-session-file /Users/runner/work/safe-link-v2/safe-link-v2/.tmp/ios-derived-data/ModuleCache.noindex/Session.modulevalidation -package-name preferences -Xcc -I/Users/runner/work/safe-link-v2/safe-link-v2/.tmp/ios-derived-data/Build/Intermediates.noindex/CapacitorPreferences.build/Debug-iphonesimulator/PreferencesPlugin.build/swift-overrides.hmap -emit-const-values -Xfrontend -const-gather-protocols-file -Xfrontend /Users/runner/work/safe-link-v2/safe-link-v2/.tmp/ios-derived-data/Build/Intermediates.noindex/CapacitorPreferences.build/Debug-iphonesimulator/PreferencesPlugin.build/Objects-normal/x86_64/PreferencesPlugin_const_extract_protocols.json -Xcc -I/Users/runner/work/safe-link-v2/safe-link-v2/.tmp/ios-derived-data/Build/Products/Debug-iphonesimulator/include -Xcc -I/Users/runner/work/safe-link-v2/safe-link-v2/.tmp/ios-derived-data/Build/Intermediates.noindex/CapacitorPreferences.build/Debug-iphonesimulator/PreferencesPlugin.build/DerivedSources-normal/x86_64 -Xcc -I/Users/runner/work/safe-link-v2/safe-link-v2/.tmp/ios-derived-data/Build/Intermediates.noindex/CapacitorPreferences.build/Debug-iphonesimulator/PreferencesPlugin.build/DerivedSources/x86_64 -Xcc -I/Users/runner/work/safe-link-v2/safe-link-v2/.tmp/ios-derived-data/Build/Intermediates.noindex/CapacitorPreferences.build/Debug-iphonesimulator/PreferencesPlugin.build/DerivedSources -Xcc -DSWIFT_PACKAGE -Xcc -DDEBUG\=1 -emit-objc-header -emit-objc-header-path /Users/runner/work/safe-link-v2/safe-link-v2/.tmp/ios-derived-data/Build/Intermediates.noindex/CapacitorPreferences.build/Debug-iphonesimulator/PreferencesPlugin.build/Objects-normal/x86_64/PreferencesPlugin-Swift.h -working-directory /Users/runner/work/safe-link-v2/safe-link-v2/apps/mobile/ios/App/App.xcodeproj -experimental-emit-module-separately -disable-cmo

SwiftDriverJobDiscovery normal x86_64 Compiling LocalNotificationsPlugin.swift (in target 'LocalNotificationsPlugin' from project 'CapacitorLocalNotifications')

SwiftCompile normal arm64 Compiling\ LocalNotificationsHandler.swift /Users/runner/work/safe-link-v2/safe-link-v2/apps/mobile/node_modules/@capacitor/local-notifications/ios/Sources/LocalNotificationsPlugin/LocalNotificationsHandler.swift (in target 'LocalNotificationsPlugin' from project 'CapacitorLocalNotifications')
SwiftCompile normal arm64 /Users/runner/work/safe-link-v2/safe-link-v2/apps/mobile/node_modules/@capacitor/local-notifications/ios/Sources/LocalNotificationsPlugin/LocalNotificationsHandler.swift (in target 'LocalNotificationsPlugin' from project 'CapacitorLocalNotifications')
    cd /Users/runner/work/safe-link-v2/safe-link-v2/apps/mobile/ios/App/App.xcodeproj


SwiftDriverJobDiscovery normal x86_64 Compiling LocalNotificationsHandler.swift (in target 'LocalNotificationsPlugin' from project 'CapacitorLocalNotifications')

SwiftDriver\ Compilation LocalNotificationsPlugin normal x86_64 com.apple.xcode.tools.swift.compiler (in target 'LocalNotificationsPlugin' from project 'CapacitorLocalNotifications')
    cd /Users/runner/work/safe-link-v2/safe-link-v2/apps/mobile/ios/App/App.xcodeproj
    builtin-Swift-Compilation -- /Applications/Xcode_26.5.app/Contents/Developer/Toolchains/XcodeDefault.xctoolchain/usr/bin/swiftc -module-name LocalNotificationsPlugin -Onone @/Users/runner/work/safe-link-v2/safe-link-v2/.tmp/ios-derived-data/Build/Intermediates.noindex/CapacitorLocalNotifications.build/Debug-iphonesimulator/LocalNotificationsPlugin.build/Objects-normal/x86_64/LocalNotificationsPlugin.SwiftFileList -DSWIFT_PACKAGE -DDEBUG -DSWIFT_MODULE_RESOURCE_BUNDLE_UNAVAILABLE -DXcode -plugin-path /Applications/Xcode_26.5.app/Contents/Developer/Toolchains/XcodeDefault.xctoolchain/usr/lib/swift/host/plugins/testing -enable-experimental-feature DebugDescriptionMacro -sdk /Applications/Xcode_26.5.app/Contents/Developer/Platforms/iPhoneSimulator.platform/Developer/SDKs/iPhoneSimulator26.5.sdk -target x86_64-apple-ios15.0-simulator -g -module-cache-path /Users/runner/work/safe-link-v2/safe-link-v2/.tmp/ios-derived-data/ModuleCache.noindex -Xfrontend -serialize-debugging-options -enable-testing -suppress-warnings -index-store-path /Users/runner/work/safe-link-v2/safe-link-v2/.tmp/ios-derived-data/Index.noindex/DataStore -Xcc -D_LIBCPP_HARDENING_MODE\=_LIBCPP_HARDENING_MODE_DEBUG -swift-version 5 -I /Users/runner/work/safe-link-v2/safe-link-v2/.tmp/ios-derived-data/Build/Products/Debug-iphonesimulator -Isystem /Applications/Xcode_26.5.app/Contents/Developer/Platforms/iPhoneSimulator.platform/Developer/usr/lib -F /Users/runner/work/safe-link-v2/safe-link-v2/.tmp/ios-derived-data/Build/Products/Debug-iphonesimulator -F /Applications/Xcode_26.5.app/Contents/Developer/Platforms/iPhoneSimulator.platform/Developer/Library/Frameworks -F /Applications/Xcode_26.5.app/Contents/Developer/Platforms/iPhoneSimulator.platform/Developer/SDKs/iPhoneSimulator26.5.sdk/Developer/Library/Frameworks -c -j3 -enable-batch-mode -incremental -Xcc -ivfsstatcache -Xcc /Users/runner/work/safe-link-v2/safe-link-v2/.tmp/ios-derived-data/SDKStatCaches.noindex/iphonesimulator26.5-23F73-688ef53f1462e2c8f657fdc38a81448ffb7d586738ff35573a713a18216ade27.sdkstatcache -output-file-map /Users/runner/work/safe-link-v2/safe-link-v2/.tmp/ios-derived-data/Build/Intermediates.noindex/CapacitorLocalNotifications.build/Debug-iphonesimulator/LocalNotificationsPlugin.build/Objects-normal/x86_64/LocalNotificationsPlugin-OutputFileMap.json -use-frontend-parseable-output -save-temps -no-color-diagnostics -explicit-module-build -module-cache-path /Users/runner/work/safe-link-v2/safe-link-v2/.tmp/ios-derived-data/Build/Intermediates.noindex/SwiftExplicitPrecompiledModules -clang-scanner-module-cache-path /Users/runner/work/safe-link-v2/safe-link-v2/.tmp/ios-derived-data/ModuleCache.noindex -sdk-module-cache-path /Users/runner/work/safe-link-v2/safe-link-v2/.tmp/ios-derived-data/ModuleCache.noindex -serialize-diagnostics -emit-dependencies -emit-module -emit-module-path /Users/runner/work/safe-link-v2/safe-link-v2/.tmp/ios-derived-data/Build/Intermediates.noindex/CapacitorLocalNotifications.build/Debug-iphonesimulator/LocalNotificationsPlugin.build/Objects-normal/x86_64/LocalNotificationsPlugin.swiftmodule -validate-clang-modules-once -clang-build-session-file /Users/runner/work/safe-link-v2/safe-link-v2/.tmp/ios-derived-data/ModuleCache.noindex/Session.modulevalidation -package-name local_notifications -Xcc -I/Users/runner/work/safe-link-v2/safe-link-v2/.tmp/ios-derived-data/Build/Intermediates.noindex/CapacitorLocalNotifications.build/Debug-iphonesimulator/LocalNotificationsPlugin.build/swift-overrides.hmap -emit-const-values -Xfrontend -const-gather-protocols-file -Xfrontend /Users/runner/work/safe-link-v2/safe-link-v2/.tmp/ios-derived-data/Build/Intermediates.noindex/CapacitorLocalNotifications.build/Debug-iphonesimulator/LocalNotificationsPlugin.build/Objects-normal/x86_64/LocalNotificationsPlugin_const_extract_protocols.json -Xcc -I/Users/runner/work/safe-link-v2/safe-link-v2/.tmp/ios-derived-data/Build/Products/Debug-iphonesimulator/include -Xcc -I/Users/runner/work/safe-link-v2/safe-link-v2/.tmp/ios-derived-data/Build/Intermediates.noindex/CapacitorLocalNotifications.build/Debug-iphonesimulator/LocalNotificationsPlugin.build/DerivedSources-normal/x86_64 -Xcc -I/Users/runner/work/safe-link-v2/safe-link-v2/.tmp/ios-derived-data/Build/Intermediates.noindex/CapacitorLocalNotifications.build/Debug-iphonesimulator/LocalNotificationsPlugin.build/DerivedSources/x86_64 -Xcc -I/Users/runner/work/safe-link-v2/safe-link-v2/.tmp/ios-derived-data/Build/Intermediates.noindex/CapacitorLocalNotifications.build/Debug-iphonesimulator/LocalNotificationsPlugin.build/DerivedSources -Xcc -DSWIFT_PACKAGE -Xcc -DDEBUG\=1 -emit-objc-header -emit-objc-header-path /Users/runner/work/safe-link-v2/safe-link-v2/.tmp/ios-derived-data/Build/Intermediates.noindex/CapacitorLocalNotifications.build/Debug-iphonesimulator/LocalNotificationsPlugin.build/Objects-normal/x86_64/LocalNotificationsPlugin-Swift.h -working-directory /Users/runner/work/safe-link-v2/safe-link-v2/apps/mobile/ios/App/App.xcodeproj -experimental-emit-module-separately -disable-cmo

Ld /Users/runner/work/safe-link-v2/safe-link-v2/.tmp/ios-derived-data/Build/Intermediates.noindex/CapacitorPreferences.build/Debug-iphonesimulator/PreferencesPlugin.build/Objects-normal/x86_64/Binary/PreferencesPlugin.o normal x86_64 (in target 'PreferencesPlugin' from project 'CapacitorPreferences')
    cd /Users/runner/work/safe-link-v2/safe-link-v2/apps/mobile/node_modules/@capacitor/preferences
    /Applications/Xcode_26.5.app/Contents/Developer/Toolchains/XcodeDefault.xctoolchain/usr/bin/clang -Xlinker -reproducible -target x86_64-apple-ios15.0-simulator -r -isysroot /Applications/Xcode_26.5.app/Contents/Developer/Platforms/iPhoneSimulator.platform/Developer/SDKs/iPhoneSimulator26.5.sdk -O0 -w -F/Users/runner/work/safe-link-v2/safe-link-v2/.tmp/ios-derived-data/Build/Intermediates.noindex/EagerLinkingTBDs/Debug-iphonesimulator -F/Users/runner/work/safe-link-v2/safe-link-v2/.tmp/ios-derived-data/Build/Products/Debug-iphonesimulator -iframework /Applications/Xcode_26.5.app/Contents/Developer/Platforms/iPhoneSimulator.platform/Developer/Library/Frameworks -iframework /Applications/Xcode_26.5.app/Contents/Developer/Platforms/iPhoneSimulator.platform/Developer/SDKs/iPhoneSimulator26.5.sdk/Developer/Library/Frameworks -filelist /Users/runner/work/safe-link-v2/safe-link-v2/.tmp/ios-derived-data/Build/Intermediates.noindex/CapacitorPreferences.build/Debug-iphonesimulator/PreferencesPlugin.build/Objects-normal/x86_64/PreferencesPlugin.LinkFileList -nostdlib -Xlinker -object_path_lto -Xlinker /Users/runner/work/safe-link-v2/safe-link-v2/.tmp/ios-derived-data/Build/Intermediates.noindex/CapacitorPreferences.build/Debug-iphonesimulator/PreferencesPlugin.build/Objects-normal/x86_64/PreferencesPlugin_lto.o -Xlinker -no_deduplicate -Xlinker -objc_abi_version -Xlinker 2 -Xlinker -dependency_info -Xlinker /Users/runner/work/safe-link-v2/safe-link-v2/.tmp/ios-derived-data/Build/Intermediates.noindex/CapacitorPreferences.build/Debug-iphonesimulator/PreferencesPlugin.build/Objects-normal/x86_64/PreferencesPlugin_dependency_info.dat -fobjc-link-runtime -L/Applications/Xcode_26.5.app/Contents/Developer/Toolchains/XcodeDefault.xctoolchain/usr/lib/swift/iphonesimulator -L/usr/lib/swift -Xlinker -add_ast_path -Xlinker /Users/runner/work/safe-link-v2/safe-link-v2/.tmp/ios-derived-data/Build/Intermediates.noindex/CapacitorPreferences.build/Debug-iphonesimulator/PreferencesPlugin.build/Objects-normal/x86_64/PreferencesPlugin.swiftmodule @/Users/runner/work/safe-link-v2/safe-link-v2/.tmp/ios-derived-data/Build/Intermediates.noindex/CapacitorPreferences.build/Debug-iphonesimulator/PreferencesPlugin.build/Objects-normal/x86_64/PreferencesPlugin-linker-args.resp -o /Users/runner/work/safe-link-v2/safe-link-v2/.tmp/ios-derived-data/Build/Intermediates.noindex/CapacitorPreferences.build/Debug-iphonesimulator/PreferencesPlugin.build/Objects-normal/x86_64/Binary/PreferencesPlugin.o

Ld /Users/runner/work/safe-link-v2/safe-link-v2/.tmp/ios-derived-data/Build/Intermediates.noindex/CapacitorPreferences.build/Debug-iphonesimulator/PreferencesPlugin.build/Objects-normal/arm64/Binary/PreferencesPlugin.o normal arm64 (in target 'PreferencesPlugin' from project 'CapacitorPreferences')
    cd /Users/runner/work/safe-link-v2/safe-link-v2/apps/mobile/node_modules/@capacitor/preferences
    /Applications/Xcode_26.5.app/Contents/Developer/Toolchains/XcodeDefault.xctoolchain/usr/bin/clang -Xlinker -reproducible -target arm64-apple-ios15.0-simulator -r -isysroot /Applications/Xcode_26.5.app/Contents/Developer/Platforms/iPhoneSimulator.platform/Developer/SDKs/iPhoneSimulator26.5.sdk -O0 -w -F/Users/runner/work/safe-link-v2/safe-link-v2/.tmp/ios-derived-data/Build/Intermediates.noindex/EagerLinkingTBDs/Debug-iphonesimulator -F/Users/runner/work/safe-link-v2/safe-link-v2/.tmp/ios-derived-data/Build/Products/Debug-iphonesimulator -iframework /Applications/Xcode_26.5.app/Contents/Developer/Platforms/iPhoneSimulator.platform/Developer/Library/Frameworks -iframework /Applications/Xcode_26.5.app/Contents/Developer/Platforms/iPhoneSimulator.platform/Developer/SDKs/iPhoneSimulator26.5.sdk/Developer/Library/Frameworks -filelist /Users/runner/work/safe-link-v2/safe-link-v2/.tmp/ios-derived-data/Build/Intermediates.noindex/CapacitorPreferences.build/Debug-iphonesimulator/PreferencesPlugin.build/Objects-normal/arm64/PreferencesPlugin.LinkFileList -nostdlib -Xlinker -object_path_lto -Xlinker /Users/runner/work/safe-link-v2/safe-link-v2/.tmp/ios-derived-data/Build/Intermediates.noindex/CapacitorPreferences.build/Debug-iphonesimulator/PreferencesPlugin.build/Objects-normal/arm64/PreferencesPlugin_lto.o -Xlinker -no_deduplicate -Xlinker -objc_abi_version -Xlinker 2 -Xlinker -dependency_info -Xlinker /Users/runner/work/safe-link-v2/safe-link-v2/.tmp/ios-derived-data/Build/Intermediates.noindex/CapacitorPreferences.build/Debug-iphonesimulator/PreferencesPlugin.build/Objects-normal/arm64/PreferencesPlugin_dependency_info.dat -fobjc-link-runtime -L/Applications/Xcode_26.5.app/Contents/Developer/Toolchains/XcodeDefault.xctoolchain/usr/lib/swift/iphonesimulator -L/usr/lib/swift -Xlinker -add_ast_path -Xlinker /Users/runner/work/safe-link-v2/safe-link-v2/.tmp/ios-derived-data/Build/Intermediates.noindex/CapacitorPreferences.build/Debug-iphonesimulator/PreferencesPlugin.build/Objects-normal/arm64/PreferencesPlugin.swiftmodule @/Users/runner/work/safe-link-v2/safe-link-v2/.tmp/ios-derived-data/Build/Intermediates.noindex/CapacitorPreferences.build/Debug-iphonesimulator/PreferencesPlugin.build/Objects-normal/arm64/PreferencesPlugin-linker-args.resp -o /Users/runner/work/safe-link-v2/safe-link-v2/.tmp/ios-derived-data/Build/Intermediates.noindex/CapacitorPreferences.build/Debug-iphonesimulator/PreferencesPlugin.build/Objects-normal/arm64/Binary/PreferencesPlugin.o

SwiftDriverJobDiscovery normal arm64 Compiling LocalNotificationsPlugin.swift (in target 'LocalNotificationsPlugin' from project 'CapacitorLocalNotifications')

Ld /Users/runner/work/safe-link-v2/safe-link-v2/.tmp/ios-derived-data/Build/Intermediates.noindex/CapacitorLocalNotifications.build/Debug-iphonesimulator/LocalNotificationsPlugin.build/Objects-normal/x86_64/Binary/LocalNotificationsPlugin.o normal x86_64 (in target 'LocalNotificationsPlugin' from project 'CapacitorLocalNotifications')
    cd /Users/runner/work/safe-link-v2/safe-link-v2/apps/mobile/node_modules/@capacitor/local-notifications
    /Applications/Xcode_26.5.app/Contents/Developer/Toolchains/XcodeDefault.xctoolchain/usr/bin/clang -Xlinker -reproducible -target x86_64-apple-ios15.0-simulator -r -isysroot /Applications/Xcode_26.5.app/Contents/Developer/Platforms/iPhoneSimulator.platform/Developer/SDKs/iPhoneSimulator26.5.sdk -O0 -w -F/Users/runner/work/safe-link-v2/safe-link-v2/.tmp/ios-derived-data/Build/Intermediates.noindex/EagerLinkingTBDs/Debug-iphonesimulator -F/Users/runner/work/safe-link-v2/safe-link-v2/.tmp/ios-derived-data/Build/Products/Debug-iphonesimulator -iframework /Applications/Xcode_26.5.app/Contents/Developer/Platforms/iPhoneSimulator.platform/Developer/Library/Frameworks -iframework /Applications/Xcode_26.5.app/Contents/Developer/Platforms/iPhoneSimulator.platform/Developer/SDKs/iPhoneSimulator26.5.sdk/Developer/Library/Frameworks -filelist /Users/runner/work/safe-link-v2/safe-link-v2/.tmp/ios-derived-data/Build/Intermediates.noindex/CapacitorLocalNotifications.build/Debug-iphonesimulator/LocalNotificationsPlugin.build/Objects-normal/x86_64/LocalNotificationsPlugin.LinkFileList -nostdlib -Xlinker -object_path_lto -Xlinker /Users/runner/work/safe-link-v2/safe-link-v2/.tmp/ios-derived-data/Build/Intermediates.noindex/CapacitorLocalNotifications.build/Debug-iphonesimulator/LocalNotificationsPlugin.build/Objects-normal/x86_64/LocalNotificationsPlugin_lto.o -Xlinker -no_deduplicate -Xlinker -objc_abi_version -Xlinker 2 -Xlinker -dependency_info -Xlinker /Users/runner/work/safe-link-v2/safe-link-v2/.tmp/ios-derived-data/Build/Intermediates.noindex/CapacitorLocalNotifications.build/Debug-iphonesimulator/LocalNotificationsPlugin.build/Objects-normal/x86_64/LocalNotificationsPlugin_dependency_info.dat -fobjc-link-runtime -L/Applications/Xcode_26.5.app/Contents/Developer/Toolchains/XcodeDefault.xctoolchain/usr/lib/swift/iphonesimulator -L/usr/lib/swift -Xlinker -add_ast_path -Xlinker /Users/runner/work/safe-link-v2/safe-link-v2/.tmp/ios-derived-data/Build/Intermediates.noindex/CapacitorLocalNotifications.build/Debug-iphonesimulator/LocalNotificationsPlugin.build/Objects-normal/x86_64/LocalNotificationsPlugin.swiftmodule @/Users/runner/work/safe-link-v2/safe-link-v2/.tmp/ios-derived-data/Build/Intermediates.noindex/CapacitorLocalNotifications.build/Debug-iphonesimulator/LocalNotificationsPlugin.build/Objects-normal/x86_64/LocalNotificationsPlugin-linker-args.resp -o /Users/runner/work/safe-link-v2/safe-link-v2/.tmp/ios-derived-data/Build/Intermediates.noindex/CapacitorLocalNotifications.build/Debug-iphonesimulator/LocalNotificationsPlugin.build/Objects-normal/x86_64/Binary/LocalNotificationsPlugin.o

CreateUniversalBinary /Users/runner/work/safe-link-v2/safe-link-v2/.tmp/ios-derived-data/Build/Products/Debug-iphonesimulator/PreferencesPlugin.o normal arm64\ x86_64 (in target 'PreferencesPlugin' from project 'CapacitorPreferences')
    cd /Users/runner/work/safe-link-v2/safe-link-v2/apps/mobile/node_modules/@capacitor/preferences
    /Applications/Xcode_26.5.app/Contents/Developer/Toolchains/XcodeDefault.xctoolchain/usr/bin/lipo -create /Users/runner/work/safe-link-v2/safe-link-v2/.tmp/ios-derived-data/Build/Intermediates.noindex/CapacitorPreferences.build/Debug-iphonesimulator/PreferencesPlugin.build/Objects-normal/arm64/Binary/PreferencesPlugin.o /Users/runner/work/safe-link-v2/safe-link-v2/.tmp/ios-derived-data/Build/Intermediates.noindex/CapacitorPreferences.build/Debug-iphonesimulator/PreferencesPlugin.build/Objects-normal/x86_64/Binary/PreferencesPlugin.o -output /Users/runner/work/safe-link-v2/safe-link-v2/.tmp/ios-derived-data/Build/Products/Debug-iphonesimulator/PreferencesPlugin.o

SwiftDriverJobDiscovery normal arm64 Compiling LocalNotificationsHandler.swift (in target 'LocalNotificationsPlugin' from project 'CapacitorLocalNotifications')

SwiftDriver\ Compilation LocalNotificationsPlugin normal arm64 com.apple.xcode.tools.swift.compiler (in target 'LocalNotificationsPlugin' from project 'CapacitorLocalNotifications')
    cd /Users/runner/work/safe-link-v2/safe-link-v2/apps/mobile/ios/App/App.xcodeproj
    builtin-Swift-Compilation -- /Applications/Xcode_26.5.app/Contents/Developer/Toolchains/XcodeDefault.xctoolchain/usr/bin/swiftc -module-name LocalNotificationsPlugin -Onone @/Users/runner/work/safe-link-v2/safe-link-v2/.tmp/ios-derived-data/Build/Intermediates.noindex/CapacitorLocalNotifications.build/Debug-iphonesimulator/LocalNotificationsPlugin.build/Objects-normal/arm64/LocalNotificationsPlugin.SwiftFileList -DSWIFT_PACKAGE -DDEBUG -DSWIFT_MODULE_RESOURCE_BUNDLE_UNAVAILABLE -DXcode -plugin-path /Applications/Xcode_26.5.app/Contents/Developer/Toolchains/XcodeDefault.xctoolchain/usr/lib/swift/host/plugins/testing -enable-experimental-feature DebugDescriptionMacro -sdk /Applications/Xcode_26.5.app/Contents/Developer/Platforms/iPhoneSimulator.platform/Developer/SDKs/iPhoneSimulator26.5.sdk -target arm64-apple-ios15.0-simulator -g -module-cache-path /Users/runner/work/safe-link-v2/safe-link-v2/.tmp/ios-derived-data/ModuleCache.noindex -Xfrontend -serialize-debugging-options -enable-testing -suppress-warnings -index-store-path /Users/runner/work/safe-link-v2/safe-link-v2/.tmp/ios-derived-data/Index.noindex/DataStore -Xcc -D_LIBCPP_HARDENING_MODE\=_LIBCPP_HARDENING_MODE_DEBUG -swift-version 5 -I /Users/runner/work/safe-link-v2/safe-link-v2/.tmp/ios-derived-data/Build/Products/Debug-iphonesimulator -Isystem /Applications/Xcode_26.5.app/Contents/Developer/Platforms/iPhoneSimulator.platform/Developer/usr/lib -F /Users/runner/work/safe-link-v2/safe-link-v2/.tmp/ios-derived-data/Build/Products/Debug-iphonesimulator -F /Applications/Xcode_26.5.app/Contents/Developer/Platforms/iPhoneSimulator.platform/Developer/Library/Frameworks -F /Applications/Xcode_26.5.app/Contents/Developer/Platforms/iPhoneSimulator.platform/Developer/SDKs/iPhoneSimulator26.5.sdk/Developer/Library/Frameworks -c -j3 -enable-batch-mode -incremental -Xcc -ivfsstatcache -Xcc /Users/runner/work/safe-link-v2/safe-link-v2/.tmp/ios-derived-data/SDKStatCaches.noindex/iphonesimulator26.5-23F73-688ef53f1462e2c8f657fdc38a81448ffb7d586738ff35573a713a18216ade27.sdkstatcache -output-file-map /Users/runner/work/safe-link-v2/safe-link-v2/.tmp/ios-derived-data/Build/Intermediates.noindex/CapacitorLocalNotifications.build/Debug-iphonesimulator/LocalNotificationsPlugin.build/Objects-normal/arm64/LocalNotificationsPlugin-OutputFileMap.json -use-frontend-parseable-output -save-temps -no-color-diagnostics -explicit-module-build -module-cache-path /Users/runner/work/safe-link-v2/safe-link-v2/.tmp/ios-derived-data/Build/Intermediates.noindex/SwiftExplicitPrecompiledModules -clang-scanner-module-cache-path /Users/runner/work/safe-link-v2/safe-link-v2/.tmp/ios-derived-data/ModuleCache.noindex -sdk-module-cache-path /Users/runner/work/safe-link-v2/safe-link-v2/.tmp/ios-derived-data/ModuleCache.noindex -serialize-diagnostics -emit-dependencies -emit-module -emit-module-path /Users/runner/work/safe-link-v2/safe-link-v2/.tmp/ios-derived-data/Build/Intermediates.noindex/CapacitorLocalNotifications.build/Debug-iphonesimulator/LocalNotificationsPlugin.build/Objects-normal/arm64/LocalNotificationsPlugin.swiftmodule -validate-clang-modules-once -clang-build-session-file /Users/runner/work/safe-link-v2/safe-link-v2/.tmp/ios-derived-data/ModuleCache.noindex/Session.modulevalidation -package-name local_notifications -Xcc -I/Users/runner/work/safe-link-v2/safe-link-v2/.tmp/ios-derived-data/Build/Intermediates.noindex/CapacitorLocalNotifications.build/Debug-iphonesimulator/LocalNotificationsPlugin.build/swift-overrides.hmap -emit-const-values -Xfrontend -const-gather-protocols-file -Xfrontend /Users/runner/work/safe-link-v2/safe-link-v2/.tmp/ios-derived-data/Build/Intermediates.noindex/CapacitorLocalNotifications.build/Debug-iphonesimulator/LocalNotificationsPlugin.build/Objects-normal/arm64/LocalNotificationsPlugin_const_extract_protocols.json -Xcc -I/Users/runner/work/safe-link-v2/safe-link-v2/.tmp/ios-derived-data/Build/Products/Debug-iphonesimulator/include -Xcc -I/Users/runner/work/safe-link-v2/safe-link-v2/.tmp/ios-derived-data/Build/Intermediates.noindex/CapacitorLocalNotifications.build/Debug-iphonesimulator/LocalNotificationsPlugin.build/DerivedSources-normal/arm64 -Xcc -I/Users/runner/work/safe-link-v2/safe-link-v2/.tmp/ios-derived-data/Build/Intermediates.noindex/CapacitorLocalNotifications.build/Debug-iphonesimulator/LocalNotificationsPlugin.build/DerivedSources/arm64 -Xcc -I/Users/runner/work/safe-link-v2/safe-link-v2/.tmp/ios-derived-data/Build/Intermediates.noindex/CapacitorLocalNotifications.build/Debug-iphonesimulator/LocalNotificationsPlugin.build/DerivedSources -Xcc -DSWIFT_PACKAGE -Xcc -DDEBUG\=1 -emit-objc-header -emit-objc-header-path /Users/runner/work/safe-link-v2/safe-link-v2/.tmp/ios-derived-data/Build/Intermediates.noindex/CapacitorLocalNotifications.build/Debug-iphonesimulator/LocalNotificationsPlugin.build/Objects-normal/arm64/LocalNotificationsPlugin-Swift.h -working-directory /Users/runner/work/safe-link-v2/safe-link-v2/apps/mobile/ios/App/App.xcodeproj -experimental-emit-module-separately -disable-cmo

ExtractAppIntentsMetadata (in target 'PreferencesPlugin' from project 'CapacitorPreferences')
    cd /Users/runner/work/safe-link-v2/safe-link-v2/apps/mobile/node_modules/@capacitor/preferences
    /Applications/Xcode_26.5.app/Contents/Developer/Toolchains/XcodeDefault.xctoolchain/usr/bin/appintentsmetadataprocessor --toolchain-dir /var/run/com.apple.security.cryptexd/mnt/com.apple.MobileAsset.MetalToolchain-v17.6.42.0.lfbmnc/Metal.xctoolchain --module-name PreferencesPlugin --sdk-root /Applications/Xcode_26.5.app/Contents/Developer/Platforms/iPhoneSimulator.platform/Developer/SDKs/iPhoneSimulator26.5.sdk --xcode-version 17F42 --platform-family iOS --deployment-target 15.0 --bundle-identifier preferences.PreferencesPlugin --output /Users/runner/work/safe-link-v2/safe-link-v2/.tmp/ios-derived-data/Build/Products/Debug-iphonesimulator/PreferencesPlugin.appintents --target-triple arm64-apple-ios15.0-simulator --target-triple x86_64-apple-ios15.0-simulator --binary-file /Users/runner/work/safe-link-v2/safe-link-v2/.tmp/ios-derived-data/Build/Products/Debug-iphonesimulator/PreferencesPlugin.o --dependency-file /Users/runner/work/safe-link-v2/safe-link-v2/.tmp/ios-derived-data/Build/Intermediates.noindex/CapacitorPreferences.build/Debug-iphonesimulator/PreferencesPlugin.build/Objects-normal/arm64/PreferencesPlugin_dependency_info.dat --dependency-file /Users/runner/work/safe-link-v2/safe-link-v2/.tmp/ios-derived-data/Build/Intermediates.noindex/CapacitorPreferences.build/Debug-iphonesimulator/PreferencesPlugin.build/Objects-normal/x86_64/PreferencesPlugin_dependency_info.dat --stringsdata-file /Users/runner/work/safe-link-v2/safe-link-v2/.tmp/ios-derived-data/Build/Intermediates.noindex/CapacitorPreferences.build/Debug-iphonesimulator/PreferencesPlugin.build/Objects-normal/arm64/ExtractedAppShortcutsMetadata.stringsdata --stringsdata-file /Users/runner/work/safe-link-v2/safe-link-v2/.tmp/ios-derived-data/Build/Intermediates.noindex/CapacitorPreferences.build/Debug-iphonesimulator/PreferencesPlugin.build/Objects-normal/x86_64/ExtractedAppShortcutsMetadata.stringsdata --source-file-list /Users/runner/work/safe-link-v2/safe-link-v2/.tmp/ios-derived-data/Build/Intermediates.noindex/CapacitorPreferences.build/Debug-iphonesimulator/PreferencesPlugin.build/Objects-normal/arm64/PreferencesPlugin.SwiftFileList --source-file-list /Users/runner/work/safe-link-v2/safe-link-v2/.tmp/ios-derived-data/Build/Intermediates.noindex/CapacitorPreferences.build/Debug-iphonesimulator/PreferencesPlugin.build/Objects-normal/x86_64/PreferencesPlugin.SwiftFileList --metadata-file-list /Users/runner/work/safe-link-v2/safe-link-v2/.tmp/ios-derived-data/Build/Intermediates.noindex/CapacitorPreferences.build/Debug-iphonesimulator/PreferencesPlugin.build/PreferencesPlugin.DependencyMetadataFileList --static-metadata-file-list /Users/runner/work/safe-link-v2/safe-link-v2/.tmp/ios-derived-data/Build/Intermediates.noindex/CapacitorPreferences.build/Debug-iphonesimulator/PreferencesPlugin.build/PreferencesPlugin.DependencyStaticMetadataFileList --swift-const-vals-list /Users/runner/work/safe-link-v2/safe-link-v2/.tmp/ios-derived-data/Build/Intermediates.noindex/CapacitorPreferences.build/Debug-iphonesimulator/PreferencesPlugin.build/Objects-normal/arm64/PreferencesPlugin.SwiftConstValuesFileList --swift-const-vals-list /Users/runner/work/safe-link-v2/safe-link-v2/.tmp/ios-derived-data/Build/Intermediates.noindex/CapacitorPreferences.build/Debug-iphonesimulator/PreferencesPlugin.build/Objects-normal/x86_64/PreferencesPlugin.SwiftConstValuesFileList --force --compile-time-extraction --deployment-aware-processing --validate-assistant-intents --no-app-shortcuts-localization
2026-06-22 23:47:48.986 appintentsmetadataprocessor[49194:118324] Starting appintentsmetadataprocessor export
2026-06-22 23:47:49.028 appintentsmetadataprocessor[49194:118324] Extracted no relevant App Intents symbols, skipping writing output

Ld /Users/runner/work/safe-link-v2/safe-link-v2/.tmp/ios-derived-data/Build/Intermediates.noindex/CapacitorLocalNotifications.build/Debug-iphonesimulator/LocalNotificationsPlugin.build/Objects-normal/arm64/Binary/LocalNotificationsPlugin.o normal arm64 (in target 'LocalNotificationsPlugin' from project 'CapacitorLocalNotifications')
    cd /Users/runner/work/safe-link-v2/safe-link-v2/apps/mobile/node_modules/@capacitor/local-notifications
    /Applications/Xcode_26.5.app/Contents/Developer/Toolchains/XcodeDefault.xctoolchain/usr/bin/clang -Xlinker -reproducible -target arm64-apple-ios15.0-simulator -r -isysroot /Applications/Xcode_26.5.app/Contents/Developer/Platforms/iPhoneSimulator.platform/Developer/SDKs/iPhoneSimulator26.5.sdk -O0 -w -F/Users/runner/work/safe-link-v2/safe-link-v2/.tmp/ios-derived-data/Build/Intermediates.noindex/EagerLinkingTBDs/Debug-iphonesimulator -F/Users/runner/work/safe-link-v2/safe-link-v2/.tmp/ios-derived-data/Build/Products/Debug-iphonesimulator -iframework /Applications/Xcode_26.5.app/Contents/Developer/Platforms/iPhoneSimulator.platform/Developer/Library/Frameworks -iframework /Applications/Xcode_26.5.app/Contents/Developer/Platforms/iPhoneSimulator.platform/Developer/SDKs/iPhoneSimulator26.5.sdk/Developer/Library/Frameworks -filelist /Users/runner/work/safe-link-v2/safe-link-v2/.tmp/ios-derived-data/Build/Intermediates.noindex/CapacitorLocalNotifications.build/Debug-iphonesimulator/LocalNotificationsPlugin.build/Objects-normal/arm64/LocalNotificationsPlugin.LinkFileList -nostdlib -Xlinker -object_path_lto -Xlinker /Users/runner/work/safe-link-v2/safe-link-v2/.tmp/ios-derived-data/Build/Intermediates.noindex/CapacitorLocalNotifications.build/Debug-iphonesimulator/LocalNotificationsPlugin.build/Objects-normal/arm64/LocalNotificationsPlugin_lto.o -Xlinker -no_deduplicate -Xlinker -objc_abi_version -Xlinker 2 -Xlinker -dependency_info -Xlinker /Users/runner/work/safe-link-v2/safe-link-v2/.tmp/ios-derived-data/Build/Intermediates.noindex/CapacitorLocalNotifications.build/Debug-iphonesimulator/LocalNotificationsPlugin.build/Objects-normal/arm64/LocalNotificationsPlugin_dependency_info.dat -fobjc-link-runtime -L/Applications/Xcode_26.5.app/Contents/Developer/Toolchains/XcodeDefault.xctoolchain/usr/lib/swift/iphonesimulator -L/usr/lib/swift -Xlinker -add_ast_path -Xlinker /Users/runner/work/safe-link-v2/safe-link-v2/.tmp/ios-derived-data/Build/Intermediates.noindex/CapacitorLocalNotifications.build/Debug-iphonesimulator/LocalNotificationsPlugin.build/Objects-normal/arm64/LocalNotificationsPlugin.swiftmodule @/Users/runner/work/safe-link-v2/safe-link-v2/.tmp/ios-derived-data/Build/Intermediates.noindex/CapacitorLocalNotifications.build/Debug-iphonesimulator/LocalNotificationsPlugin.build/Objects-normal/arm64/LocalNotificationsPlugin-linker-args.resp -o /Users/runner/work/safe-link-v2/safe-link-v2/.tmp/ios-derived-data/Build/Intermediates.noindex/CapacitorLocalNotifications.build/Debug-iphonesimulator/LocalNotificationsPlugin.build/Objects-normal/arm64/Binary/LocalNotificationsPlugin.o

SwiftDriver CapApp-SPM normal arm64 com.apple.xcode.tools.swift.compiler (in target 'CapApp-SPM' from project 'CapApp-SPM')
    cd /Users/runner/work/safe-link-v2/safe-link-v2/apps/mobile/ios/App/App.xcodeproj
    builtin-SwiftDriver -- /Applications/Xcode_26.5.app/Contents/Developer/Toolchains/XcodeDefault.xctoolchain/usr/bin/swiftc -module-name CapApp_SPM -Onone @/Users/runner/work/safe-link-v2/safe-link-v2/.tmp/ios-derived-data/Build/Intermediates.noindex/CapApp-SPM.build/Debug-iphonesimulator/CapApp-SPM.build/Objects-normal/arm64/CapApp-SPM.SwiftFileList -DSWIFT_PACKAGE -DDEBUG -DSWIFT_MODULE_RESOURCE_BUNDLE_UNAVAILABLE -DXcode -plugin-path /Applications/Xcode_26.5.app/Contents/Developer/Toolchains/XcodeDefault.xctoolchain/usr/lib/swift/host/plugins/testing -enable-experimental-feature DebugDescriptionMacro -sdk /Applications/Xcode_26.5.app/Contents/Developer/Platforms/iPhoneSimulator.platform/Developer/SDKs/iPhoneSimulator26.5.sdk -target arm64-apple-ios15.0-simulator -g -module-cache-path /Users/runner/work/safe-link-v2/safe-link-v2/.tmp/ios-derived-data/ModuleCache.noindex -Xfrontend -serialize-debugging-options -enable-testing -suppress-warnings -index-store-path /Users/runner/work/safe-link-v2/safe-link-v2/.tmp/ios-derived-data/Index.noindex/DataStore -Xcc -D_LIBCPP_HARDENING_MODE\=_LIBCPP_HARDENING_MODE_DEBUG -swift-version 5 -I /Users/runner/work/safe-link-v2/safe-link-v2/.tmp/ios-derived-data/Build/Products/Debug-iphonesimulator -Isystem /Applications/Xcode_26.5.app/Contents/Developer/Platforms/iPhoneSimulator.platform/Developer/usr/lib -F /Users/runner/work/safe-link-v2/safe-link-v2/.tmp/ios-derived-data/Build/Products/Debug-iphonesimulator/PackageFrameworks -F /Users/runner/work/safe-link-v2/safe-link-v2/.tmp/ios-derived-data/Build/Products/Debug-iphonesimulator/PackageFrameworks -F /Users/runner/work/safe-link-v2/safe-link-v2/.tmp/ios-derived-data/Build/Products/Debug-iphonesimulator -F /Applications/Xcode_26.5.app/Contents/Developer/Platforms/iPhoneSimulator.platform/Developer/Library/Frameworks -F /Applications/Xcode_26.5.app/Contents/Developer/Platforms/iPhoneSimulator.platform/Developer/SDKs/iPhoneSimulator26.5.sdk/Developer/Library/Frameworks -parse-as-library -c -j3 -enable-batch-mode -incremental -Xcc -ivfsstatcache -Xcc /Users/runner/work/safe-link-v2/safe-link-v2/.tmp/ios-derived-data/SDKStatCaches.noindex/iphonesimulator26.5-23F73-688ef53f1462e2c8f657fdc38a81448ffb7d586738ff35573a713a18216ade27.sdkstatcache -output-file-map /Users/runner/work/safe-link-v2/safe-link-v2/.tmp/ios-derived-data/Build/Intermediates.noindex/CapApp-SPM.build/Debug-iphonesimulator/CapApp-SPM.build/Objects-normal/arm64/CapApp-SPM-OutputFileMap.json -use-frontend-parseable-output -save-temps -no-color-diagnostics -explicit-module-build -module-cache-path /Users/runner/work/safe-link-v2/safe-link-v2/.tmp/ios-derived-data/Build/Intermediates.noindex/SwiftExplicitPrecompiledModules -clang-scanner-module-cache-path /Users/runner/work/safe-link-v2/safe-link-v2/.tmp/ios-derived-data/ModuleCache.noindex -sdk-module-cache-path /Users/runner/work/safe-link-v2/safe-link-v2/.tmp/ios-derived-data/ModuleCache.noindex -serialize-diagnostics -emit-dependencies -emit-module -emit-module-path /Users/runner/work/safe-link-v2/safe-link-v2/.tmp/ios-derived-data/Build/Intermediates.noindex/CapApp-SPM.build/Debug-iphonesimulator/CapApp-SPM.build/Objects-normal/arm64/CapApp_SPM.swiftmodule -validate-clang-modules-once -clang-build-session-file /Users/runner/work/safe-link-v2/safe-link-v2/.tmp/ios-derived-data/ModuleCache.noindex/Session.modulevalidation -package-name capapp_spm -Xcc -I/Users/runner/work/safe-link-v2/safe-link-v2/.tmp/ios-derived-data/Build/Intermediates.noindex/CapApp-SPM.build/Debug-iphonesimulator/CapApp-SPM.build/swift-overrides.hmap -emit-const-values -Xfrontend -const-gather-protocols-file -Xfrontend /Users/runner/work/safe-link-v2/safe-link-v2/.tmp/ios-derived-data/Build/Intermediates.noindex/CapApp-SPM.build/Debug-iphonesimulator/CapApp-SPM.build/Objects-normal/arm64/CapApp-SPM_const_extract_protocols.json -Xcc -I/Users/runner/work/safe-link-v2/safe-link-v2/.tmp/ios-derived-data/Build/Products/Debug-iphonesimulator/include -Xcc -I/Users/runner/work/safe-link-v2/safe-link-v2/.tmp/ios-derived-data/Build/Intermediates.noindex/CapApp-SPM.build/Debug-iphonesimulator/CapApp-SPM.build/DerivedSources-normal/arm64 -Xcc -I/Users/runner/work/safe-link-v2/safe-link-v2/.tmp/ios-derived-data/Build/Intermediates.noindex/CapApp-SPM.build/Debug-iphonesimulator/CapApp-SPM.build/DerivedSources/arm64 -Xcc -I/Users/runner/work/safe-link-v2/safe-link-v2/.tmp/ios-derived-data/Build/Intermediates.noindex/CapApp-SPM.build/Debug-iphonesimulator/CapApp-SPM.build/DerivedSources -Xcc -DSWIFT_PACKAGE -Xcc -DDEBUG\=1 -emit-objc-header -emit-objc-header-path /Users/runner/work/safe-link-v2/safe-link-v2/.tmp/ios-derived-data/Build/Intermediates.noindex/CapApp-SPM.build/Debug-iphonesimulator/CapApp-SPM.build/Objects-normal/arm64/CapApp-SPM-Swift.h -working-directory /Users/runner/work/safe-link-v2/safe-link-v2/apps/mobile/ios/App/App.xcodeproj -experimental-emit-module-separately -disable-cmo

SwiftDriver CapApp-SPM normal x86_64 com.apple.xcode.tools.swift.compiler (in target 'CapApp-SPM' from project 'CapApp-SPM')
    cd /Users/runner/work/safe-link-v2/safe-link-v2/apps/mobile/ios/App/App.xcodeproj
    builtin-SwiftDriver -- /Applications/Xcode_26.5.app/Contents/Developer/Toolchains/XcodeDefault.xctoolchain/usr/bin/swiftc -module-name CapApp_SPM -Onone @/Users/runner/work/safe-link-v2/safe-link-v2/.tmp/ios-derived-data/Build/Intermediates.noindex/CapApp-SPM.build/Debug-iphonesimulator/CapApp-SPM.build/Objects-normal/x86_64/CapApp-SPM.SwiftFileList -DSWIFT_PACKAGE -DDEBUG -DSWIFT_MODULE_RESOURCE_BUNDLE_UNAVAILABLE -DXcode -plugin-path /Applications/Xcode_26.5.app/Contents/Developer/Toolchains/XcodeDefault.xctoolchain/usr/lib/swift/host/plugins/testing -enable-experimental-feature DebugDescriptionMacro -sdk /Applications/Xcode_26.5.app/Contents/Developer/Platforms/iPhoneSimulator.platform/Developer/SDKs/iPhoneSimulator26.5.sdk -target x86_64-apple-ios15.0-simulator -g -module-cache-path /Users/runner/work/safe-link-v2/safe-link-v2/.tmp/ios-derived-data/ModuleCache.noindex -Xfrontend -serialize-debugging-options -enable-testing -suppress-warnings -index-store-path /Users/runner/work/safe-link-v2/safe-link-v2/.tmp/ios-derived-data/Index.noindex/DataStore -Xcc -D_LIBCPP_HARDENING_MODE\=_LIBCPP_HARDENING_MODE_DEBUG -swift-version 5 -I /Users/runner/work/safe-link-v2/safe-link-v2/.tmp/ios-derived-data/Build/Products/Debug-iphonesimulator -Isystem /Applications/Xcode_26.5.app/Contents/Developer/Platforms/iPhoneSimulator.platform/Developer/usr/lib -F /Users/runner/work/safe-link-v2/safe-link-v2/.tmp/ios-derived-data/Build/Products/Debug-iphonesimulator/PackageFrameworks -F /Users/runner/work/safe-link-v2/safe-link-v2/.tmp/ios-derived-data/Build/Products/Debug-iphonesimulator/PackageFrameworks -F /Users/runner/work/safe-link-v2/safe-link-v2/.tmp/ios-derived-data/Build/Products/Debug-iphonesimulator -F /Applications/Xcode_26.5.app/Contents/Developer/Platforms/iPhoneSimulator.platform/Developer/Library/Frameworks -F /Applications/Xcode_26.5.app/Contents/Developer/Platforms/iPhoneSimulator.platform/Developer/SDKs/iPhoneSimulator26.5.sdk/Developer/Library/Frameworks -parse-as-library -c -j3 -enable-batch-mode -incremental -Xcc -ivfsstatcache -Xcc /Users/runner/work/safe-link-v2/safe-link-v2/.tmp/ios-derived-data/SDKStatCaches.noindex/iphonesimulator26.5-23F73-688ef53f1462e2c8f657fdc38a81448ffb7d586738ff35573a713a18216ade27.sdkstatcache -output-file-map /Users/runner/work/safe-link-v2/safe-link-v2/.tmp/ios-derived-data/Build/Intermediates.noindex/CapApp-SPM.build/Debug-iphonesimulator/CapApp-SPM.build/Objects-normal/x86_64/CapApp-SPM-OutputFileMap.json -use-frontend-parseable-output -save-temps -no-color-diagnostics -explicit-module-build -module-cache-path /Users/runner/work/safe-link-v2/safe-link-v2/.tmp/ios-derived-data/Build/Intermediates.noindex/SwiftExplicitPrecompiledModules -clang-scanner-module-cache-path /Users/runner/work/safe-link-v2/safe-link-v2/.tmp/ios-derived-data/ModuleCache.noindex -sdk-module-cache-path /Users/runner/work/safe-link-v2/safe-link-v2/.tmp/ios-derived-data/ModuleCache.noindex -serialize-diagnostics -emit-dependencies -emit-module -emit-module-path /Users/runner/work/safe-link-v2/safe-link-v2/.tmp/ios-derived-data/Build/Intermediates.noindex/CapApp-SPM.build/Debug-iphonesimulator/CapApp-SPM.build/Objects-normal/x86_64/CapApp_SPM.swiftmodule -validate-clang-modules-once -clang-build-session-file /Users/runner/work/safe-link-v2/safe-link-v2/.tmp/ios-derived-data/ModuleCache.noindex/Session.modulevalidation -package-name capapp_spm -Xcc -I/Users/runner/work/safe-link-v2/safe-link-v2/.tmp/ios-derived-data/Build/Intermediates.noindex/CapApp-SPM.build/Debug-iphonesimulator/CapApp-SPM.build/swift-overrides.hmap -emit-const-values -Xfrontend -const-gather-protocols-file -Xfrontend /Users/runner/work/safe-link-v2/safe-link-v2/.tmp/ios-derived-data/Build/Intermediates.noindex/CapApp-SPM.build/Debug-iphonesimulator/CapApp-SPM.build/Objects-normal/x86_64/CapApp-SPM_const_extract_protocols.json -Xcc -I/Users/runner/work/safe-link-v2/safe-link-v2/.tmp/ios-derived-data/Build/Products/Debug-iphonesimulator/include -Xcc -I/Users/runner/work/safe-link-v2/safe-link-v2/.tmp/ios-derived-data/Build/Intermediates.noindex/CapApp-SPM.build/Debug-iphonesimulator/CapApp-SPM.build/DerivedSources-normal/x86_64 -Xcc -I/Users/runner/work/safe-link-v2/safe-link-v2/.tmp/ios-derived-data/Build/Intermediates.noindex/CapApp-SPM.build/Debug-iphonesimulator/CapApp-SPM.build/DerivedSources/x86_64 -Xcc -I/Users/runner/work/safe-link-v2/safe-link-v2/.tmp/ios-derived-data/Build/Intermediates.noindex/CapApp-SPM.build/Debug-iphonesimulator/CapApp-SPM.build/DerivedSources -Xcc -DSWIFT_PACKAGE -Xcc -DDEBUG\=1 -emit-objc-header -emit-objc-header-path /Users/runner/work/safe-link-v2/safe-link-v2/.tmp/ios-derived-data/Build/Intermediates.noindex/CapApp-SPM.build/Debug-iphonesimulator/CapApp-SPM.build/Objects-normal/x86_64/CapApp-SPM-Swift.h -working-directory /Users/runner/work/safe-link-v2/safe-link-v2/apps/mobile/ios/App/App.xcodeproj -experimental-emit-module-separately -disable-cmo

CreateUniversalBinary /Users/runner/work/safe-link-v2/safe-link-v2/.tmp/ios-derived-data/Build/Products/Debug-iphonesimulator/LocalNotificationsPlugin.o normal arm64\ x86_64 (in target 'LocalNotificationsPlugin' from project 'CapacitorLocalNotifications')
    cd /Users/runner/work/safe-link-v2/safe-link-v2/apps/mobile/node_modules/@capacitor/local-notifications
    /Applications/Xcode_26.5.app/Contents/Developer/Toolchains/XcodeDefault.xctoolchain/usr/bin/lipo -create /Users/runner/work/safe-link-v2/safe-link-v2/.tmp/ios-derived-data/Build/Intermediates.noindex/CapacitorLocalNotifications.build/Debug-iphonesimulator/LocalNotificationsPlugin.build/Objects-normal/arm64/Binary/LocalNotificationsPlugin.o /Users/runner/work/safe-link-v2/safe-link-v2/.tmp/ios-derived-data/Build/Intermediates.noindex/CapacitorLocalNotifications.build/Debug-iphonesimulator/LocalNotificationsPlugin.build/Objects-normal/x86_64/Binary/LocalNotificationsPlugin.o -output /Users/runner/work/safe-link-v2/safe-link-v2/.tmp/ios-derived-data/Build/Products/Debug-iphonesimulator/LocalNotificationsPlugin.o

SwiftEmitModule normal arm64 Emitting\ module\ for\ CapApp_SPM (in target 'CapApp-SPM' from project 'CapApp-SPM')

SwiftCompile normal arm64 /Users/runner/work/safe-link-v2/safe-link-v2/apps/mobile/ios/App/CapApp-SPM/Sources/CapApp-SPM/CapApp-SPM.swift (in target 'CapApp-SPM' from project 'CapApp-SPM')
    cd /Users/runner/work/safe-link-v2/safe-link-v2/apps/mobile/ios/App/App.xcodeproj


SwiftCompile normal arm64 Compiling\ CapApp-SPM.swift /Users/runner/work/safe-link-v2/safe-link-v2/apps/mobile/ios/App/CapApp-SPM/Sources/CapApp-SPM/CapApp-SPM.swift (in target 'CapApp-SPM' from project 'CapApp-SPM')

SwiftCompile normal arm64 /Users/runner/work/safe-link-v2/safe-link-v2/apps/mobile/ios/App/CapApp-SPM/Sources/CapApp-SPM/CapApp-SPM.swift (in target 'CapApp-SPM' from project 'CapApp-SPM')
    cd /Users/runner/work/safe-link-v2/safe-link-v2/apps/mobile/ios/App/App.xcodeproj


SwiftEmitModule normal x86_64 Emitting\ module\ for\ CapApp_SPM (in target 'CapApp-SPM' from project 'CapApp-SPM')

SwiftCompile normal x86_64 /Users/runner/work/safe-link-v2/safe-link-v2/apps/mobile/ios/App/CapApp-SPM/Sources/CapApp-SPM/CapApp-SPM.swift (in target 'CapApp-SPM' from project 'CapApp-SPM')
    cd /Users/runner/work/safe-link-v2/safe-link-v2/apps/mobile/ios/App/App.xcodeproj


SwiftDriverJobDiscovery normal arm64 Emitting module for CapApp_SPM (in target 'CapApp-SPM' from project 'CapApp-SPM')

SwiftDriver\ Compilation\ Requirements CapApp-SPM normal arm64 com.apple.xcode.tools.swift.compiler (in target 'CapApp-SPM' from project 'CapApp-SPM')
    cd /Users/runner/work/safe-link-v2/safe-link-v2/apps/mobile/ios/App/App.xcodeproj
    builtin-Swift-Compilation-Requirements -- /Applications/Xcode_26.5.app/Contents/Developer/Toolchains/XcodeDefault.xctoolchain/usr/bin/swiftc -module-name CapApp_SPM -Onone @/Users/runner/work/safe-link-v2/safe-link-v2/.tmp/ios-derived-data/Build/Intermediates.noindex/CapApp-SPM.build/Debug-iphonesimulator/CapApp-SPM.build/Objects-normal/arm64/CapApp-SPM.SwiftFileList -DSWIFT_PACKAGE -DDEBUG -DSWIFT_MODULE_RESOURCE_BUNDLE_UNAVAILABLE -DXcode -plugin-path /Applications/Xcode_26.5.app/Contents/Developer/Toolchains/XcodeDefault.xctoolchain/usr/lib/swift/host/plugins/testing -enable-experimental-feature DebugDescriptionMacro -sdk /Applications/Xcode_26.5.app/Contents/Developer/Platforms/iPhoneSimulator.platform/Developer/SDKs/iPhoneSimulator26.5.sdk -target arm64-apple-ios15.0-simulator -g -module-cache-path /Users/runner/work/safe-link-v2/safe-link-v2/.tmp/ios-derived-data/ModuleCache.noindex -Xfrontend -serialize-debugging-options -enable-testing -suppress-warnings -index-store-path /Users/runner/work/safe-link-v2/safe-link-v2/.tmp/ios-derived-data/Index.noindex/DataStore -Xcc -D_LIBCPP_HARDENING_MODE\=_LIBCPP_HARDENING_MODE_DEBUG -swift-version 5 -I /Users/runner/work/safe-link-v2/safe-link-v2/.tmp/ios-derived-data/Build/Products/Debug-iphonesimulator -Isystem /Applications/Xcode_26.5.app/Contents/Developer/Platforms/iPhoneSimulator.platform/Developer/usr/lib -F /Users/runner/work/safe-link-v2/safe-link-v2/.tmp/ios-derived-data/Build/Products/Debug-iphonesimulator/PackageFrameworks -F /Users/runner/work/safe-link-v2/safe-link-v2/.tmp/ios-derived-data/Build/Products/Debug-iphonesimulator/PackageFrameworks -F /Users/runner/work/safe-link-v2/safe-link-v2/.tmp/ios-derived-data/Build/Products/Debug-iphonesimulator -F /Applications/Xcode_26.5.app/Contents/Developer/Platforms/iPhoneSimulator.platform/Developer/Library/Frameworks -F /Applications/Xcode_26.5.app/Contents/Developer/Platforms/iPhoneSimulator.platform/Developer/SDKs/iPhoneSimulator26.5.sdk/Developer/Library/Frameworks -parse-as-library -c -j3 -enable-batch-mode -incremental -Xcc -ivfsstatcache -Xcc /Users/runner/work/safe-link-v2/safe-link-v2/.tmp/ios-derived-data/SDKStatCaches.noindex/iphonesimulator26.5-23F73-688ef53f1462e2c8f657fdc38a81448ffb7d586738ff35573a713a18216ade27.sdkstatcache -output-file-map /Users/runner/work/safe-link-v2/safe-link-v2/.tmp/ios-derived-data/Build/Intermediates.noindex/CapApp-SPM.build/Debug-iphonesimulator/CapApp-SPM.build/Objects-normal/arm64/CapApp-SPM-OutputFileMap.json -use-frontend-parseable-output -save-temps -no-color-diagnostics -explicit-module-build -module-cache-path /Users/runner/work/safe-link-v2/safe-link-v2/.tmp/ios-derived-data/Build/Intermediates.noindex/SwiftExplicitPrecompiledModules -clang-scanner-module-cache-path /Users/runner/work/safe-link-v2/safe-link-v2/.tmp/ios-derived-data/ModuleCache.noindex -sdk-module-cache-path /Users/runner/work/safe-link-v2/safe-link-v2/.tmp/ios-derived-data/ModuleCache.noindex -serialize-diagnostics -emit-dependencies -emit-module -emit-module-path /Users/runner/work/safe-link-v2/safe-link-v2/.tmp/ios-derived-data/Build/Intermediates.noindex/CapApp-SPM.build/Debug-iphonesimulator/CapApp-SPM.build/Objects-normal/arm64/CapApp_SPM.swiftmodule -validate-clang-modules-once -clang-build-session-file /Users/runner/work/safe-link-v2/safe-link-v2/.tmp/ios-derived-data/ModuleCache.noindex/Session.modulevalidation -package-name capapp_spm -Xcc -I/Users/runner/work/safe-link-v2/safe-link-v2/.tmp/ios-derived-data/Build/Intermediates.noindex/CapApp-SPM.build/Debug-iphonesimulator/CapApp-SPM.build/swift-overrides.hmap -emit-const-values -Xfrontend -const-gather-protocols-file -Xfrontend /Users/runner/work/safe-link-v2/safe-link-v2/.tmp/ios-derived-data/Build/Intermediates.noindex/CapApp-SPM.build/Debug-iphonesimulator/CapApp-SPM.build/Objects-normal/arm64/CapApp-SPM_const_extract_protocols.json -Xcc -I/Users/runner/work/safe-link-v2/safe-link-v2/.tmp/ios-derived-data/Build/Products/Debug-iphonesimulator/include -Xcc -I/Users/runner/work/safe-link-v2/safe-link-v2/.tmp/ios-derived-data/Build/Intermediates.noindex/CapApp-SPM.build/Debug-iphonesimulator/CapApp-SPM.build/DerivedSources-normal/arm64 -Xcc -I/Users/runner/work/safe-link-v2/safe-link-v2/.tmp/ios-derived-data/Build/Intermediates.noindex/CapApp-SPM.build/Debug-iphonesimulator/CapApp-SPM.build/DerivedSources/arm64 -Xcc -I/Users/runner/work/safe-link-v2/safe-link-v2/.tmp/ios-derived-data/Build/Intermediates.noindex/CapApp-SPM.build/Debug-iphonesimulator/CapApp-SPM.build/DerivedSources -Xcc -DSWIFT_PACKAGE -Xcc -DDEBUG\=1 -emit-objc-header -emit-objc-header-path /Users/runner/work/safe-link-v2/safe-link-v2/.tmp/ios-derived-data/Build/Intermediates.noindex/CapApp-SPM.build/Debug-iphonesimulator/CapApp-SPM.build/Objects-normal/arm64/CapApp-SPM-Swift.h -working-directory /Users/runner/work/safe-link-v2/safe-link-v2/apps/mobile/ios/App/App.xcodeproj -experimental-emit-module-separately -disable-cmo

SwiftDriverJobDiscovery normal arm64 Compiling CapApp-SPM.swift (in target 'CapApp-SPM' from project 'CapApp-SPM')

SwiftDriver\ Compilation CapApp-SPM normal arm64 com.apple.xcode.tools.swift.compiler (in target 'CapApp-SPM' from project 'CapApp-SPM')
    cd /Users/runner/work/safe-link-v2/safe-link-v2/apps/mobile/ios/App/App.xcodeproj
    builtin-Swift-Compilation -- /Applications/Xcode_26.5.app/Contents/Developer/Toolchains/XcodeDefault.xctoolchain/usr/bin/swiftc -module-name CapApp_SPM -Onone @/Users/runner/work/safe-link-v2/safe-link-v2/.tmp/ios-derived-data/Build/Intermediates.noindex/CapApp-SPM.build/Debug-iphonesimulator/CapApp-SPM.build/Objects-normal/arm64/CapApp-SPM.SwiftFileList -DSWIFT_PACKAGE -DDEBUG -DSWIFT_MODULE_RESOURCE_BUNDLE_UNAVAILABLE -DXcode -plugin-path /Applications/Xcode_26.5.app/Contents/Developer/Toolchains/XcodeDefault.xctoolchain/usr/lib/swift/host/plugins/testing -enable-experimental-feature DebugDescriptionMacro -sdk /Applications/Xcode_26.5.app/Contents/Developer/Platforms/iPhoneSimulator.platform/Developer/SDKs/iPhoneSimulator26.5.sdk -target arm64-apple-ios15.0-simulator -g -module-cache-path /Users/runner/work/safe-link-v2/safe-link-v2/.tmp/ios-derived-data/ModuleCache.noindex -Xfrontend -serialize-debugging-options -enable-testing -suppress-warnings -index-store-path /Users/runner/work/safe-link-v2/safe-link-v2/.tmp/ios-derived-data/Index.noindex/DataStore -Xcc -D_LIBCPP_HARDENING_MODE\=_LIBCPP_HARDENING_MODE_DEBUG -swift-version 5 -I /Users/runner/work/safe-link-v2/safe-link-v2/.tmp/ios-derived-data/Build/Products/Debug-iphonesimulator -Isystem /Applications/Xcode_26.5.app/Contents/Developer/Platforms/iPhoneSimulator.platform/Developer/usr/lib -F /Users/runner/work/safe-link-v2/safe-link-v2/.tmp/ios-derived-data/Build/Products/Debug-iphonesimulator/PackageFrameworks -F /Users/runner/work/safe-link-v2/safe-link-v2/.tmp/ios-derived-data/Build/Products/Debug-iphonesimulator/PackageFrameworks -F /Users/runner/work/safe-link-v2/safe-link-v2/.tmp/ios-derived-data/Build/Products/Debug-iphonesimulator -F /Applications/Xcode_26.5.app/Contents/Developer/Platforms/iPhoneSimulator.platform/Developer/Library/Frameworks -F /Applications/Xcode_26.5.app/Contents/Developer/Platforms/iPhoneSimulator.platform/Developer/SDKs/iPhoneSimulator26.5.sdk/Developer/Library/Frameworks -parse-as-library -c -j3 -enable-batch-mode -incremental -Xcc -ivfsstatcache -Xcc /Users/runner/work/safe-link-v2/safe-link-v2/.tmp/ios-derived-data/SDKStatCaches.noindex/iphonesimulator26.5-23F73-688ef53f1462e2c8f657fdc38a81448ffb7d586738ff35573a713a18216ade27.sdkstatcache -output-file-map /Users/runner/work/safe-link-v2/safe-link-v2/.tmp/ios-derived-data/Build/Intermediates.noindex/CapApp-SPM.build/Debug-iphonesimulator/CapApp-SPM.build/Objects-normal/arm64/CapApp-SPM-OutputFileMap.json -use-frontend-parseable-output -save-temps -no-color-diagnostics -explicit-module-build -module-cache-path /Users/runner/work/safe-link-v2/safe-link-v2/.tmp/ios-derived-data/Build/Intermediates.noindex/SwiftExplicitPrecompiledModules -clang-scanner-module-cache-path /Users/runner/work/safe-link-v2/safe-link-v2/.tmp/ios-derived-data/ModuleCache.noindex -sdk-module-cache-path /Users/runner/work/safe-link-v2/safe-link-v2/.tmp/ios-derived-data/ModuleCache.noindex -serialize-diagnostics -emit-dependencies -emit-module -emit-module-path /Users/runner/work/safe-link-v2/safe-link-v2/.tmp/ios-derived-data/Build/Intermediates.noindex/CapApp-SPM.build/Debug-iphonesimulator/CapApp-SPM.build/Objects-normal/arm64/CapApp_SPM.swiftmodule -validate-clang-modules-once -clang-build-session-file /Users/runner/work/safe-link-v2/safe-link-v2/.tmp/ios-derived-data/ModuleCache.noindex/Session.modulevalidation -package-name capapp_spm -Xcc -I/Users/runner/work/safe-link-v2/safe-link-v2/.tmp/ios-derived-data/Build/Intermediates.noindex/CapApp-SPM.build/Debug-iphonesimulator/CapApp-SPM.build/swift-overrides.hmap -emit-const-values -Xfrontend -const-gather-protocols-file -Xfrontend /Users/runner/work/safe-link-v2/safe-link-v2/.tmp/ios-derived-data/Build/Intermediates.noindex/CapApp-SPM.build/Debug-iphonesimulator/CapApp-SPM.build/Objects-normal/arm64/CapApp-SPM_const_extract_protocols.json -Xcc -I/Users/runner/work/safe-link-v2/safe-link-v2/.tmp/ios-derived-data/Build/Products/Debug-iphonesimulator/include -Xcc -I/Users/runner/work/safe-link-v2/safe-link-v2/.tmp/ios-derived-data/Build/Intermediates.noindex/CapApp-SPM.build/Debug-iphonesimulator/CapApp-SPM.build/DerivedSources-normal/arm64 -Xcc -I/Users/runner/work/safe-link-v2/safe-link-v2/.tmp/ios-derived-data/Build/Intermediates.noindex/CapApp-SPM.build/Debug-iphonesimulator/CapApp-SPM.build/DerivedSources/arm64 -Xcc -I/Users/runner/work/safe-link-v2/safe-link-v2/.tmp/ios-derived-data/Build/Intermediates.noindex/CapApp-SPM.build/Debug-iphonesimulator/CapApp-SPM.build/DerivedSources -Xcc -DSWIFT_PACKAGE -Xcc -DDEBUG\=1 -emit-objc-header -emit-objc-header-path /Users/runner/work/safe-link-v2/safe-link-v2/.tmp/ios-derived-data/Build/Intermediates.noindex/CapApp-SPM.build/Debug-iphonesimulator/CapApp-SPM.build/Objects-normal/arm64/CapApp-SPM-Swift.h -working-directory /Users/runner/work/safe-link-v2/safe-link-v2/apps/mobile/ios/App/App.xcodeproj -experimental-emit-module-separately -disable-cmo

Copy /Users/runner/work/safe-link-v2/safe-link-v2/.tmp/ios-derived-data/Build/Products/Debug-iphonesimulator/CapApp_SPM.swiftmodule/arm64-apple-ios-simulator.swiftmodule /Users/runner/work/safe-link-v2/safe-link-v2/.tmp/ios-derived-data/Build/Intermediates.noindex/CapApp-SPM.build/Debug-iphonesimulator/CapApp-SPM.build/Objects-normal/arm64/CapApp_SPM.swiftmodule (in target 'CapApp-SPM' from project 'CapApp-SPM')
    cd /Users/runner/work/safe-link-v2/safe-link-v2/apps/mobile/ios/App/CapApp-SPM
    builtin-copy -exclude .DS_Store -exclude CVS -exclude .svn -exclude .git -exclude .hg -resolve-src-symlinks -rename /Users/runner/work/safe-link-v2/safe-link-v2/.tmp/ios-derived-data/Build/Intermediates.noindex/CapApp-SPM.build/Debug-iphonesimulator/CapApp-SPM.build/Objects-normal/arm64/CapApp_SPM.swiftmodule /Users/runner/work/safe-link-v2/safe-link-v2/.tmp/ios-derived-data/Build/Products/Debug-iphonesimulator/CapApp_SPM.swiftmodule/arm64-apple-ios-simulator.swiftmodule

Copy /Users/runner/work/safe-link-v2/safe-link-v2/.tmp/ios-derived-data/Build/Products/Debug-iphonesimulator/CapApp_SPM.swiftmodule/arm64-apple-ios-simulator.swiftdoc /Users/runner/work/safe-link-v2/safe-link-v2/.tmp/ios-derived-data/Build/Intermediates.noindex/CapApp-SPM.build/Debug-iphonesimulator/CapApp-SPM.build/Objects-normal/arm64/CapApp_SPM.swiftdoc (in target 'CapApp-SPM' from project 'CapApp-SPM')
    cd /Users/runner/work/safe-link-v2/safe-link-v2/apps/mobile/ios/App/CapApp-SPM
    builtin-copy -exclude .DS_Store -exclude CVS -exclude .svn -exclude .git -exclude .hg -resolve-src-symlinks -rename /Users/runner/work/safe-link-v2/safe-link-v2/.tmp/ios-derived-data/Build/Intermediates.noindex/CapApp-SPM.build/Debug-iphonesimulator/CapApp-SPM.build/Objects-normal/arm64/CapApp_SPM.swiftdoc /Users/runner/work/safe-link-v2/safe-link-v2/.tmp/ios-derived-data/Build/Products/Debug-iphonesimulator/CapApp_SPM.swiftmodule/arm64-apple-ios-simulator.swiftdoc

Copy /Users/runner/work/safe-link-v2/safe-link-v2/.tmp/ios-derived-data/Build/Products/Debug-iphonesimulator/CapApp_SPM.swiftmodule/arm64-apple-ios-simulator.abi.json /Users/runner/work/safe-link-v2/safe-link-v2/.tmp/ios-derived-data/Build/Intermediates.noindex/CapApp-SPM.build/Debug-iphonesimulator/CapApp-SPM.build/Objects-normal/arm64/CapApp_SPM.abi.json (in target 'CapApp-SPM' from project 'CapApp-SPM')
    cd /Users/runner/work/safe-link-v2/safe-link-v2/apps/mobile/ios/App/CapApp-SPM
    builtin-copy -exclude .DS_Store -exclude CVS -exclude .svn -exclude .git -exclude .hg -resolve-src-symlinks -rename /Users/runner/work/safe-link-v2/safe-link-v2/.tmp/ios-derived-data/Build/Intermediates.noindex/CapApp-SPM.build/Debug-iphonesimulator/CapApp-SPM.build/Objects-normal/arm64/CapApp_SPM.abi.json /Users/runner/work/safe-link-v2/safe-link-v2/.tmp/ios-derived-data/Build/Products/Debug-iphonesimulator/CapApp_SPM.swiftmodule/arm64-apple-ios-simulator.abi.json

Copy /Users/runner/work/safe-link-v2/safe-link-v2/.tmp/ios-derived-data/Build/Products/Debug-iphonesimulator/CapApp_SPM.swiftmodule/Project/arm64-apple-ios-simulator.swiftsourceinfo /Users/runner/work/safe-link-v2/safe-link-v2/.tmp/ios-derived-data/Build/Intermediates.noindex/CapApp-SPM.build/Debug-iphonesimulator/CapApp-SPM.build/Objects-normal/arm64/CapApp_SPM.swiftsourceinfo (in target 'CapApp-SPM' from project 'CapApp-SPM')
    cd /Users/runner/work/safe-link-v2/safe-link-v2/apps/mobile/ios/App/CapApp-SPM
    builtin-copy -exclude .DS_Store -exclude CVS -exclude .svn -exclude .git -exclude .hg -resolve-src-symlinks -rename /Users/runner/work/safe-link-v2/safe-link-v2/.tmp/ios-derived-data/Build/Intermediates.noindex/CapApp-SPM.build/Debug-iphonesimulator/CapApp-SPM.build/Objects-normal/arm64/CapApp_SPM.swiftsourceinfo /Users/runner/work/safe-link-v2/safe-link-v2/.tmp/ios-derived-data/Build/Products/Debug-iphonesimulator/CapApp_SPM.swiftmodule/Project/arm64-apple-ios-simulator.swiftsourceinfo

SwiftCompile normal x86_64 Compiling\ CapApp-SPM.swift /Users/runner/work/safe-link-v2/safe-link-v2/apps/mobile/ios/App/CapApp-SPM/Sources/CapApp-SPM/CapApp-SPM.swift (in target 'CapApp-SPM' from project 'CapApp-SPM')

SwiftCompile normal x86_64 /Users/runner/work/safe-link-v2/safe-link-v2/apps/mobile/ios/App/CapApp-SPM/Sources/CapApp-SPM/CapApp-SPM.swift (in target 'CapApp-SPM' from project 'CapApp-SPM')
    cd /Users/runner/work/safe-link-v2/safe-link-v2/apps/mobile/ios/App/App.xcodeproj


SwiftDriverJobDiscovery normal x86_64 Emitting module for CapApp_SPM (in target 'CapApp-SPM' from project 'CapApp-SPM')

SwiftDriver\ Compilation\ Requirements CapApp-SPM normal x86_64 com.apple.xcode.tools.swift.compiler (in target 'CapApp-SPM' from project 'CapApp-SPM')
    cd /Users/runner/work/safe-link-v2/safe-link-v2/apps/mobile/ios/App/App.xcodeproj
    builtin-Swift-Compilation-Requirements -- /Applications/Xcode_26.5.app/Contents/Developer/Toolchains/XcodeDefault.xctoolchain/usr/bin/swiftc -module-name CapApp_SPM -Onone @/Users/runner/work/safe-link-v2/safe-link-v2/.tmp/ios-derived-data/Build/Intermediates.noindex/CapApp-SPM.build/Debug-iphonesimulator/CapApp-SPM.build/Objects-normal/x86_64/CapApp-SPM.SwiftFileList -DSWIFT_PACKAGE -DDEBUG -DSWIFT_MODULE_RESOURCE_BUNDLE_UNAVAILABLE -DXcode -plugin-path /Applications/Xcode_26.5.app/Contents/Developer/Toolchains/XcodeDefault.xctoolchain/usr/lib/swift/host/plugins/testing -enable-experimental-feature DebugDescriptionMacro -sdk /Applications/Xcode_26.5.app/Contents/Developer/Platforms/iPhoneSimulator.platform/Developer/SDKs/iPhoneSimulator26.5.sdk -target x86_64-apple-ios15.0-simulator -g -module-cache-path /Users/runner/work/safe-link-v2/safe-link-v2/.tmp/ios-derived-data/ModuleCache.noindex -Xfrontend -serialize-debugging-options -enable-testing -suppress-warnings -index-store-path /Users/runner/work/safe-link-v2/safe-link-v2/.tmp/ios-derived-data/Index.noindex/DataStore -Xcc -D_LIBCPP_HARDENING_MODE\=_LIBCPP_HARDENING_MODE_DEBUG -swift-version 5 -I /Users/runner/work/safe-link-v2/safe-link-v2/.tmp/ios-derived-data/Build/Products/Debug-iphonesimulator -Isystem /Applications/Xcode_26.5.app/Contents/Developer/Platforms/iPhoneSimulator.platform/Developer/usr/lib -F /Users/runner/work/safe-link-v2/safe-link-v2/.tmp/ios-derived-data/Build/Products/Debug-iphonesimulator/PackageFrameworks -F /Users/runner/work/safe-link-v2/safe-link-v2/.tmp/ios-derived-data/Build/Products/Debug-iphonesimulator/PackageFrameworks -F /Users/runner/work/safe-link-v2/safe-link-v2/.tmp/ios-derived-data/Build/Products/Debug-iphonesimulator -F /Applications/Xcode_26.5.app/Contents/Developer/Platforms/iPhoneSimulator.platform/Developer/Library/Frameworks -F /Applications/Xcode_26.5.app/Contents/Developer/Platforms/iPhoneSimulator.platform/Developer/SDKs/iPhoneSimulator26.5.sdk/Developer/Library/Frameworks -parse-as-library -c -j3 -enable-batch-mode -incremental -Xcc -ivfsstatcache -Xcc /Users/runner/work/safe-link-v2/safe-link-v2/.tmp/ios-derived-data/SDKStatCaches.noindex/iphonesimulator26.5-23F73-688ef53f1462e2c8f657fdc38a81448ffb7d586738ff35573a713a18216ade27.sdkstatcache -output-file-map /Users/runner/work/safe-link-v2/safe-link-v2/.tmp/ios-derived-data/Build/Intermediates.noindex/CapApp-SPM.build/Debug-iphonesimulator/CapApp-SPM.build/Objects-normal/x86_64/CapApp-SPM-OutputFileMap.json -use-frontend-parseable-output -save-temps -no-color-diagnostics -explicit-module-build -module-cache-path /Users/runner/work/safe-link-v2/safe-link-v2/.tmp/ios-derived-data/Build/Intermediates.noindex/SwiftExplicitPrecompiledModules -clang-scanner-module-cache-path /Users/runner/work/safe-link-v2/safe-link-v2/.tmp/ios-derived-data/ModuleCache.noindex -sdk-module-cache-path /Users/runner/work/safe-link-v2/safe-link-v2/.tmp/ios-derived-data/ModuleCache.noindex -serialize-diagnostics -emit-dependencies -emit-module -emit-module-path /Users/runner/work/safe-link-v2/safe-link-v2/.tmp/ios-derived-data/Build/Intermediates.noindex/CapApp-SPM.build/Debug-iphonesimulator/CapApp-SPM.build/Objects-normal/x86_64/CapApp_SPM.swiftmodule -validate-clang-modules-once -clang-build-session-file /Users/runner/work/safe-link-v2/safe-link-v2/.tmp/ios-derived-data/ModuleCache.noindex/Session.modulevalidation -package-name capapp_spm -Xcc -I/Users/runner/work/safe-link-v2/safe-link-v2/.tmp/ios-derived-data/Build/Intermediates.noindex/CapApp-SPM.build/Debug-iphonesimulator/CapApp-SPM.build/swift-overrides.hmap -emit-const-values -Xfrontend -const-gather-protocols-file -Xfrontend /Users/runner/work/safe-link-v2/safe-link-v2/.tmp/ios-derived-data/Build/Intermediates.noindex/CapApp-SPM.build/Debug-iphonesimulator/CapApp-SPM.build/Objects-normal/x86_64/CapApp-SPM_const_extract_protocols.json -Xcc -I/Users/runner/work/safe-link-v2/safe-link-v2/.tmp/ios-derived-data/Build/Products/Debug-iphonesimulator/include -Xcc -I/Users/runner/work/safe-link-v2/safe-link-v2/.tmp/ios-derived-data/Build/Intermediates.noindex/CapApp-SPM.build/Debug-iphonesimulator/CapApp-SPM.build/DerivedSources-normal/x86_64 -Xcc -I/Users/runner/work/safe-link-v2/safe-link-v2/.tmp/ios-derived-data/Build/Intermediates.noindex/CapApp-SPM.build/Debug-iphonesimulator/CapApp-SPM.build/DerivedSources/x86_64 -Xcc -I/Users/runner/work/safe-link-v2/safe-link-v2/.tmp/ios-derived-data/Build/Intermediates.noindex/CapApp-SPM.build/Debug-iphonesimulator/CapApp-SPM.build/DerivedSources -Xcc -DSWIFT_PACKAGE -Xcc -DDEBUG\=1 -emit-objc-header -emit-objc-header-path /Users/runner/work/safe-link-v2/safe-link-v2/.tmp/ios-derived-data/Build/Intermediates.noindex/CapApp-SPM.build/Debug-iphonesimulator/CapApp-SPM.build/Objects-normal/x86_64/CapApp-SPM-Swift.h -working-directory /Users/runner/work/safe-link-v2/safe-link-v2/apps/mobile/ios/App/App.xcodeproj -experimental-emit-module-separately -disable-cmo

ExtractAppIntentsMetadata (in target 'LocalNotificationsPlugin' from project 'CapacitorLocalNotifications')
    cd /Users/runner/work/safe-link-v2/safe-link-v2/apps/mobile/node_modules/@capacitor/local-notifications
    /Applications/Xcode_26.5.app/Contents/Developer/Toolchains/XcodeDefault.xctoolchain/usr/bin/appintentsmetadataprocessor --toolchain-dir /var/run/com.apple.security.cryptexd/mnt/com.apple.MobileAsset.MetalToolchain-v17.6.42.0.lfbmnc/Metal.xctoolchain --module-name LocalNotificationsPlugin --sdk-root /Applications/Xcode_26.5.app/Contents/Developer/Platforms/iPhoneSimulator.platform/Developer/SDKs/iPhoneSimulator26.5.sdk --xcode-version 17F42 --platform-family iOS --deployment-target 15.0 --bundle-identifier local-notifications.LocalNotificationsPlugin --output /Users/runner/work/safe-link-v2/safe-link-v2/.tmp/ios-derived-data/Build/Products/Debug-iphonesimulator/LocalNotificationsPlugin.appintents --target-triple arm64-apple-ios15.0-simulator --target-triple x86_64-apple-ios15.0-simulator --binary-file /Users/runner/work/safe-link-v2/safe-link-v2/.tmp/ios-derived-data/Build/Products/Debug-iphonesimulator/LocalNotificationsPlugin.o --dependency-file /Users/runner/work/safe-link-v2/safe-link-v2/.tmp/ios-derived-data/Build/Intermediates.noindex/CapacitorLocalNotifications.build/Debug-iphonesimulator/LocalNotificationsPlugin.build/Objects-normal/arm64/LocalNotificationsPlugin_dependency_info.dat --dependency-file /Users/runner/work/safe-link-v2/safe-link-v2/.tmp/ios-derived-data/Build/Intermediates.noindex/CapacitorLocalNotifications.build/Debug-iphonesimulator/LocalNotificationsPlugin.build/Objects-normal/x86_64/LocalNotificationsPlugin_dependency_info.dat --stringsdata-file /Users/runner/work/safe-link-v2/safe-link-v2/.tmp/ios-derived-data/Build/Intermediates.noindex/CapacitorLocalNotifications.build/Debug-iphonesimulator/LocalNotificationsPlugin.build/Objects-normal/arm64/ExtractedAppShortcutsMetadata.stringsdata --stringsdata-file /Users/runner/work/safe-link-v2/safe-link-v2/.tmp/ios-derived-data/Build/Intermediates.noindex/CapacitorLocalNotifications.build/Debug-iphonesimulator/LocalNotificationsPlugin.build/Objects-normal/x86_64/ExtractedAppShortcutsMetadata.stringsdata --source-file-list /Users/runner/work/safe-link-v2/safe-link-v2/.tmp/ios-derived-data/Build/Intermediates.noindex/CapacitorLocalNotifications.build/Debug-iphonesimulator/LocalNotificationsPlugin.build/Objects-normal/arm64/LocalNotificationsPlugin.SwiftFileList --source-file-list /Users/runner/work/safe-link-v2/safe-link-v2/.tmp/ios-derived-data/Build/Intermediates.noindex/CapacitorLocalNotifications.build/Debug-iphonesimulator/LocalNotificationsPlugin.build/Objects-normal/x86_64/LocalNotificationsPlugin.SwiftFileList --metadata-file-list /Users/runner/work/safe-link-v2/safe-link-v2/.tmp/ios-derived-data/Build/Intermediates.noindex/CapacitorLocalNotifications.build/Debug-iphonesimulator/LocalNotificationsPlugin.build/LocalNotificationsPlugin.DependencyMetadataFileList --static-metadata-file-list /Users/runner/work/safe-link-v2/safe-link-v2/.tmp/ios-derived-data/Build/Intermediates.noindex/CapacitorLocalNotifications.build/Debug-iphonesimulator/LocalNotificationsPlugin.build/LocalNotificationsPlugin.DependencyStaticMetadataFileList --swift-const-vals-list /Users/runner/work/safe-link-v2/safe-link-v2/.tmp/ios-derived-data/Build/Intermediates.noindex/CapacitorLocalNotifications.build/Debug-iphonesimulator/LocalNotificationsPlugin.build/Objects-normal/arm64/LocalNotificationsPlugin.SwiftConstValuesFileList --swift-const-vals-list /Users/runner/work/safe-link-v2/safe-link-v2/.tmp/ios-derived-data/Build/Intermediates.noindex/CapacitorLocalNotifications.build/Debug-iphonesimulator/LocalNotificationsPlugin.build/Objects-normal/x86_64/LocalNotificationsPlugin.SwiftConstValuesFileList --force --compile-time-extraction --deployment-aware-processing --validate-assistant-intents --no-app-shortcuts-localization
2026-06-22 23:47:48.987 appintentsmetadataprocessor[49202:118353] Starting appintentsmetadataprocessor export
2026-06-22 23:47:49.028 appintentsmetadataprocessor[49202:118353] Extracted no relevant App Intents symbols, skipping writing output

SwiftMergeGeneratedHeaders /Users/runner/work/safe-link-v2/safe-link-v2/.tmp/ios-derived-data/Build/Intermediates.noindex/GeneratedModuleMaps-iphonesimulator/CapApp-SPM-Swift.h /Users/runner/work/safe-link-v2/safe-link-v2/.tmp/ios-derived-data/Build/Intermediates.noindex/CapApp-SPM.build/Debug-iphonesimulator/CapApp-SPM.build/Objects-normal/arm64/CapApp-SPM-Swift.h /Users/runner/work/safe-link-v2/safe-link-v2/.tmp/ios-derived-data/Build/Intermediates.noindex/CapApp-SPM.build/Debug-iphonesimulator/CapApp-SPM.build/Objects-normal/x86_64/CapApp-SPM-Swift.h (in target 'CapApp-SPM' from project 'CapApp-SPM')
    cd /Users/runner/work/safe-link-v2/safe-link-v2/apps/mobile/ios/App/CapApp-SPM
    builtin-swiftHeaderTool -arch arm64 /Users/runner/work/safe-link-v2/safe-link-v2/.tmp/ios-derived-data/Build/Intermediates.noindex/CapApp-SPM.build/Debug-iphonesimulator/CapApp-SPM.build/Objects-normal/arm64/CapApp-SPM-Swift.h -arch x86_64 /Users/runner/work/safe-link-v2/safe-link-v2/.tmp/ios-derived-data/Build/Intermediates.noindex/CapApp-SPM.build/Debug-iphonesimulator/CapApp-SPM.build/Objects-normal/x86_64/CapApp-SPM-Swift.h -o /Users/runner/work/safe-link-v2/safe-link-v2/.tmp/ios-derived-data/Build/Intermediates.noindex/GeneratedModuleMaps-iphonesimulator/CapApp-SPM-Swift.h

SwiftDriverJobDiscovery normal x86_64 Compiling CapApp-SPM.swift (in target 'CapApp-SPM' from project 'CapApp-SPM')

Copy /Users/runner/work/safe-link-v2/safe-link-v2/.tmp/ios-derived-data/Build/Products/Debug-iphonesimulator/CapApp_SPM.swiftmodule/x86_64-apple-ios-simulator.swiftmodule /Users/runner/work/safe-link-v2/safe-link-v2/.tmp/ios-derived-data/Build/Intermediates.noindex/CapApp-SPM.build/Debug-iphonesimulator/CapApp-SPM.build/Objects-normal/x86_64/CapApp_SPM.swiftmodule (in target 'CapApp-SPM' from project 'CapApp-SPM')
    cd /Users/runner/work/safe-link-v2/safe-link-v2/apps/mobile/ios/App/CapApp-SPM
    builtin-copy -exclude .DS_Store -exclude CVS -exclude .svn -exclude .git -exclude .hg -resolve-src-symlinks -rename /Users/runner/work/safe-link-v2/safe-link-v2/.tmp/ios-derived-data/Build/Intermediates.noindex/CapApp-SPM.build/Debug-iphonesimulator/CapApp-SPM.build/Objects-normal/x86_64/CapApp_SPM.swiftmodule /Users/runner/work/safe-link-v2/safe-link-v2/.tmp/ios-derived-data/Build/Products/Debug-iphonesimulator/CapApp_SPM.swiftmodule/x86_64-apple-ios-simulator.swiftmodule

Copy /Users/runner/work/safe-link-v2/safe-link-v2/.tmp/ios-derived-data/Build/Products/Debug-iphonesimulator/CapApp_SPM.swiftmodule/x86_64-apple-ios-simulator.swiftdoc /Users/runner/work/safe-link-v2/safe-link-v2/.tmp/ios-derived-data/Build/Intermediates.noindex/CapApp-SPM.build/Debug-iphonesimulator/CapApp-SPM.build/Objects-normal/x86_64/CapApp_SPM.swiftdoc (in target 'CapApp-SPM' from project 'CapApp-SPM')
    cd /Users/runner/work/safe-link-v2/safe-link-v2/apps/mobile/ios/App/CapApp-SPM
    builtin-copy -exclude .DS_Store -exclude CVS -exclude .svn -exclude .git -exclude .hg -resolve-src-symlinks -rename /Users/runner/work/safe-link-v2/safe-link-v2/.tmp/ios-derived-data/Build/Intermediates.noindex/CapApp-SPM.build/Debug-iphonesimulator/CapApp-SPM.build/Objects-normal/x86_64/CapApp_SPM.swiftdoc /Users/runner/work/safe-link-v2/safe-link-v2/.tmp/ios-derived-data/Build/Products/Debug-iphonesimulator/CapApp_SPM.swiftmodule/x86_64-apple-ios-simulator.swiftdoc

Copy /Users/runner/work/safe-link-v2/safe-link-v2/.tmp/ios-derived-data/Build/Products/Debug-iphonesimulator/CapApp_SPM.swiftmodule/x86_64-apple-ios-simulator.abi.json /Users/runner/work/safe-link-v2/safe-link-v2/.tmp/ios-derived-data/Build/Intermediates.noindex/CapApp-SPM.build/Debug-iphonesimulator/CapApp-SPM.build/Objects-normal/x86_64/CapApp_SPM.abi.json (in target 'CapApp-SPM' from project 'CapApp-SPM')
    cd /Users/runner/work/safe-link-v2/safe-link-v2/apps/mobile/ios/App/CapApp-SPM
    builtin-copy -exclude .DS_Store -exclude CVS -exclude .svn -exclude .git -exclude .hg -resolve-src-symlinks -rename /Users/runner/work/safe-link-v2/safe-link-v2/.tmp/ios-derived-data/Build/Intermediates.noindex/CapApp-SPM.build/Debug-iphonesimulator/CapApp-SPM.build/Objects-normal/x86_64/CapApp_SPM.abi.json /Users/runner/work/safe-link-v2/safe-link-v2/.tmp/ios-derived-data/Build/Products/Debug-iphonesimulator/CapApp_SPM.swiftmodule/x86_64-apple-ios-simulator.abi.json

Copy /Users/runner/work/safe-link-v2/safe-link-v2/.tmp/ios-derived-data/Build/Products/Debug-iphonesimulator/CapApp_SPM.swiftmodule/Project/x86_64-apple-ios-simulator.swiftsourceinfo /Users/runner/work/safe-link-v2/safe-link-v2/.tmp/ios-derived-data/Build/Intermediates.noindex/CapApp-SPM.build/Debug-iphonesimulator/CapApp-SPM.build/Objects-normal/x86_64/CapApp_SPM.swiftsourceinfo (in target 'CapApp-SPM' from project 'CapApp-SPM')
    cd /Users/runner/work/safe-link-v2/safe-link-v2/apps/mobile/ios/App/CapApp-SPM
    builtin-copy -exclude .DS_Store -exclude CVS -exclude .svn -exclude .git -exclude .hg -resolve-src-symlinks -rename /Users/runner/work/safe-link-v2/safe-link-v2/.tmp/ios-derived-data/Build/Intermediates.noindex/CapApp-SPM.build/Debug-iphonesimulator/CapApp-SPM.build/Objects-normal/x86_64/CapApp_SPM.swiftsourceinfo /Users/runner/work/safe-link-v2/safe-link-v2/.tmp/ios-derived-data/Build/Products/Debug-iphonesimulator/CapApp_SPM.swiftmodule/Project/x86_64-apple-ios-simulator.swiftsourceinfo

SwiftDriver\ Compilation CapApp-SPM normal x86_64 com.apple.xcode.tools.swift.compiler (in target 'CapApp-SPM' from project 'CapApp-SPM')
    cd /Users/runner/work/safe-link-v2/safe-link-v2/apps/mobile/ios/App/App.xcodeproj
    builtin-Swift-Compilation -- /Applications/Xcode_26.5.app/Contents/Developer/Toolchains/XcodeDefault.xctoolchain/usr/bin/swiftc -module-name CapApp_SPM -Onone @/Users/runner/work/safe-link-v2/safe-link-v2/.tmp/ios-derived-data/Build/Intermediates.noindex/CapApp-SPM.build/Debug-iphonesimulator/CapApp-SPM.build/Objects-normal/x86_64/CapApp-SPM.SwiftFileList -DSWIFT_PACKAGE -DDEBUG -DSWIFT_MODULE_RESOURCE_BUNDLE_UNAVAILABLE -DXcode -plugin-path /Applications/Xcode_26.5.app/Contents/Developer/Toolchains/XcodeDefault.xctoolchain/usr/lib/swift/host/plugins/testing -enable-experimental-feature DebugDescriptionMacro -sdk /Applications/Xcode_26.5.app/Contents/Developer/Platforms/iPhoneSimulator.platform/Developer/SDKs/iPhoneSimulator26.5.sdk -target x86_64-apple-ios15.0-simulator -g -module-cache-path /Users/runner/work/safe-link-v2/safe-link-v2/.tmp/ios-derived-data/ModuleCache.noindex -Xfrontend -serialize-debugging-options -enable-testing -suppress-warnings -index-store-path /Users/runner/work/safe-link-v2/safe-link-v2/.tmp/ios-derived-data/Index.noindex/DataStore -Xcc -D_LIBCPP_HARDENING_MODE\=_LIBCPP_HARDENING_MODE_DEBUG -swift-version 5 -I /Users/runner/work/safe-link-v2/safe-link-v2/.tmp/ios-derived-data/Build/Products/Debug-iphonesimulator -Isystem /Applications/Xcode_26.5.app/Contents/Developer/Platforms/iPhoneSimulator.platform/Developer/usr/lib -F /Users/runner/work/safe-link-v2/safe-link-v2/.tmp/ios-derived-data/Build/Products/Debug-iphonesimulator/PackageFrameworks -F /Users/runner/work/safe-link-v2/safe-link-v2/.tmp/ios-derived-data/Build/Products/Debug-iphonesimulator/PackageFrameworks -F /Users/runner/work/safe-link-v2/safe-link-v2/.tmp/ios-derived-data/Build/Products/Debug-iphonesimulator -F /Applications/Xcode_26.5.app/Contents/Developer/Platforms/iPhoneSimulator.platform/Developer/Library/Frameworks -F /Applications/Xcode_26.5.app/Contents/Developer/Platforms/iPhoneSimulator.platform/Developer/SDKs/iPhoneSimulator26.5.sdk/Developer/Library/Frameworks -parse-as-library -c -j3 -enable-batch-mode -incremental -Xcc -ivfsstatcache -Xcc /Users/runner/work/safe-link-v2/safe-link-v2/.tmp/ios-derived-data/SDKStatCaches.noindex/iphonesimulator26.5-23F73-688ef53f1462e2c8f657fdc38a81448ffb7d586738ff35573a713a18216ade27.sdkstatcache -output-file-map /Users/runner/work/safe-link-v2/safe-link-v2/.tmp/ios-derived-data/Build/Intermediates.noindex/CapApp-SPM.build/Debug-iphonesimulator/CapApp-SPM.build/Objects-normal/x86_64/CapApp-SPM-OutputFileMap.json -use-frontend-parseable-output -save-temps -no-color-diagnostics -explicit-module-build -module-cache-path /Users/runner/work/safe-link-v2/safe-link-v2/.tmp/ios-derived-data/Build/Intermediates.noindex/SwiftExplicitPrecompiledModules -clang-scanner-module-cache-path /Users/runner/work/safe-link-v2/safe-link-v2/.tmp/ios-derived-data/ModuleCache.noindex -sdk-module-cache-path /Users/runner/work/safe-link-v2/safe-link-v2/.tmp/ios-derived-data/ModuleCache.noindex -serialize-diagnostics -emit-dependencies -emit-module -emit-module-path /Users/runner/work/safe-link-v2/safe-link-v2/.tmp/ios-derived-data/Build/Intermediates.noindex/CapApp-SPM.build/Debug-iphonesimulator/CapApp-SPM.build/Objects-normal/x86_64/CapApp_SPM.swiftmodule -validate-clang-modules-once -clang-build-session-file /Users/runner/work/safe-link-v2/safe-link-v2/.tmp/ios-derived-data/ModuleCache.noindex/Session.modulevalidation -package-name capapp_spm -Xcc -I/Users/runner/work/safe-link-v2/safe-link-v2/.tmp/ios-derived-data/Build/Intermediates.noindex/CapApp-SPM.build/Debug-iphonesimulator/CapApp-SPM.build/swift-overrides.hmap -emit-const-values -Xfrontend -const-gather-protocols-file -Xfrontend /Users/runner/work/safe-link-v2/safe-link-v2/.tmp/ios-derived-data/Build/Intermediates.noindex/CapApp-SPM.build/Debug-iphonesimulator/CapApp-SPM.build/Objects-normal/x86_64/CapApp-SPM_const_extract_protocols.json -Xcc -I/Users/runner/work/safe-link-v2/safe-link-v2/.tmp/ios-derived-data/Build/Products/Debug-iphonesimulator/include -Xcc -I/Users/runner/work/safe-link-v2/safe-link-v2/.tmp/ios-derived-data/Build/Intermediates.noindex/CapApp-SPM.build/Debug-iphonesimulator/CapApp-SPM.build/DerivedSources-normal/x86_64 -Xcc -I/Users/runner/work/safe-link-v2/safe-link-v2/.tmp/ios-derived-data/Build/Intermediates.noindex/CapApp-SPM.build/Debug-iphonesimulator/CapApp-SPM.build/DerivedSources/x86_64 -Xcc -I/Users/runner/work/safe-link-v2/safe-link-v2/.tmp/ios-derived-data/Build/Intermediates.noindex/CapApp-SPM.build/Debug-iphonesimulator/CapApp-SPM.build/DerivedSources -Xcc -DSWIFT_PACKAGE -Xcc -DDEBUG\=1 -emit-objc-header -emit-objc-header-path /Users/runner/work/safe-link-v2/safe-link-v2/.tmp/ios-derived-data/Build/Intermediates.noindex/CapApp-SPM.build/Debug-iphonesimulator/CapApp-SPM.build/Objects-normal/x86_64/CapApp-SPM-Swift.h -working-directory /Users/runner/work/safe-link-v2/safe-link-v2/apps/mobile/ios/App/App.xcodeproj -experimental-emit-module-separately -disable-cmo

MkDir /Users/runner/work/safe-link-v2/safe-link-v2/.tmp/ios-derived-data/Build/Intermediates.noindex/App.build/Debug-iphonesimulator/App.build/assetcatalog_output/unthinned (in target 'App' from project 'App')
    cd /Users/runner/work/safe-link-v2/safe-link-v2/apps/mobile/ios/App
    /bin/mkdir -p /Users/runner/work/safe-link-v2/safe-link-v2/.tmp/ios-derived-data/Build/Intermediates.noindex/App.build/Debug-iphonesimulator/App.build/assetcatalog_output/unthinned

MkDir /Users/runner/work/safe-link-v2/safe-link-v2/.tmp/ios-derived-data/Build/Intermediates.noindex/App.build/Debug-iphonesimulator/App.build/assetcatalog_output/thinned (in target 'App' from project 'App')
    cd /Users/runner/work/safe-link-v2/safe-link-v2/apps/mobile/ios/App
    /bin/mkdir -p /Users/runner/work/safe-link-v2/safe-link-v2/.tmp/ios-derived-data/Build/Intermediates.noindex/App.build/Debug-iphonesimulator/App.build/assetcatalog_output/thinned

GenerateAssetSymbols /Users/runner/work/safe-link-v2/safe-link-v2/apps/mobile/ios/App/App/Assets.xcassets (in target 'App' from project 'App')
    cd /Users/runner/work/safe-link-v2/safe-link-v2/apps/mobile/ios/App
    /Applications/Xcode_26.5.app/Contents/Developer/usr/bin/actool /Users/runner/work/safe-link-v2/safe-link-v2/apps/mobile/ios/App/App/Assets.xcassets --compile /Users/runner/work/safe-link-v2/safe-link-v2/.tmp/ios-derived-data/Build/Products/Debug-iphonesimulator/App.app --output-format human-readable-text --notices --warnings --export-dependency-info /Users/runner/work/safe-link-v2/safe-link-v2/.tmp/ios-derived-data/Build/Intermediates.noindex/App.build/Debug-iphonesimulator/App.build/assetcatalog_dependencies --output-partial-info-plist /Users/runner/work/safe-link-v2/safe-link-v2/.tmp/ios-derived-data/Build/Intermediates.noindex/App.build/Debug-iphonesimulator/App.build/assetcatalog_generated_info.plist --app-icon AppIcon --compress-pngs --enable-on-demand-resources YES --development-region en --target-device iphone --target-device ipad --minimum-deployment-target 15.0 --platform iphonesimulator --bundle-identifier com.safelink.mobile.dev --generate-swift-asset-symbol-extensions NO --generate-swift-asset-symbols /Users/runner/work/safe-link-v2/safe-link-v2/.tmp/ios-derived-data/Build/Intermediates.noindex/App.build/Debug-iphonesimulator/App.build/DerivedSources/GeneratedAssetSymbols.swift --generate-objc-asset-symbols /Users/runner/work/safe-link-v2/safe-link-v2/.tmp/ios-derived-data/Build/Intermediates.noindex/App.build/Debug-iphonesimulator/App.build/DerivedSources/GeneratedAssetSymbols.h --generate-asset-symbol-index /Users/runner/work/safe-link-v2/safe-link-v2/.tmp/ios-derived-data/Build/Intermediates.noindex/App.build/Debug-iphonesimulator/App.build/DerivedSources/GeneratedAssetSymbols-Index.plist
/* com.apple.actool.compilation-results */
/Users/runner/work/safe-link-v2/safe-link-v2/.tmp/ios-derived-data/Build/Intermediates.noindex/App.build/Debug-iphonesimulator/App.build/DerivedSources/GeneratedAssetSymbols-Index.plist
/Users/runner/work/safe-link-v2/safe-link-v2/.tmp/ios-derived-data/Build/Intermediates.noindex/App.build/Debug-iphonesimulator/App.build/DerivedSources/GeneratedAssetSymbols.h
/Users/runner/work/safe-link-v2/safe-link-v2/.tmp/ios-derived-data/Build/Intermediates.noindex/App.build/Debug-iphonesimulator/App.build/DerivedSources/GeneratedAssetSymbols.swift


CompileAssetCatalogVariant thinned /Users/runner/work/safe-link-v2/safe-link-v2/.tmp/ios-derived-data/Build/Products/Debug-iphonesimulator/App.app /Users/runner/work/safe-link-v2/safe-link-v2/apps/mobile/ios/App/App/Assets.xcassets (in target 'App' from project 'App')
    cd /Users/runner/work/safe-link-v2/safe-link-v2/apps/mobile/ios/App
    /Applications/Xcode_26.5.app/Contents/Developer/usr/bin/actool /Users/runner/work/safe-link-v2/safe-link-v2/apps/mobile/ios/App/App/Assets.xcassets --compile /Users/runner/work/safe-link-v2/safe-link-v2/.tmp/ios-derived-data/Build/Intermediates.noindex/App.build/Debug-iphonesimulator/App.build/assetcatalog_output/thinned --output-format human-readable-text --notices --warnings --export-dependency-info /Users/runner/work/safe-link-v2/safe-link-v2/.tmp/ios-derived-data/Build/Intermediates.noindex/App.build/Debug-iphonesimulator/App.build/assetcatalog_dependencies_thinned --output-partial-info-plist /Users/runner/work/safe-link-v2/safe-link-v2/.tmp/ios-derived-data/Build/Intermediates.noindex/App.build/Debug-iphonesimulator/App.build/assetcatalog_generated_info.plist_thinned --app-icon AppIcon --compress-pngs --enable-on-demand-resources YES --development-region en --target-device iphone --target-device ipad --minimum-deployment-target 15.0 --platform iphonesimulator
/* com.apple.actool.compilation-results */
/Users/runner/work/safe-link-v2/safe-link-v2/.tmp/ios-derived-data/Build/Intermediates.noindex/App.build/Debug-iphonesimulator/App.build/assetcatalog_generated_info.plist_thinned
/Users/runner/work/safe-link-v2/safe-link-v2/.tmp/ios-derived-data/Build/Intermediates.noindex/App.build/Debug-iphonesimulator/App.build/assetcatalog_output/thinned/AppIcon60x60@2x.png
/Users/runner/work/safe-link-v2/safe-link-v2/.tmp/ios-derived-data/Build/Intermediates.noindex/App.build/Debug-iphonesimulator/App.build/assetcatalog_output/thinned/AppIcon76x76@2x~ipad.png
/Users/runner/work/safe-link-v2/safe-link-v2/.tmp/ios-derived-data/Build/Intermediates.noindex/App.build/Debug-iphonesimulator/App.build/assetcatalog_output/thinned/Assets.car


SwiftDriver App normal x86_64 com.apple.xcode.tools.swift.compiler (in target 'App' from project 'App')
    cd /Users/runner/work/safe-link-v2/safe-link-v2/apps/mobile/ios/App
    builtin-SwiftDriver -- /Applications/Xcode_26.5.app/Contents/Developer/Toolchains/XcodeDefault.xctoolchain/usr/bin/swiftc -module-name App -Onone @/Users/runner/work/safe-link-v2/safe-link-v2/.tmp/ios-derived-data/Build/Intermediates.noindex/App.build/Debug-iphonesimulator/App.build/Objects-normal/x86_64/App.SwiftFileList -DDEBUG -D COCOAPODS -DDEBUG -enable-bare-slash-regex -enable-experimental-feature DebugDescriptionMacro -sdk /Applications/Xcode_26.5.app/Contents/Developer/Platforms/iPhoneSimulator.platform/Developer/SDKs/iPhoneSimulator26.5.sdk -target x86_64-apple-ios15.0-simulator -g -module-cache-path /Users/runner/work/safe-link-v2/safe-link-v2/.tmp/ios-derived-data/ModuleCache.noindex -Xfrontend -serialize-debugging-options -enable-testing -index-store-path /Users/runner/work/safe-link-v2/safe-link-v2/.tmp/ios-derived-data/Index.noindex/DataStore -Xcc -D_LIBCPP_HARDENING_MODE\=_LIBCPP_HARDENING_MODE_DEBUG -swift-version 5 -I /Users/runner/work/safe-link-v2/safe-link-v2/.tmp/ios-derived-data/Build/Products/Debug-iphonesimulator -F /Users/runner/work/safe-link-v2/safe-link-v2/.tmp/ios-derived-data/Build/Products/Debug-iphonesimulator/PackageFrameworks -F /Users/runner/work/safe-link-v2/safe-link-v2/.tmp/ios-derived-data/Build/Products/Debug-iphonesimulator/PackageFrameworks -F /Users/runner/work/safe-link-v2/safe-link-v2/.tmp/ios-derived-data/Build/Products/Debug-iphonesimulator/PackageFrameworks -F /Users/runner/work/safe-link-v2/safe-link-v2/.tmp/ios-derived-data/Build/Products/Debug-iphonesimulator -c -j3 -enable-batch-mode -incremental -Xcc -ivfsstatcache -Xcc /Users/runner/work/safe-link-v2/safe-link-v2/.tmp/ios-derived-data/SDKStatCaches.noindex/iphonesimulator26.5-23F73-688ef53f1462e2c8f657fdc38a81448ffb7d586738ff35573a713a18216ade27.sdkstatcache -output-file-map /Users/runner/work/safe-link-v2/safe-link-v2/.tmp/ios-derived-data/Build/Intermediates.noindex/App.build/Debug-iphonesimulator/App.build/Objects-normal/x86_64/App-OutputFileMap.json -use-frontend-parseable-output -save-temps -no-color-diagnostics -explicit-module-build -module-cache-path /Users/runner/work/safe-link-v2/safe-link-v2/.tmp/ios-derived-data/Build/Intermediates.noindex/SwiftExplicitPrecompiledModules -clang-scanner-module-cache-path /Users/runner/work/safe-link-v2/safe-link-v2/.tmp/ios-derived-data/ModuleCache.noindex -sdk-module-cache-path /Users/runner/work/safe-link-v2/safe-link-v2/.tmp/ios-derived-data/ModuleCache.noindex -serialize-diagnostics -emit-dependencies -emit-module -emit-module-path /Users/runner/work/safe-link-v2/safe-link-v2/.tmp/ios-derived-data/Build/Intermediates.noindex/App.build/Debug-iphonesimulator/App.build/Objects-normal/x86_64/App.swiftmodule -validate-clang-modules-once -clang-build-session-file /Users/runner/work/safe-link-v2/safe-link-v2/.tmp/ios-derived-data/ModuleCache.noindex/Session.modulevalidation -Xcc -I/Users/runner/work/safe-link-v2/safe-link-v2/.tmp/ios-derived-data/Build/Intermediates.noindex/App.build/Debug-iphonesimulator/App.build/swift-overrides.hmap -emit-const-values -Xfrontend -const-gather-protocols-file -Xfrontend /Users/runner/work/safe-link-v2/safe-link-v2/.tmp/ios-derived-data/Build/Intermediates.noindex/App.build/Debug-iphonesimulator/App.build/Objects-normal/x86_64/App_const_extract_protocols.json -Xcc -iquote -Xcc /Users/runner/work/safe-link-v2/safe-link-v2/.tmp/ios-derived-data/Build/Intermediates.noindex/App.build/Debug-iphonesimulator/App.build/App-generated-files.hmap -Xcc -I/Users/runner/work/safe-link-v2/safe-link-v2/.tmp/ios-derived-data/Build/Intermediates.noindex/App.build/Debug-iphonesimulator/App.build/App-own-target-headers.hmap -Xcc -I/Users/runner/work/safe-link-v2/safe-link-v2/.tmp/ios-derived-data/Build/Intermediates.noindex/App.build/Debug-iphonesimulator/App.build/App-all-non-framework-target-headers.hmap -Xcc -ivfsoverlay -Xcc /Users/runner/work/safe-link-v2/safe-link-v2/.tmp/ios-derived-data/Build/Intermediates.noindex/App.build/Debug-iphonesimulator/App-0ca3007d900a678c2b4d53418799ee3d-VFS-iphonesimulator/all-product-headers.yaml -Xcc -iquote -Xcc /Users/runner/work/safe-link-v2/safe-link-v2/.tmp/ios-derived-data/Build/Intermediates.noindex/App.build/Debug-iphonesimulator/App.build/App-project-headers.hmap -Xcc -I/Users/runner/work/safe-link-v2/safe-link-v2/.tmp/ios-derived-data/Build/Products/Debug-iphonesimulator/include -Xcc -I/Users/runner/work/safe-link-v2/safe-link-v2/.tmp/ios-derived-data/Build/Intermediates.noindex/App.build/Debug-iphonesimulator/App.build/DerivedSources-normal/x86_64 -Xcc -I/Users/runner/work/safe-link-v2/safe-link-v2/.tmp/ios-derived-data/Build/Intermediates.noindex/App.build/Debug-iphonesimulator/App.build/DerivedSources/x86_64 -Xcc -I/Users/runner/work/safe-link-v2/safe-link-v2/.tmp/ios-derived-data/Build/Intermediates.noindex/App.build/Debug-iphonesimulator/App.build/DerivedSources -Xcc -DDEBUG\=1 -emit-objc-header -emit-objc-header-path /Users/runner/work/safe-link-v2/safe-link-v2/.tmp/ios-derived-data/Build/Intermediates.noindex/App.build/Debug-iphonesimulator/App.build/Objects-normal/x86_64/App-Swift.h -working-directory /Users/runner/work/safe-link-v2/safe-link-v2/apps/mobile/ios/App -experimental-emit-module-separately -disable-cmo

SwiftDriver App normal arm64 com.apple.xcode.tools.swift.compiler (in target 'App' from project 'App')
    cd /Users/runner/work/safe-link-v2/safe-link-v2/apps/mobile/ios/App
    builtin-SwiftDriver -- /Applications/Xcode_26.5.app/Contents/Developer/Toolchains/XcodeDefault.xctoolchain/usr/bin/swiftc -module-name App -Onone @/Users/runner/work/safe-link-v2/safe-link-v2/.tmp/ios-derived-data/Build/Intermediates.noindex/App.build/Debug-iphonesimulator/App.build/Objects-normal/arm64/App.SwiftFileList -DDEBUG -D COCOAPODS -DDEBUG -enable-bare-slash-regex -enable-experimental-feature DebugDescriptionMacro -sdk /Applications/Xcode_26.5.app/Contents/Developer/Platforms/iPhoneSimulator.platform/Developer/SDKs/iPhoneSimulator26.5.sdk -target arm64-apple-ios15.0-simulator -g -module-cache-path /Users/runner/work/safe-link-v2/safe-link-v2/.tmp/ios-derived-data/ModuleCache.noindex -Xfrontend -serialize-debugging-options -enable-testing -index-store-path /Users/runner/work/safe-link-v2/safe-link-v2/.tmp/ios-derived-data/Index.noindex/DataStore -Xcc -D_LIBCPP_HARDENING_MODE\=_LIBCPP_HARDENING_MODE_DEBUG -swift-version 5 -I /Users/runner/work/safe-link-v2/safe-link-v2/.tmp/ios-derived-data/Build/Products/Debug-iphonesimulator -F /Users/runner/work/safe-link-v2/safe-link-v2/.tmp/ios-derived-data/Build/Products/Debug-iphonesimulator/PackageFrameworks -F /Users/runner/work/safe-link-v2/safe-link-v2/.tmp/ios-derived-data/Build/Products/Debug-iphonesimulator/PackageFrameworks -F /Users/runner/work/safe-link-v2/safe-link-v2/.tmp/ios-derived-data/Build/Products/Debug-iphonesimulator/PackageFrameworks -F /Users/runner/work/safe-link-v2/safe-link-v2/.tmp/ios-derived-data/Build/Products/Debug-iphonesimulator -c -j3 -enable-batch-mode -incremental -Xcc -ivfsstatcache -Xcc /Users/runner/work/safe-link-v2/safe-link-v2/.tmp/ios-derived-data/SDKStatCaches.noindex/iphonesimulator26.5-23F73-688ef53f1462e2c8f657fdc38a81448ffb7d586738ff35573a713a18216ade27.sdkstatcache -output-file-map /Users/runner/work/safe-link-v2/safe-link-v2/.tmp/ios-derived-data/Build/Intermediates.noindex/App.build/Debug-iphonesimulator/App.build/Objects-normal/arm64/App-OutputFileMap.json -use-frontend-parseable-output -save-temps -no-color-diagnostics -explicit-module-build -module-cache-path /Users/runner/work/safe-link-v2/safe-link-v2/.tmp/ios-derived-data/Build/Intermediates.noindex/SwiftExplicitPrecompiledModules -clang-scanner-module-cache-path /Users/runner/work/safe-link-v2/safe-link-v2/.tmp/ios-derived-data/ModuleCache.noindex -sdk-module-cache-path /Users/runner/work/safe-link-v2/safe-link-v2/.tmp/ios-derived-data/ModuleCache.noindex -serialize-diagnostics -emit-dependencies -emit-module -emit-module-path /Users/runner/work/safe-link-v2/safe-link-v2/.tmp/ios-derived-data/Build/Intermediates.noindex/App.build/Debug-iphonesimulator/App.build/Objects-normal/arm64/App.swiftmodule -validate-clang-modules-once -clang-build-session-file /Users/runner/work/safe-link-v2/safe-link-v2/.tmp/ios-derived-data/ModuleCache.noindex/Session.modulevalidation -Xcc -I/Users/runner/work/safe-link-v2/safe-link-v2/.tmp/ios-derived-data/Build/Intermediates.noindex/App.build/Debug-iphonesimulator/App.build/swift-overrides.hmap -emit-const-values -Xfrontend -const-gather-protocols-file -Xfrontend /Users/runner/work/safe-link-v2/safe-link-v2/.tmp/ios-derived-data/Build/Intermediates.noindex/App.build/Debug-iphonesimulator/App.build/Objects-normal/arm64/App_const_extract_protocols.json -Xcc -iquote -Xcc /Users/runner/work/safe-link-v2/safe-link-v2/.tmp/ios-derived-data/Build/Intermediates.noindex/App.build/Debug-iphonesimulator/App.build/App-generated-files.hmap -Xcc -I/Users/runner/work/safe-link-v2/safe-link-v2/.tmp/ios-derived-data/Build/Intermediates.noindex/App.build/Debug-iphonesimulator/App.build/App-own-target-headers.hmap -Xcc -I/Users/runner/work/safe-link-v2/safe-link-v2/.tmp/ios-derived-data/Build/Intermediates.noindex/App.build/Debug-iphonesimulator/App.build/App-all-non-framework-target-headers.hmap -Xcc -ivfsoverlay -Xcc /Users/runner/work/safe-link-v2/safe-link-v2/.tmp/ios-derived-data/Build/Intermediates.noindex/App.build/Debug-iphonesimulator/App-0ca3007d900a678c2b4d53418799ee3d-VFS-iphonesimulator/all-product-headers.yaml -Xcc -iquote -Xcc /Users/runner/work/safe-link-v2/safe-link-v2/.tmp/ios-derived-data/Build/Intermediates.noindex/App.build/Debug-iphonesimulator/App.build/App-project-headers.hmap -Xcc -I/Users/runner/work/safe-link-v2/safe-link-v2/.tmp/ios-derived-data/Build/Products/Debug-iphonesimulator/include -Xcc -I/Users/runner/work/safe-link-v2/safe-link-v2/.tmp/ios-derived-data/Build/Intermediates.noindex/App.build/Debug-iphonesimulator/App.build/DerivedSources-normal/arm64 -Xcc -I/Users/runner/work/safe-link-v2/safe-link-v2/.tmp/ios-derived-data/Build/Intermediates.noindex/App.build/Debug-iphonesimulator/App.build/DerivedSources/arm64 -Xcc -I/Users/runner/work/safe-link-v2/safe-link-v2/.tmp/ios-derived-data/Build/Intermediates.noindex/App.build/Debug-iphonesimulator/App.build/DerivedSources -Xcc -DDEBUG\=1 -emit-objc-header -emit-objc-header-path /Users/runner/work/safe-link-v2/safe-link-v2/.tmp/ios-derived-data/Build/Intermediates.noindex/App.build/Debug-iphonesimulator/App.build/Objects-normal/arm64/App-Swift.h -working-directory /Users/runner/work/safe-link-v2/safe-link-v2/apps/mobile/ios/App -experimental-emit-module-separately -disable-cmo

SwiftExplicitDependencyGeneratePcm arm64 /Users/runner/work/safe-link-v2/safe-link-v2/.tmp/ios-derived-data/ModuleCache.noindex/ptrauth-5XRBX7DWT9PW9W4F6SWM1JY45.pcm

SwiftExplicitDependencyGeneratePcm arm64 /Users/runner/work/safe-link-v2/safe-link-v2/.tmp/ios-derived-data/ModuleCache.noindex/_Builtin_float-5VKSFZ09P28X41I1TXAZ97W0D.pcm

SwiftExplicitDependencyGeneratePcm x86_64 /Users/runner/work/safe-link-v2/safe-link-v2/.tmp/ios-derived-data/ModuleCache.noindex/_Builtin_stdarg-8023K1WM0ANOFSQRH94SFC8WM.pcm

SwiftExplicitDependencyGeneratePcm arm64 /Users/runner/work/safe-link-v2/safe-link-v2/.tmp/ios-derived-data/ModuleCache.noindex/_SwiftConcurrencyShims-4JVGFT3NQXAVA6MZEKXRCN3TJ.pcm

SwiftExplicitDependencyGeneratePcm arm64 /Users/runner/work/safe-link-v2/safe-link-v2/.tmp/ios-derived-data/ModuleCache.noindex/_AvailabilityInternal-BMITP3UW2QI1OVYA239W0OAUZ.pcm

SwiftExplicitDependencyGeneratePcm arm64 /Users/runner/work/safe-link-v2/safe-link-v2/.tmp/ios-derived-data/ModuleCache.noindex/DeveloperToolsSupport-6Y1UOLTXCV8WKG0WAW0XTM20J.pcm

SwiftExplicitDependencyGeneratePcm arm64 /Users/runner/work/safe-link-v2/safe-link-v2/.tmp/ios-derived-data/ModuleCache.noindex/SwiftShims-2O7FX37GF7S9H03WWGAZE2T83.pcm

SwiftExplicitDependencyGeneratePcm x86_64 /Users/runner/work/safe-link-v2/safe-link-v2/.tmp/ios-derived-data/ModuleCache.noindex/_Builtin_stddef-23PQ701ZT7UWELOKRAASJCBLM.pcm

SwiftExplicitDependencyGeneratePcm x86_64 /Users/runner/work/safe-link-v2/safe-link-v2/.tmp/ios-derived-data/ModuleCache.noindex/SwiftShims-9UI8KXKUN3TYZ5NULL79DI7XT.pcm

SwiftExplicitDependencyGeneratePcm arm64 /Users/runner/work/safe-link-v2/safe-link-v2/.tmp/ios-derived-data/ModuleCache.noindex/_Builtin_stdarg-CQR0JWH8TFW8LY927F4LGZWY2.pcm

SwiftExplicitDependencyGeneratePcm arm64 /Users/runner/work/safe-link-v2/safe-link-v2/.tmp/ios-derived-data/ModuleCache.noindex/_Builtin_stddef-4FMBRQQV0UPVQ6WDN2SQ38MN.pcm

SwiftExplicitDependencyGeneratePcm x86_64 /Users/runner/work/safe-link-v2/safe-link-v2/.tmp/ios-derived-data/ModuleCache.noindex/ptrcheck-2O3GMSJSJTR2VVOX6RV3OD5LR.pcm

SwiftExplicitDependencyGeneratePcm x86_64 /Users/runner/work/safe-link-v2/safe-link-v2/.tmp/ios-derived-data/ModuleCache.noindex/DeveloperToolsSupport-ACPMR3R84OIW0R7RN2B29XHA7.pcm

SwiftExplicitDependencyGeneratePcm x86_64 /Users/runner/work/safe-link-v2/safe-link-v2/.tmp/ios-derived-data/ModuleCache.noindex/_AvailabilityInternal-6HK8EVPEFH5IW63S7ZTBGVR3A.pcm

SwiftExplicitDependencyGeneratePcm x86_64 /Users/runner/work/safe-link-v2/safe-link-v2/.tmp/ios-derived-data/ModuleCache.noindex/_SwiftConcurrencyShims-42L5VLDSHDRA0QTYHE87J4YWL.pcm

SwiftExplicitDependencyGeneratePcm x86_64 /Users/runner/work/safe-link-v2/safe-link-v2/.tmp/ios-derived-data/ModuleCache.noindex/ptrauth-CTGYWFX56V8VWVSKXSEXK28WR.pcm

SwiftExplicitDependencyGeneratePcm x86_64 /Users/runner/work/safe-link-v2/safe-link-v2/.tmp/ios-derived-data/ModuleCache.noindex/_DarwinFoundation1-C9SIFV8ZAVB4Y8R2EXHKAXG0T.pcm

SwiftExplicitDependencyGeneratePcm x86_64 /Users/runner/work/safe-link-v2/safe-link-v2/.tmp/ios-derived-data/ModuleCache.noindex/_Builtin_float-43FEOADQMM1CPC2GMV7EOOLSL.pcm

SwiftExplicitDependencyGeneratePcm arm64 /Users/runner/work/safe-link-v2/safe-link-v2/.tmp/ios-derived-data/ModuleCache.noindex/ptrcheck-AVAP8CGN34L9S3OO3Y0X9ZILH.pcm

SwiftExplicitDependencyGeneratePcm arm64 /Users/runner/work/safe-link-v2/safe-link-v2/.tmp/ios-derived-data/ModuleCache.noindex/_Builtin_stdbool-84G3MRXQTIGK397RS39JRMNPV.pcm

SwiftExplicitDependencyGeneratePcm x86_64 /Users/runner/work/safe-link-v2/safe-link-v2/.tmp/ios-derived-data/ModuleCache.noindex/_Builtin_limits-BFGVT713UVY15DMOODEOKQKAW.pcm

SwiftExplicitDependencyGeneratePcm x86_64 /Users/runner/work/safe-link-v2/safe-link-v2/.tmp/ios-derived-data/ModuleCache.noindex/_DarwinFoundation2-B0H1K6IWAX8RE8JEOG6WORSDQ.pcm

SwiftExplicitDependencyGeneratePcm arm64 /Users/runner/work/safe-link-v2/safe-link-v2/.tmp/ios-derived-data/ModuleCache.noindex/_DarwinFoundation1-79LYTGCW3KSAA7OMZ8QYAZUCF.pcm

SwiftExplicitDependencyGeneratePcm x86_64 /Users/runner/work/safe-link-v2/safe-link-v2/.tmp/ios-derived-data/ModuleCache.noindex/_Builtin_stdbool-E9KMDCF76SS7BB5CCUHXO6EXG.pcm

SwiftExplicitDependencyGeneratePcm x86_64 /Users/runner/work/safe-link-v2/safe-link-v2/.tmp/ios-derived-data/ModuleCache.noindex/sys_types-B6Y7DU8DZ5WEY0N98DXBC5BJ8.pcm

SwiftExplicitDependencyGeneratePcm arm64 /Users/runner/work/safe-link-v2/safe-link-v2/.tmp/ios-derived-data/ModuleCache.noindex/_Builtin_limits-6QW793WH7Q9STZGJX1HLDQC10.pcm

SwiftExplicitDependencyGeneratePcm x86_64 /Users/runner/work/safe-link-v2/safe-link-v2/.tmp/ios-derived-data/ModuleCache.noindex/_Builtin_tgmath-CXHYJZ1DEM8AI04PHZ7J38SN9.pcm

SwiftExplicitDependencyGeneratePcm arm64 /Users/runner/work/safe-link-v2/safe-link-v2/.tmp/ios-derived-data/ModuleCache.noindex/_DarwinFoundation2-83CKZIKFAGYST641EYAGA0SZU.pcm

SwiftExplicitDependencyGeneratePcm x86_64 /Users/runner/work/safe-link-v2/safe-link-v2/.tmp/ios-derived-data/ModuleCache.noindex/_Builtin_stdint-2J4N2PVW104AP8ACL2XF0KEBI.pcm

SwiftExplicitDependencyGeneratePcm arm64 /Users/runner/work/safe-link-v2/safe-link-v2/.tmp/ios-derived-data/ModuleCache.noindex/_Builtin_tgmath-99LZIB73S2FCPDKERL06Z4R4H.pcm

SwiftExplicitDependencyGeneratePcm arm64 /Users/runner/work/safe-link-v2/safe-link-v2/.tmp/ios-derived-data/ModuleCache.noindex/_Builtin_stdint-AS9A2U4ULX4WNT4QZHZRKFVA2.pcm

SwiftExplicitDependencyGeneratePcm x86_64 /Users/runner/work/safe-link-v2/safe-link-v2/.tmp/ios-derived-data/ModuleCache.noindex/_DarwinFoundation3-524XDWZKSWQ7DIDDFAMNF8PVX.pcm

SwiftExplicitDependencyGeneratePcm x86_64 /Users/runner/work/safe-link-v2/safe-link-v2/.tmp/ios-derived-data/ModuleCache.noindex/_Builtin_stdatomic-84YGW7GIU4MBQ1V6ATNMJUJ46.pcm

SwiftExplicitDependencyGeneratePcm arm64 /Users/runner/work/safe-link-v2/safe-link-v2/.tmp/ios-derived-data/ModuleCache.noindex/_DarwinFoundation3-9C9BMJMCXAET1PLMO8H88Q0ZL.pcm

SwiftExplicitDependencyGeneratePcm arm64 /Users/runner/work/safe-link-v2/safe-link-v2/.tmp/ios-derived-data/ModuleCache.noindex/_Builtin_intrinsics-B6F4FH9EJ217LE11YY9KMBX2O.pcm

SwiftExplicitDependencyGeneratePcm x86_64 /Users/runner/work/safe-link-v2/safe-link-v2/.tmp/ios-derived-data/ModuleCache.noindex/_Builtin_intrinsics-8WFIIO3S93UORKRHON625HX3E.pcm

SwiftExplicitDependencyGeneratePcm x86_64 /Users/runner/work/safe-link-v2/safe-link-v2/.tmp/ios-derived-data/ModuleCache.noindex/CommonCrypto-41AN0W3HIH1SA6AELUYL7RZB1.pcm

SwiftExplicitDependencyGeneratePcm arm64 /Users/runner/work/safe-link-v2/safe-link-v2/.tmp/ios-derived-data/ModuleCache.noindex/simd-DKXN4BCO2DJR0VF2XVT9SV14Y.pcm

SwiftExplicitDependencyGeneratePcm x86_64 /Users/runner/work/safe-link-v2/safe-link-v2/.tmp/ios-derived-data/ModuleCache.noindex/_Builtin_inttypes-8WDNI1F6ZFRM0AIW4UI5J9UFY.pcm

SwiftExplicitDependencyGeneratePcm x86_64 /Users/runner/work/safe-link-v2/safe-link-v2/.tmp/ios-derived-data/ModuleCache.noindex/simd-3BUSV02FHLXNL16QG4A3TFEW4.pcm

SwiftExplicitDependencyGeneratePcm arm64 /Users/runner/work/safe-link-v2/safe-link-v2/.tmp/ios-derived-data/ModuleCache.noindex/CommonCrypto-8K843X5T8OACOT0PKO66UQ2FA.pcm

SwiftExplicitDependencyGeneratePcm arm64 /Users/runner/work/safe-link-v2/safe-link-v2/.tmp/ios-derived-data/ModuleCache.noindex/Spatial-AAG2RKEFDQZ0O8JC13BTL3JWQ.pcm

SwiftExplicitDependencyGeneratePcm x86_64 /Users/runner/work/safe-link-v2/safe-link-v2/.tmp/ios-derived-data/ModuleCache.noindex/Darwin-7ZN3K9K247JGDTK4FEHACEX22.pcm

SwiftExplicitDependencyGeneratePcm x86_64 /Users/runner/work/safe-link-v2/safe-link-v2/.tmp/ios-derived-data/ModuleCache.noindex/Spatial-EYAK4R4U95LYH5Q5OKQPT1FQ8.pcm

SwiftExplicitDependencyGeneratePcm arm64 /Users/runner/work/safe-link-v2/safe-link-v2/.tmp/ios-derived-data/ModuleCache.noindex/_Builtin_inttypes-6BBNOT3CN8LYJQLI2JSQZ1XV0.pcm

SwiftExplicitDependencyGeneratePcm x86_64 /Users/runner/work/safe-link-v2/safe-link-v2/.tmp/ios-derived-data/ModuleCache.noindex/ObjectiveC-52G7M6O1BW41KUM6QQI1M81A4.pcm

SwiftExplicitDependencyGeneratePcm x86_64 /Users/runner/work/safe-link-v2/safe-link-v2/.tmp/ios-derived-data/ModuleCache.noindex/MachO-COUD928L96XQ62A41A0JY7TCB.pcm

SwiftExplicitDependencyGeneratePcm arm64 /Users/runner/work/safe-link-v2/safe-link-v2/.tmp/ios-derived-data/ModuleCache.noindex/Darwin-3F9PJZVD823O3GY72QGGNZ6RW.pcm

SwiftExplicitDependencyGeneratePcm x86_64 /Users/runner/work/safe-link-v2/safe-link-v2/.tmp/ios-derived-data/ModuleCache.noindex/os_object-48OHGKW6SKA98ZZJN0BHTEX93.pcm

SwiftExplicitDependencyGeneratePcm arm64 /Users/runner/work/safe-link-v2/safe-link-v2/.tmp/ios-derived-data/ModuleCache.noindex/_Builtin_stdatomic-1ZD8APKCYTR951QD7VIZGGTVZ.pcm

SwiftExplicitDependencyGeneratePcm x86_64 /Users/runner/work/safe-link-v2/safe-link-v2/.tmp/ios-derived-data/ModuleCache.noindex/os_workgroup-2IDSO3PLEI6XELI8AU3CAX9JI.pcm

SwiftExplicitDependencyGeneratePcm arm64 /Users/runner/work/safe-link-v2/safe-link-v2/.tmp/ios-derived-data/ModuleCache.noindex/sys_types-8H94ZLK0MMFQKA3VXUFEOIWOD.pcm

SwiftExplicitDependencyGeneratePcm x86_64 /Users/runner/work/safe-link-v2/safe-link-v2/.tmp/ios-derived-data/ModuleCache.noindex/Dispatch-4VDVREO79BCN7XJ4K6H0SDAQ0.pcm

SwiftExplicitDependencyGeneratePcm arm64 /Users/runner/work/safe-link-v2/safe-link-v2/.tmp/ios-derived-data/ModuleCache.noindex/MachO-BESW8LB35IXOCPARSQ0DSGN15.pcm

SwiftExplicitDependencyGeneratePcm arm64 /Users/runner/work/safe-link-v2/safe-link-v2/.tmp/ios-derived-data/ModuleCache.noindex/ObjectiveC-EECA361SD2ZYD4ZBXQFVM73IM.pcm

SwiftExplicitDependencyGeneratePcm x86_64 /Users/runner/work/safe-link-v2/safe-link-v2/.tmp/ios-derived-data/ModuleCache.noindex/dnssd-B1UKTTKOCQWIFWRW7LXI5RFCC.pcm

SwiftExplicitDependencyGeneratePcm x86_64 /Users/runner/work/safe-link-v2/safe-link-v2/.tmp/ios-derived-data/ModuleCache.noindex/CoreFoundation-6VNK2Z009822H0HWAJVIFR7CA.pcm

SwiftExplicitDependencyGeneratePcm arm64 /Users/runner/work/safe-link-v2/safe-link-v2/.tmp/ios-derived-data/ModuleCache.noindex/os_object-7V5MRDCS1YAEG020UUM8POAE0.pcm

SwiftExplicitDependencyGeneratePcm x86_64 /Users/runner/work/safe-link-v2/safe-link-v2/.tmp/ios-derived-data/ModuleCache.noindex/XPC-4MH3NY2SFUG1GF72N6AFZY9KW.pcm

SwiftExplicitDependencyGeneratePcm arm64 /Users/runner/work/safe-link-v2/safe-link-v2/.tmp/ios-derived-data/ModuleCache.noindex/os_workgroup-8M7QU08PW44PYJAR79VHCP21A.pcm

SwiftExplicitDependencyGeneratePcm x86_64 /Users/runner/work/safe-link-v2/safe-link-v2/.tmp/ios-derived-data/ModuleCache.noindex/CFNetwork-B1104CNT7C445INJISF92KMP8.pcm

SwiftExplicitDependencyGeneratePcm x86_64 /Users/runner/work/safe-link-v2/safe-link-v2/.tmp/ios-derived-data/ModuleCache.noindex/os-3V7YKFYXO4D3SWQPIDG8QLNU3.pcm

SwiftExplicitDependencyGeneratePcm x86_64 /Users/runner/work/safe-link-v2/safe-link-v2/.tmp/ios-derived-data/ModuleCache.noindex/Security-7LZT31R83F2YVUIUHMDYPT2FJ.pcm

SwiftExplicitDependencyGeneratePcm x86_64 /Users/runner/work/safe-link-v2/safe-link-v2/.tmp/ios-derived-data/ModuleCache.noindex/CoreGraphics-6F8D8CH8BLJPL6PITSFOJZS7O.pcm

SwiftExplicitDependencyGeneratePcm arm64 /Users/runner/work/safe-link-v2/safe-link-v2/.tmp/ios-derived-data/ModuleCache.noindex/Dispatch-8QM1TL0F3JS87PU3ISBUGR7LK.pcm

SwiftExplicitDependencyGeneratePcm x86_64 /Users/runner/work/safe-link-v2/safe-link-v2/.tmp/ios-derived-data/ModuleCache.noindex/Foundation-73Q9ITD1UJ0VFG10D9E7ZGCAY.pcm

SwiftExplicitDependencyGeneratePcm x86_64 /Users/runner/work/safe-link-v2/safe-link-v2/.tmp/ios-derived-data/ModuleCache.noindex/CoreText-2TNKASRUYUZ9AEZWFFYEDCJ07.pcm

SwiftExplicitDependencyGeneratePcm x86_64 /Users/runner/work/safe-link-v2/safe-link-v2/.tmp/ios-derived-data/ModuleCache.noindex/ImageIO-B7851742OBE1G1RGLJJLDDO69.pcm

SwiftExplicitDependencyGeneratePcm arm64 /Users/runner/work/safe-link-v2/safe-link-v2/.tmp/ios-derived-data/ModuleCache.noindex/CoreFoundation-3M3IVVEHNNTF0ZCYXA12EKSXV.pcm

SwiftExplicitDependencyGeneratePcm arm64 /Users/runner/work/safe-link-v2/safe-link-v2/.tmp/ios-derived-data/ModuleCache.noindex/dnssd-DV0LAG9QWLPS2THA81JBMG7HE.pcm

SwiftExplicitDependencyGeneratePcm x86_64 /Users/runner/work/safe-link-v2/safe-link-v2/.tmp/ios-derived-data/ModuleCache.noindex/FileProvider-EF6RXA4BUQ9SYPTS3M1LE855A.pcm

SwiftExplicitDependencyGeneratePcm x86_64 /Users/runner/work/safe-link-v2/safe-link-v2/.tmp/ios-derived-data/ModuleCache.noindex/Network-RN7QYIQ7XX69JJ0T8UPXZOOZ.pcm

SwiftExplicitDependencyGeneratePcm x86_64 /Users/runner/work/safe-link-v2/safe-link-v2/.tmp/ios-derived-data/ModuleCache.noindex/UserNotifications-BTGQ6V3YTP7HULBXH4LWFB97K.pcm

SwiftExplicitDependencyGeneratePcm x86_64 /Users/runner/work/safe-link-v2/safe-link-v2/.tmp/ios-derived-data/ModuleCache.noindex/CoreData-6Q4M45RG5HI7WMZA7R3FR7C90.pcm

SwiftExplicitDependencyGeneratePcm x86_64 /Users/runner/work/safe-link-v2/safe-link-v2/.tmp/ios-derived-data/ModuleCache.noindex/UIUtilities-99D1OS16J0Q1040G99XQO766E.pcm

SwiftExplicitDependencyGeneratePcm arm64 /Users/runner/work/safe-link-v2/safe-link-v2/.tmp/ios-derived-data/ModuleCache.noindex/CFNetwork-7GJQLXSOLH9V8N76X5GKKMIE9.pcm

SwiftExplicitDependencyGeneratePcm x86_64 /Users/runner/work/safe-link-v2/safe-link-v2/.tmp/ios-derived-data/ModuleCache.noindex/Accessibility-5GP5UK3EP7V27BPJYJJLEOXBN.pcm

SwiftExplicitDependencyGeneratePcm x86_64 /Users/runner/work/safe-link-v2/safe-link-v2/.tmp/ios-derived-data/ModuleCache.noindex/DataDetection-AHMACDTE85N6LXNO69F3XLLVK.pcm

SwiftExplicitDependencyGeneratePcm x86_64 /Users/runner/work/safe-link-v2/safe-link-v2/.tmp/ios-derived-data/ModuleCache.noindex/IOSurface-6VUVQ934Q424MCBSPFBU3XKTQ.pcm

SwiftExplicitDependencyGeneratePcm x86_64 /Users/runner/work/safe-link-v2/safe-link-v2/.tmp/ios-derived-data/ModuleCache.noindex/OSLog-DO76PJN8IXJ8N0J0GNKUAP0AN.pcm

SwiftExplicitDependencyGeneratePcm arm64 /Users/runner/work/safe-link-v2/safe-link-v2/.tmp/ios-derived-data/ModuleCache.noindex/XPC-EED21B6MHHUPC4QBK0GOHO4B9.pcm

SwiftExplicitDependencyGeneratePcm x86_64 /Users/runner/work/safe-link-v2/safe-link-v2/.tmp/ios-derived-data/ModuleCache.noindex/Metal-7EW26QMZQGVE82OKSDU0Y7MIT.pcm

SwiftExplicitDependencyGeneratePcm arm64 /Users/runner/work/safe-link-v2/safe-link-v2/.tmp/ios-derived-data/ModuleCache.noindex/CoreGraphics-88QP9MJL2YFZDNBZP3W3JTJF8.pcm

SwiftExplicitDependencyGeneratePcm arm64 /Users/runner/work/safe-link-v2/safe-link-v2/.tmp/ios-derived-data/ModuleCache.noindex/os-CRSW6VILZZFXRZOSYMBADUO9N.pcm

SwiftExplicitDependencyGeneratePcm x86_64 /Users/runner/work/safe-link-v2/safe-link-v2/.tmp/ios-derived-data/ModuleCache.noindex/UniformTypeIdentifiers-2UDTMBTR0R32NOXNDXG197YDV.pcm

SwiftExplicitDependencyGeneratePcm arm64 /Users/runner/work/safe-link-v2/safe-link-v2/.tmp/ios-derived-data/ModuleCache.noindex/CoreText-LYGVO6O6CO2DTRNDDNC08G96.pcm

SwiftExplicitDependencyGeneratePcm arm64 /Users/runner/work/safe-link-v2/safe-link-v2/.tmp/ios-derived-data/ModuleCache.noindex/ImageIO-4KS84A5298DE84R9UNHUNXDM3.pcm

SwiftExplicitDependencyGeneratePcm x86_64 /Users/runner/work/safe-link-v2/safe-link-v2/.tmp/ios-derived-data/ModuleCache.noindex/CoreTransferable-2G32Z32BGRP5XQU8H5M3Z3F3S.pcm

SwiftExplicitDependencyGeneratePcm arm64 /Users/runner/work/safe-link-v2/safe-link-v2/.tmp/ios-derived-data/ModuleCache.noindex/Security-8KFBERMURBZTHRSPCLMVTZTT2.pcm

SwiftExplicitDependencyGeneratePcm x86_64 /Users/runner/work/safe-link-v2/safe-link-v2/.tmp/ios-derived-data/ModuleCache.noindex/Symbols-68MCGRY0JVVRD8713D5SJ0NWS.pcm

SwiftExplicitDependencyGeneratePcm x86_64 /Users/runner/work/safe-link-v2/safe-link-v2/.tmp/ios-derived-data/ModuleCache.noindex/OpenGLES-4GQPBMSKFNT7FB2DQVXR7BGV.pcm

SwiftExplicitDependencyGeneratePcm arm64 /Users/runner/work/safe-link-v2/safe-link-v2/.tmp/ios-derived-data/ModuleCache.noindex/Foundation-4OVSUOXHN8WSD4PBMTN2HR6X8.pcm

SwiftExplicitDependencyGeneratePcm x86_64 /Users/runner/work/safe-link-v2/safe-link-v2/.tmp/ios-derived-data/ModuleCache.noindex/CoreVideo-EVYC4W27EDIBT0255IZ1NUKAX.pcm

SwiftExplicitDependencyGeneratePcm x86_64 /Users/runner/work/safe-link-v2/safe-link-v2/.tmp/ios-derived-data/ModuleCache.noindex/CoreImage-SRHXY1BRN7PY8RIGOQBO2B2Y.pcm

SwiftExplicitDependencyGeneratePcm x86_64 /Users/runner/work/safe-link-v2/safe-link-v2/.tmp/ios-derived-data/ModuleCache.noindex/QuartzCore-85IN23L8MIV35O1XH78SOYLH2.pcm

SwiftExplicitDependencyGeneratePcm arm64 /Users/runner/work/safe-link-v2/safe-link-v2/.tmp/ios-derived-data/ModuleCache.noindex/CoreTransferable-DHNOF7UVRYPH36VWVH2LVAGZS.pcm

SwiftExplicitDependencyGeneratePcm arm64 /Users/runner/work/safe-link-v2/safe-link-v2/.tmp/ios-derived-data/ModuleCache.noindex/UniformTypeIdentifiers-87X3KCJE8MHDTTT4ZLIRSS67L.pcm

SwiftExplicitDependencyGeneratePcm x86_64 /Users/runner/work/safe-link-v2/safe-link-v2/.tmp/ios-derived-data/ModuleCache.noindex/UIKit-1ME317PC4F10GY66RW5SP7X09.pcm

SwiftExplicitDependencyGeneratePcm arm64 /Users/runner/work/safe-link-v2/safe-link-v2/.tmp/ios-derived-data/ModuleCache.noindex/Network-5ZFA1U75SQUIW0LMD0Y4XJTMV.pcm

SwiftExplicitDependencyGeneratePcm arm64 /Users/runner/work/safe-link-v2/safe-link-v2/.tmp/ios-derived-data/ModuleCache.noindex/UIUtilities-9J5IFT2072LOZO761084DB3BS.pcm

SwiftExplicitDependencyGeneratePcm arm64 /Users/runner/work/safe-link-v2/safe-link-v2/.tmp/ios-derived-data/ModuleCache.noindex/FileProvider-BAFKT4C4KD1CA8JW6GYVCA27F.pcm

SwiftExplicitDependencyGeneratePcm arm64 /Users/runner/work/safe-link-v2/safe-link-v2/.tmp/ios-derived-data/ModuleCache.noindex/Accessibility-7A04K5HBXMOCW44YXG3XKRXYV.pcm

SwiftExplicitDependencyGeneratePcm arm64 /Users/runner/work/safe-link-v2/safe-link-v2/.tmp/ios-derived-data/ModuleCache.noindex/UserNotifications-EMQXH4DP3NDQE18RJA3TPMLMS.pcm

SwiftExplicitDependencyGeneratePcm arm64 /Users/runner/work/safe-link-v2/safe-link-v2/.tmp/ios-derived-data/ModuleCache.noindex/CoreData-4UA9948FRTGGANVSJAZ0L4ZQE.pcm

SwiftExplicitDependencyGeneratePcm x86_64 /Users/runner/work/safe-link-v2/safe-link-v2/.tmp/ios-derived-data/ModuleCache.noindex/SwiftUICore-3OHSKLGW26BU0REIC5V9CJUPZ.pcm

SwiftExplicitDependencyGeneratePcm arm64 /Users/runner/work/safe-link-v2/safe-link-v2/.tmp/ios-derived-data/ModuleCache.noindex/OSLog-443ULPPXEM9E22RZJPAT82GWU.pcm

SwiftExplicitDependencyGeneratePcm arm64 /Users/runner/work/safe-link-v2/safe-link-v2/.tmp/ios-derived-data/ModuleCache.noindex/Symbols-A47X7HBWQ409RNGC16QB2R09U.pcm

SwiftExplicitDependencyGeneratePcm x86_64 /Users/runner/work/safe-link-v2/safe-link-v2/.tmp/ios-derived-data/ModuleCache.noindex/SwiftUI-D60ZVSXH7KPP61NL2WGVVMS5.pcm

SwiftExplicitDependencyGeneratePcm x86_64 /Users/runner/work/safe-link-v2/safe-link-v2/.tmp/ios-derived-data/ModuleCache.noindex/WebKit-94TMGPXEWHAA6UT0R3QFXM8B1.pcm

SwiftExplicitDependencyGeneratePcm arm64 /Users/runner/work/safe-link-v2/safe-link-v2/.tmp/ios-derived-data/ModuleCache.noindex/IOSurface-B6R26YY420KLLEV8OTEYD16VS.pcm

SwiftExplicitDependencyGeneratePcm arm64 /Users/runner/work/safe-link-v2/safe-link-v2/.tmp/ios-derived-data/ModuleCache.noindex/OpenGLES-3ZMDBGOS7ZGC8AYEY9AJABE3G.pcm

SwiftExplicitDependencyGeneratePcm arm64 /Users/runner/work/safe-link-v2/safe-link-v2/.tmp/ios-derived-data/ModuleCache.noindex/Metal-77UZ4Z2GZ4K422KWZ4PE4CONL.pcm

SwiftExplicitDependencyGeneratePcm x86_64 /Users/runner/work/safe-link-v2/safe-link-v2/.tmp/ios-derived-data/Build/Intermediates.noindex/SwiftExplicitPrecompiledModules/Cordova-BJDK1ZA8SWUE3YZ0Y0GJQMO9R.pcm

SwiftExplicitDependencyGeneratePcm arm64 /Users/runner/work/safe-link-v2/safe-link-v2/.tmp/ios-derived-data/ModuleCache.noindex/DataDetection-8HBRAD6QLNDL3IS1GOKSH1UK.pcm

SwiftExplicitDependencyGeneratePcm arm64 /Users/runner/work/safe-link-v2/safe-link-v2/.tmp/ios-derived-data/ModuleCache.noindex/CoreVideo-2MGK1TN6MLM588FZM75BV2GFU.pcm

SwiftExplicitDependencyGeneratePcm x86_64 /Users/runner/work/safe-link-v2/safe-link-v2/.tmp/ios-derived-data/Build/Intermediates.noindex/SwiftExplicitPrecompiledModules/Capacitor-E1VEDRL2ARD93PF88RSETOAY1.pcm

SwiftExplicitDependencyGeneratePcm arm64 /Users/runner/work/safe-link-v2/safe-link-v2/.tmp/ios-derived-data/ModuleCache.noindex/CoreImage-49UKYR2WAIDMGXHPV0PTZ0QVM.pcm

SwiftExplicitDependencyGeneratePcm arm64 /Users/runner/work/safe-link-v2/safe-link-v2/.tmp/ios-derived-data/ModuleCache.noindex/QuartzCore-8FVYCQXB2OXV5TJFYXQ3F9IIR.pcm

SwiftExplicitDependencyCompileModuleFromInterface x86_64 /Users/runner/work/safe-link-v2/safe-link-v2/.tmp/ios-derived-data/Build/Intermediates.noindex/SwiftExplicitPrecompiledModules/Capacitor-15G8Q77IRRWWT.swiftmodule

SwiftExplicitDependencyGeneratePcm arm64 /Users/runner/work/safe-link-v2/safe-link-v2/.tmp/ios-derived-data/ModuleCache.noindex/SwiftUICore-7XX43EGHAUABCOWY28ZJPAA1Y.pcm

SwiftExplicitDependencyGeneratePcm arm64 /Users/runner/work/safe-link-v2/safe-link-v2/.tmp/ios-derived-data/ModuleCache.noindex/UIKit-4KE1KRJ1SHFE1T94YYZMKW74V.pcm

SwiftEmitModule normal x86_64 Emitting\ module\ for\ App (in target 'App' from project 'App')

EmitSwiftModule normal x86_64 (in target 'App' from project 'App')
    cd /Users/runner/work/safe-link-v2/safe-link-v2/apps/mobile/ios/App


SwiftCompile normal x86_64 Compiling\ AppDelegate.swift /Users/runner/work/safe-link-v2/safe-link-v2/apps/mobile/ios/App/App/AppDelegate.swift (in target 'App' from project 'App')
SwiftCompile normal x86_64 /Users/runner/work/safe-link-v2/safe-link-v2/apps/mobile/ios/App/App/AppDelegate.swift (in target 'App' from project 'App')
    cd /Users/runner/work/safe-link-v2/safe-link-v2/apps/mobile/ios/App


SwiftDriverJobDiscovery normal x86_64 Emitting module for App (in target 'App' from project 'App')

SwiftDriver\ Compilation\ Requirements App normal x86_64 com.apple.xcode.tools.swift.compiler (in target 'App' from project 'App')
    cd /Users/runner/work/safe-link-v2/safe-link-v2/apps/mobile/ios/App
    builtin-Swift-Compilation-Requirements -- /Applications/Xcode_26.5.app/Contents/Developer/Toolchains/XcodeDefault.xctoolchain/usr/bin/swiftc -module-name App -Onone @/Users/runner/work/safe-link-v2/safe-link-v2/.tmp/ios-derived-data/Build/Intermediates.noindex/App.build/Debug-iphonesimulator/App.build/Objects-normal/x86_64/App.SwiftFileList -DDEBUG -D COCOAPODS -DDEBUG -enable-bare-slash-regex -enable-experimental-feature DebugDescriptionMacro -sdk /Applications/Xcode_26.5.app/Contents/Developer/Platforms/iPhoneSimulator.platform/Developer/SDKs/iPhoneSimulator26.5.sdk -target x86_64-apple-ios15.0-simulator -g -module-cache-path /Users/runner/work/safe-link-v2/safe-link-v2/.tmp/ios-derived-data/ModuleCache.noindex -Xfrontend -serialize-debugging-options -enable-testing -index-store-path /Users/runner/work/safe-link-v2/safe-link-v2/.tmp/ios-derived-data/Index.noindex/DataStore -Xcc -D_LIBCPP_HARDENING_MODE\=_LIBCPP_HARDENING_MODE_DEBUG -swift-version 5 -I /Users/runner/work/safe-link-v2/safe-link-v2/.tmp/ios-derived-data/Build/Products/Debug-iphonesimulator -F /Users/runner/work/safe-link-v2/safe-link-v2/.tmp/ios-derived-data/Build/Products/Debug-iphonesimulator/PackageFrameworks -F /Users/runner/work/safe-link-v2/safe-link-v2/.tmp/ios-derived-data/Build/Products/Debug-iphonesimulator/PackageFrameworks -F /Users/runner/work/safe-link-v2/safe-link-v2/.tmp/ios-derived-data/Build/Products/Debug-iphonesimulator/PackageFrameworks -F /Users/runner/work/safe-link-v2/safe-link-v2/.tmp/ios-derived-data/Build/Products/Debug-iphonesimulator -c -j3 -enable-batch-mode -incremental -Xcc -ivfsstatcache -Xcc /Users/runner/work/safe-link-v2/safe-link-v2/.tmp/ios-derived-data/SDKStatCaches.noindex/iphonesimulator26.5-23F73-688ef53f1462e2c8f657fdc38a81448ffb7d586738ff35573a713a18216ade27.sdkstatcache -output-file-map /Users/runner/work/safe-link-v2/safe-link-v2/.tmp/ios-derived-data/Build/Intermediates.noindex/App.build/Debug-iphonesimulator/App.build/Objects-normal/x86_64/App-OutputFileMap.json -use-frontend-parseable-output -save-temps -no-color-diagnostics -explicit-module-build -module-cache-path /Users/runner/work/safe-link-v2/safe-link-v2/.tmp/ios-derived-data/Build/Intermediates.noindex/SwiftExplicitPrecompiledModules -clang-scanner-module-cache-path /Users/runner/work/safe-link-v2/safe-link-v2/.tmp/ios-derived-data/ModuleCache.noindex -sdk-module-cache-path /Users/runner/work/safe-link-v2/safe-link-v2/.tmp/ios-derived-data/ModuleCache.noindex -serialize-diagnostics -emit-dependencies -emit-module -emit-module-path /Users/runner/work/safe-link-v2/safe-link-v2/.tmp/ios-derived-data/Build/Intermediates.noindex/App.build/Debug-iphonesimulator/App.build/Objects-normal/x86_64/App.swiftmodule -validate-clang-modules-once -clang-build-session-file /Users/runner/work/safe-link-v2/safe-link-v2/.tmp/ios-derived-data/ModuleCache.noindex/Session.modulevalidation -Xcc -I/Users/runner/work/safe-link-v2/safe-link-v2/.tmp/ios-derived-data/Build/Intermediates.noindex/App.build/Debug-iphonesimulator/App.build/swift-overrides.hmap -emit-const-values -Xfrontend -const-gather-protocols-file -Xfrontend /Users/runner/work/safe-link-v2/safe-link-v2/.tmp/ios-derived-data/Build/Intermediates.noindex/App.build/Debug-iphonesimulator/App.build/Objects-normal/x86_64/App_const_extract_protocols.json -Xcc -iquote -Xcc /Users/runner/work/safe-link-v2/safe-link-v2/.tmp/ios-derived-data/Build/Intermediates.noindex/App.build/Debug-iphonesimulator/App.build/App-generated-files.hmap -Xcc -I/Users/runner/work/safe-link-v2/safe-link-v2/.tmp/ios-derived-data/Build/Intermediates.noindex/App.build/Debug-iphonesimulator/App.build/App-own-target-headers.hmap -Xcc -I/Users/runner/work/safe-link-v2/safe-link-v2/.tmp/ios-derived-data/Build/Intermediates.noindex/App.build/Debug-iphonesimulator/App.build/App-all-non-framework-target-headers.hmap -Xcc -ivfsoverlay -Xcc /Users/runner/work/safe-link-v2/safe-link-v2/.tmp/ios-derived-data/Build/Intermediates.noindex/App.build/Debug-iphonesimulator/App-0ca3007d900a678c2b4d53418799ee3d-VFS-iphonesimulator/all-product-headers.yaml -Xcc -iquote -Xcc /Users/runner/work/safe-link-v2/safe-link-v2/.tmp/ios-derived-data/Build/Intermediates.noindex/App.build/Debug-iphonesimulator/App.build/App-project-headers.hmap -Xcc -I/Users/runner/work/safe-link-v2/safe-link-v2/.tmp/ios-derived-data/Build/Products/Debug-iphonesimulator/include -Xcc -I/Users/runner/work/safe-link-v2/safe-link-v2/.tmp/ios-derived-data/Build/Intermediates.noindex/App.build/Debug-iphonesimulator/App.build/DerivedSources-normal/x86_64 -Xcc -I/Users/runner/work/safe-link-v2/safe-link-v2/.tmp/ios-derived-data/Build/Intermediates.noindex/App.build/Debug-iphonesimulator/App.build/DerivedSources/x86_64 -Xcc -I/Users/runner/work/safe-link-v2/safe-link-v2/.tmp/ios-derived-data/Build/Intermediates.noindex/App.build/Debug-iphonesimulator/App.build/DerivedSources -Xcc -DDEBUG\=1 -emit-objc-header -emit-objc-header-path /Users/runner/work/safe-link-v2/safe-link-v2/.tmp/ios-derived-data/Build/Intermediates.noindex/App.build/Debug-iphonesimulator/App.build/Objects-normal/x86_64/App-Swift.h -working-directory /Users/runner/work/safe-link-v2/safe-link-v2/apps/mobile/ios/App -experimental-emit-module-separately -disable-cmo

SwiftExplicitDependencyGeneratePcm arm64 /Users/runner/work/safe-link-v2/safe-link-v2/.tmp/ios-derived-data/ModuleCache.noindex/WebKit-1JRVVFCHKOTYLHY5Q9VJPEZGI.pcm

Copy /Users/runner/work/safe-link-v2/safe-link-v2/.tmp/ios-derived-data/Build/Products/Debug-iphonesimulator/App.swiftmodule/x86_64-apple-ios-simulator.swiftmodule /Users/runner/work/safe-link-v2/safe-link-v2/.tmp/ios-derived-data/Build/Intermediates.noindex/App.build/Debug-iphonesimulator/App.build/Objects-normal/x86_64/App.swiftmodule (in target 'App' from project 'App')
    cd /Users/runner/work/safe-link-v2/safe-link-v2/apps/mobile/ios/App
    builtin-copy -exclude .DS_Store -exclude CVS -exclude .svn -exclude .git -exclude .hg -resolve-src-symlinks -rename /Users/runner/work/safe-link-v2/safe-link-v2/.tmp/ios-derived-data/Build/Intermediates.noindex/App.build/Debug-iphonesimulator/App.build/Objects-normal/x86_64/App.swiftmodule /Users/runner/work/safe-link-v2/safe-link-v2/.tmp/ios-derived-data/Build/Products/Debug-iphonesimulator/App.swiftmodule/x86_64-apple-ios-simulator.swiftmodule

Copy /Users/runner/work/safe-link-v2/safe-link-v2/.tmp/ios-derived-data/Build/Products/Debug-iphonesimulator/App.swiftmodule/x86_64-apple-ios-simulator.swiftdoc /Users/runner/work/safe-link-v2/safe-link-v2/.tmp/ios-derived-data/Build/Intermediates.noindex/App.build/Debug-iphonesimulator/App.build/Objects-normal/x86_64/App.swiftdoc (in target 'App' from project 'App')
    cd /Users/runner/work/safe-link-v2/safe-link-v2/apps/mobile/ios/App
    builtin-copy -exclude .DS_Store -exclude CVS -exclude .svn -exclude .git -exclude .hg -resolve-src-symlinks -rename /Users/runner/work/safe-link-v2/safe-link-v2/.tmp/ios-derived-data/Build/Intermediates.noindex/App.build/Debug-iphonesimulator/App.build/Objects-normal/x86_64/App.swiftdoc /Users/runner/work/safe-link-v2/safe-link-v2/.tmp/ios-derived-data/Build/Products/Debug-iphonesimulator/App.swiftmodule/x86_64-apple-ios-simulator.swiftdoc

Copy /Users/runner/work/safe-link-v2/safe-link-v2/.tmp/ios-derived-data/Build/Products/Debug-iphonesimulator/App.swiftmodule/x86_64-apple-ios-simulator.abi.json /Users/runner/work/safe-link-v2/safe-link-v2/.tmp/ios-derived-data/Build/Intermediates.noindex/App.build/Debug-iphonesimulator/App.build/Objects-normal/x86_64/App.abi.json (in target 'App' from project 'App')
    cd /Users/runner/work/safe-link-v2/safe-link-v2/apps/mobile/ios/App
    builtin-copy -exclude .DS_Store -exclude CVS -exclude .svn -exclude .git -exclude .hg -resolve-src-symlinks -rename /Users/runner/work/safe-link-v2/safe-link-v2/.tmp/ios-derived-data/Build/Intermediates.noindex/App.build/Debug-iphonesimulator/App.build/Objects-normal/x86_64/App.abi.json /Users/runner/work/safe-link-v2/safe-link-v2/.tmp/ios-derived-data/Build/Products/Debug-iphonesimulator/App.swiftmodule/x86_64-apple-ios-simulator.abi.json

Copy /Users/runner/work/safe-link-v2/safe-link-v2/.tmp/ios-derived-data/Build/Products/Debug-iphonesimulator/App.swiftmodule/Project/x86_64-apple-ios-simulator.swiftsourceinfo /Users/runner/work/safe-link-v2/safe-link-v2/.tmp/ios-derived-data/Build/Intermediates.noindex/App.build/Debug-iphonesimulator/App.build/Objects-normal/x86_64/App.swiftsourceinfo (in target 'App' from project 'App')
    cd /Users/runner/work/safe-link-v2/safe-link-v2/apps/mobile/ios/App
    builtin-copy -exclude .DS_Store -exclude CVS -exclude .svn -exclude .git -exclude .hg -resolve-src-symlinks -rename /Users/runner/work/safe-link-v2/safe-link-v2/.tmp/ios-derived-data/Build/Intermediates.noindex/App.build/Debug-iphonesimulator/App.build/Objects-normal/x86_64/App.swiftsourceinfo /Users/runner/work/safe-link-v2/safe-link-v2/.tmp/ios-derived-data/Build/Products/Debug-iphonesimulator/App.swiftmodule/Project/x86_64-apple-ios-simulator.swiftsourceinfo

SwiftExplicitDependencyGeneratePcm arm64 /Users/runner/work/safe-link-v2/safe-link-v2/.tmp/ios-derived-data/Build/Intermediates.noindex/SwiftExplicitPrecompiledModules/Cordova-D246GIWFVVPUEIBHIU8A65X6T.pcm

SwiftExplicitDependencyGeneratePcm arm64 /Users/runner/work/safe-link-v2/safe-link-v2/.tmp/ios-derived-data/ModuleCache.noindex/SwiftUI-7Y74CTR75OMVL6T1W4DKRS8LX.pcm

SwiftExplicitDependencyGeneratePcm arm64 /Users/runner/work/safe-link-v2/safe-link-v2/.tmp/ios-derived-data/Build/Intermediates.noindex/SwiftExplicitPrecompiledModules/Capacitor-5VORUZUJ9PTSLWFB8B17JFHSP.pcm

SwiftCompile normal x86_64 Compiling\ GeneratedAssetSymbols.swift /Users/runner/work/safe-link-v2/safe-link-v2/.tmp/ios-derived-data/Build/Intermediates.noindex/App.build/Debug-iphonesimulator/App.build/DerivedSources/GeneratedAssetSymbols.swift (in target 'App' from project 'App')
SwiftCompile normal x86_64 /Users/runner/work/safe-link-v2/safe-link-v2/.tmp/ios-derived-data/Build/Intermediates.noindex/App.build/Debug-iphonesimulator/App.build/DerivedSources/GeneratedAssetSymbols.swift (in target 'App' from project 'App')
    cd /Users/runner/work/safe-link-v2/safe-link-v2/apps/mobile/ios/App


SwiftExplicitDependencyCompileModuleFromInterface arm64 /Users/runner/work/safe-link-v2/safe-link-v2/.tmp/ios-derived-data/Build/Intermediates.noindex/SwiftExplicitPrecompiledModules/Capacitor-3Q7MLK9UVM1Y7.swiftmodule

LinkAssetCatalog /Users/runner/work/safe-link-v2/safe-link-v2/apps/mobile/ios/App/App/Assets.xcassets (in target 'App' from project 'App')
    cd /Users/runner/work/safe-link-v2/safe-link-v2/apps/mobile/ios/App
    builtin-linkAssetCatalog --thinned /Users/runner/work/safe-link-v2/safe-link-v2/.tmp/ios-derived-data/Build/Intermediates.noindex/App.build/Debug-iphonesimulator/App.build/assetcatalog_output/thinned --thinned-dependencies /Users/runner/work/safe-link-v2/safe-link-v2/.tmp/ios-derived-data/Build/Intermediates.noindex/App.build/Debug-iphonesimulator/App.build/assetcatalog_dependencies_thinned --thinned-info-plist-content /Users/runner/work/safe-link-v2/safe-link-v2/.tmp/ios-derived-data/Build/Intermediates.noindex/App.build/Debug-iphonesimulator/App.build/assetcatalog_generated_info.plist_thinned --unthinned /Users/runner/work/safe-link-v2/safe-link-v2/.tmp/ios-derived-data/Build/Intermediates.noindex/App.build/Debug-iphonesimulator/App.build/assetcatalog_output/unthinned --unthinned-dependencies /Users/runner/work/safe-link-v2/safe-link-v2/.tmp/ios-derived-data/Build/Intermediates.noindex/App.build/Debug-iphonesimulator/App.build/assetcatalog_dependencies_unthinned --unthinned-info-plist-content /Users/runner/work/safe-link-v2/safe-link-v2/.tmp/ios-derived-data/Build/Intermediates.noindex/App.build/Debug-iphonesimulator/App.build/assetcatalog_generated_info.plist_unthinned --output /Users/runner/work/safe-link-v2/safe-link-v2/.tmp/ios-derived-data/Build/Products/Debug-iphonesimulator/App.app --plist-output /Users/runner/work/safe-link-v2/safe-link-v2/.tmp/ios-derived-data/Build/Intermediates.noindex/App.build/Debug-iphonesimulator/App.build/assetcatalog_generated_info.plist
note: Emplaced /Users/runner/work/safe-link-v2/safe-link-v2/.tmp/ios-derived-data/Build/Products/Debug-iphonesimulator/App.app/AppIcon60x60@2x.png (in target 'App' from project 'App')
note: Emplaced /Users/runner/work/safe-link-v2/safe-link-v2/.tmp/ios-derived-data/Build/Products/Debug-iphonesimulator/App.app/Assets.car (in target 'App' from project 'App')
note: Emplaced /Users/runner/work/safe-link-v2/safe-link-v2/.tmp/ios-derived-data/Build/Products/Debug-iphonesimulator/App.app/AppIcon76x76@2x~ipad.png (in target 'App' from project 'App')

SwiftDriverJobDiscovery normal x86_64 Compiling AppDelegate.swift (in target 'App' from project 'App')

RegisterExecutionPolicyException /Users/runner/work/safe-link-v2/safe-link-v2/.tmp/ios-derived-data/Build/Products/Debug-iphonesimulator/PreferencesPlugin.o (in target 'PreferencesPlugin' from project 'CapacitorPreferences')
    cd /Users/runner/work/safe-link-v2/safe-link-v2/apps/mobile/node_modules/@capacitor/preferences
    builtin-RegisterExecutionPolicyException /Users/runner/work/safe-link-v2/safe-link-v2/.tmp/ios-derived-data/Build/Products/Debug-iphonesimulator/PreferencesPlugin.o

RegisterExecutionPolicyException /Users/runner/work/safe-link-v2/safe-link-v2/.tmp/ios-derived-data/Build/Products/Debug-iphonesimulator/LocalNotificationsPlugin.o (in target 'LocalNotificationsPlugin' from project 'CapacitorLocalNotifications')
    cd /Users/runner/work/safe-link-v2/safe-link-v2/apps/mobile/node_modules/@capacitor/local-notifications
    builtin-RegisterExecutionPolicyException /Users/runner/work/safe-link-v2/safe-link-v2/.tmp/ios-derived-data/Build/Products/Debug-iphonesimulator/LocalNotificationsPlugin.o

Ld /Users/runner/work/safe-link-v2/safe-link-v2/.tmp/ios-derived-data/Build/Intermediates.noindex/CapApp-SPM.build/Debug-iphonesimulator/CapApp-SPM.build/Objects-normal/x86_64/Binary/CapApp-SPM.o normal x86_64 (in target 'CapApp-SPM' from project 'CapApp-SPM')
    cd /Users/runner/work/safe-link-v2/safe-link-v2/apps/mobile/ios/App/CapApp-SPM
    /Applications/Xcode_26.5.app/Contents/Developer/Toolchains/XcodeDefault.xctoolchain/usr/bin/clang -Xlinker -reproducible -target x86_64-apple-ios15.0-simulator -r -isysroot /Applications/Xcode_26.5.app/Contents/Developer/Platforms/iPhoneSimulator.platform/Developer/SDKs/iPhoneSimulator26.5.sdk -O0 -w -F/Users/runner/work/safe-link-v2/safe-link-v2/.tmp/ios-derived-data/Build/Intermediates.noindex/EagerLinkingTBDs/Debug-iphonesimulator -F/Users/runner/work/safe-link-v2/safe-link-v2/.tmp/ios-derived-data/Build/Products/Debug-iphonesimulator/PackageFrameworks -F/Users/runner/work/safe-link-v2/safe-link-v2/.tmp/ios-derived-data/Build/Products/Debug-iphonesimulator/PackageFrameworks -F/Users/runner/work/safe-link-v2/safe-link-v2/.tmp/ios-derived-data/Build/Products/Debug-iphonesimulator -iframework /Applications/Xcode_26.5.app/Contents/Developer/Platforms/iPhoneSimulator.platform/Developer/Library/Frameworks -iframework /Applications/Xcode_26.5.app/Contents/Developer/Platforms/iPhoneSimulator.platform/Developer/SDKs/iPhoneSimulator26.5.sdk/Developer/Library/Frameworks -filelist /Users/runner/work/safe-link-v2/safe-link-v2/.tmp/ios-derived-data/Build/Intermediates.noindex/CapApp-SPM.build/Debug-iphonesimulator/CapApp-SPM.build/Objects-normal/x86_64/CapApp-SPM.LinkFileList -nostdlib -Xlinker -object_path_lto -Xlinker /Users/runner/work/safe-link-v2/safe-link-v2/.tmp/ios-derived-data/Build/Intermediates.noindex/CapApp-SPM.build/Debug-iphonesimulator/CapApp-SPM.build/Objects-normal/x86_64/CapApp-SPM_lto.o -Xlinker -no_deduplicate -Xlinker -objc_abi_version -Xlinker 2 -Xlinker -dependency_info -Xlinker /Users/runner/work/safe-link-v2/safe-link-v2/.tmp/ios-derived-data/Build/Intermediates.noindex/CapApp-SPM.build/Debug-iphonesimulator/CapApp-SPM.build/Objects-normal/x86_64/CapApp-SPM_dependency_info.dat -fobjc-link-runtime -L/Applications/Xcode_26.5.app/Contents/Developer/Toolchains/XcodeDefault.xctoolchain/usr/lib/swift/iphonesimulator -L/usr/lib/swift -Xlinker -add_ast_path -Xlinker /Users/runner/work/safe-link-v2/safe-link-v2/.tmp/ios-derived-data/Build/Intermediates.noindex/CapApp-SPM.build/Debug-iphonesimulator/CapApp-SPM.build/Objects-normal/x86_64/CapApp_SPM.swiftmodule @/Users/runner/work/safe-link-v2/safe-link-v2/.tmp/ios-derived-data/Build/Intermediates.noindex/CapApp-SPM.build/Debug-iphonesimulator/CapApp-SPM.build/Objects-normal/x86_64/CapApp_SPM-linker-args.resp -o /Users/runner/work/safe-link-v2/safe-link-v2/.tmp/ios-derived-data/Build/Intermediates.noindex/CapApp-SPM.build/Debug-iphonesimulator/CapApp-SPM.build/Objects-normal/x86_64/Binary/CapApp-SPM.o

Ld /Users/runner/work/safe-link-v2/safe-link-v2/.tmp/ios-derived-data/Build/Intermediates.noindex/CapApp-SPM.build/Debug-iphonesimulator/CapApp-SPM.build/Objects-normal/arm64/Binary/CapApp-SPM.o normal arm64 (in target 'CapApp-SPM' from project 'CapApp-SPM')
    cd /Users/runner/work/safe-link-v2/safe-link-v2/apps/mobile/ios/App/CapApp-SPM
    /Applications/Xcode_26.5.app/Contents/Developer/Toolchains/XcodeDefault.xctoolchain/usr/bin/clang -Xlinker -reproducible -target arm64-apple-ios15.0-simulator -r -isysroot /Applications/Xcode_26.5.app/Contents/Developer/Platforms/iPhoneSimulator.platform/Developer/SDKs/iPhoneSimulator26.5.sdk -O0 -w -F/Users/runner/work/safe-link-v2/safe-link-v2/.tmp/ios-derived-data/Build/Intermediates.noindex/EagerLinkingTBDs/Debug-iphonesimulator -F/Users/runner/work/safe-link-v2/safe-link-v2/.tmp/ios-derived-data/Build/Products/Debug-iphonesimulator/PackageFrameworks -F/Users/runner/work/safe-link-v2/safe-link-v2/.tmp/ios-derived-data/Build/Products/Debug-iphonesimulator/PackageFrameworks -F/Users/runner/work/safe-link-v2/safe-link-v2/.tmp/ios-derived-data/Build/Products/Debug-iphonesimulator -iframework /Applications/Xcode_26.5.app/Contents/Developer/Platforms/iPhoneSimulator.platform/Developer/Library/Frameworks -iframework /Applications/Xcode_26.5.app/Contents/Developer/Platforms/iPhoneSimulator.platform/Developer/SDKs/iPhoneSimulator26.5.sdk/Developer/Library/Frameworks -filelist /Users/runner/work/safe-link-v2/safe-link-v2/.tmp/ios-derived-data/Build/Intermediates.noindex/CapApp-SPM.build/Debug-iphonesimulator/CapApp-SPM.build/Objects-normal/arm64/CapApp-SPM.LinkFileList -nostdlib -Xlinker -object_path_lto -Xlinker /Users/runner/work/safe-link-v2/safe-link-v2/.tmp/ios-derived-data/Build/Intermediates.noindex/CapApp-SPM.build/Debug-iphonesimulator/CapApp-SPM.build/Objects-normal/arm64/CapApp-SPM_lto.o -Xlinker -no_deduplicate -Xlinker -objc_abi_version -Xlinker 2 -Xlinker -dependency_info -Xlinker /Users/runner/work/safe-link-v2/safe-link-v2/.tmp/ios-derived-data/Build/Intermediates.noindex/CapApp-SPM.build/Debug-iphonesimulator/CapApp-SPM.build/Objects-normal/arm64/CapApp-SPM_dependency_info.dat -fobjc-link-runtime -L/Applications/Xcode_26.5.app/Contents/Developer/Toolchains/XcodeDefault.xctoolchain/usr/lib/swift/iphonesimulator -L/usr/lib/swift -Xlinker -add_ast_path -Xlinker /Users/runner/work/safe-link-v2/safe-link-v2/.tmp/ios-derived-data/Build/Intermediates.noindex/CapApp-SPM.build/Debug-iphonesimulator/CapApp-SPM.build/Objects-normal/arm64/CapApp_SPM.swiftmodule @/Users/runner/work/safe-link-v2/safe-link-v2/.tmp/ios-derived-data/Build/Intermediates.noindex/CapApp-SPM.build/Debug-iphonesimulator/CapApp-SPM.build/Objects-normal/arm64/CapApp_SPM-linker-args.resp -o /Users/runner/work/safe-link-v2/safe-link-v2/.tmp/ios-derived-data/Build/Intermediates.noindex/CapApp-SPM.build/Debug-iphonesimulator/CapApp-SPM.build/Objects-normal/arm64/Binary/CapApp-SPM.o

CreateUniversalBinary /Users/runner/work/safe-link-v2/safe-link-v2/.tmp/ios-derived-data/Build/Products/Debug-iphonesimulator/CapApp-SPM.o normal arm64\ x86_64 (in target 'CapApp-SPM' from project 'CapApp-SPM')
    cd /Users/runner/work/safe-link-v2/safe-link-v2/apps/mobile/ios/App/CapApp-SPM
    /Applications/Xcode_26.5.app/Contents/Developer/Toolchains/XcodeDefault.xctoolchain/usr/bin/lipo -create /Users/runner/work/safe-link-v2/safe-link-v2/.tmp/ios-derived-data/Build/Intermediates.noindex/CapApp-SPM.build/Debug-iphonesimulator/CapApp-SPM.build/Objects-normal/arm64/Binary/CapApp-SPM.o /Users/runner/work/safe-link-v2/safe-link-v2/.tmp/ios-derived-data/Build/Intermediates.noindex/CapApp-SPM.build/Debug-iphonesimulator/CapApp-SPM.build/Objects-normal/x86_64/Binary/CapApp-SPM.o -output /Users/runner/work/safe-link-v2/safe-link-v2/.tmp/ios-derived-data/Build/Products/Debug-iphonesimulator/CapApp-SPM.o

ExtractAppIntentsMetadata (in target 'CapApp-SPM' from project 'CapApp-SPM')
    cd /Users/runner/work/safe-link-v2/safe-link-v2/apps/mobile/ios/App/CapApp-SPM
    /Applications/Xcode_26.5.app/Contents/Developer/Toolchains/XcodeDefault.xctoolchain/usr/bin/appintentsmetadataprocessor --toolchain-dir /var/run/com.apple.security.cryptexd/mnt/com.apple.MobileAsset.MetalToolchain-v17.6.42.0.lfbmnc/Metal.xctoolchain --module-name CapApp_SPM --sdk-root /Applications/Xcode_26.5.app/Contents/Developer/Platforms/iPhoneSimulator.platform/Developer/SDKs/iPhoneSimulator26.5.sdk --xcode-version 17F42 --platform-family iOS --deployment-target 15.0 --bundle-identifier capapp-spm.CapApp-SPM --output /Users/runner/work/safe-link-v2/safe-link-v2/.tmp/ios-derived-data/Build/Products/Debug-iphonesimulator/CapApp_SPM.appintents --target-triple arm64-apple-ios15.0-simulator --target-triple x86_64-apple-ios15.0-simulator --binary-file /Users/runner/work/safe-link-v2/safe-link-v2/.tmp/ios-derived-data/Build/Products/Debug-iphonesimulator/CapApp-SPM.o --dependency-file /Users/runner/work/safe-link-v2/safe-link-v2/.tmp/ios-derived-data/Build/Intermediates.noindex/CapApp-SPM.build/Debug-iphonesimulator/CapApp-SPM.build/Objects-normal/arm64/CapApp-SPM_dependency_info.dat --dependency-file /Users/runner/work/safe-link-v2/safe-link-v2/.tmp/ios-derived-data/Build/Intermediates.noindex/CapApp-SPM.build/Debug-iphonesimulator/CapApp-SPM.build/Objects-normal/x86_64/CapApp-SPM_dependency_info.dat --stringsdata-file /Users/runner/work/safe-link-v2/safe-link-v2/.tmp/ios-derived-data/Build/Intermediates.noindex/CapApp-SPM.build/Debug-iphonesimulator/CapApp-SPM.build/Objects-normal/arm64/ExtractedAppShortcutsMetadata.stringsdata --stringsdata-file /Users/runner/work/safe-link-v2/safe-link-v2/.tmp/ios-derived-data/Build/Intermediates.noindex/CapApp-SPM.build/Debug-iphonesimulator/CapApp-SPM.build/Objects-normal/x86_64/ExtractedAppShortcutsMetadata.stringsdata --source-file-list /Users/runner/work/safe-link-v2/safe-link-v2/.tmp/ios-derived-data/Build/Intermediates.noindex/CapApp-SPM.build/Debug-iphonesimulator/CapApp-SPM.build/Objects-normal/arm64/CapApp-SPM.SwiftFileList --source-file-list /Users/runner/work/safe-link-v2/safe-link-v2/.tmp/ios-derived-data/Build/Intermediates.noindex/CapApp-SPM.build/Debug-iphonesimulator/CapApp-SPM.build/Objects-normal/x86_64/CapApp-SPM.SwiftFileList --metadata-file-list /Users/runner/work/safe-link-v2/safe-link-v2/.tmp/ios-derived-data/Build/Intermediates.noindex/CapApp-SPM.build/Debug-iphonesimulator/CapApp-SPM.build/CapApp-SPM.DependencyMetadataFileList --static-metadata-file-list /Users/runner/work/safe-link-v2/safe-link-v2/.tmp/ios-derived-data/Build/Intermediates.noindex/CapApp-SPM.build/Debug-iphonesimulator/CapApp-SPM.build/CapApp-SPM.DependencyStaticMetadataFileList --swift-const-vals-list /Users/runner/work/safe-link-v2/safe-link-v2/.tmp/ios-derived-data/Build/Intermediates.noindex/CapApp-SPM.build/Debug-iphonesimulator/CapApp-SPM.build/Objects-normal/arm64/CapApp-SPM.SwiftConstValuesFileList --swift-const-vals-list /Users/runner/work/safe-link-v2/safe-link-v2/.tmp/ios-derived-data/Build/Intermediates.noindex/CapApp-SPM.build/Debug-iphonesimulator/CapApp-SPM.build/Objects-normal/x86_64/CapApp-SPM.SwiftConstValuesFileList --force --compile-time-extraction --deployment-aware-processing --validate-assistant-intents --no-app-shortcuts-localization
2026-06-22 23:47:59.937 appintentsmetadataprocessor[49657:119514] Starting appintentsmetadataprocessor export
2026-06-22 23:47:59.950 appintentsmetadataprocessor[49657:119514] Extracted no relevant App Intents symbols, skipping writing output

RegisterExecutionPolicyException /Users/runner/work/safe-link-v2/safe-link-v2/.tmp/ios-derived-data/Build/Products/Debug-iphonesimulator/CapApp-SPM.o (in target 'CapApp-SPM' from project 'CapApp-SPM')
    cd /Users/runner/work/safe-link-v2/safe-link-v2/apps/mobile/ios/App/CapApp-SPM
    builtin-RegisterExecutionPolicyException /Users/runner/work/safe-link-v2/safe-link-v2/.tmp/ios-derived-data/Build/Products/Debug-iphonesimulator/CapApp-SPM.o

CpResource /Users/runner/work/safe-link-v2/safe-link-v2/.tmp/ios-derived-data/Build/Products/Debug-iphonesimulator/App.app/public /Users/runner/work/safe-link-v2/safe-link-v2/apps/mobile/ios/App/App/public (in target 'App' from project 'App')
    cd /Users/runner/work/safe-link-v2/safe-link-v2/apps/mobile/ios/App
    builtin-copy -exclude .DS_Store -exclude CVS -exclude .svn -exclude .git -exclude .hg -resolve-src-symlinks /Users/runner/work/safe-link-v2/safe-link-v2/apps/mobile/ios/App/App/public /Users/runner/work/safe-link-v2/safe-link-v2/.tmp/ios-derived-data/Build/Products/Debug-iphonesimulator/App.app

Ld /Users/runner/work/safe-link-v2/safe-link-v2/.tmp/ios-derived-data/Build/Intermediates.noindex/App.build/Debug-iphonesimulator/App.build/Objects-normal/x86_64/Binary/__preview.dylib normal x86_64 (in target 'App' from project 'App')
    cd /Users/runner/work/safe-link-v2/safe-link-v2/apps/mobile/ios/App
    /Applications/Xcode_26.5.app/Contents/Developer/Toolchains/XcodeDefault.xctoolchain/usr/bin/clang -Xlinker -reproducible -target x86_64-apple-ios15.0-simulator -dynamiclib -isysroot /Applications/Xcode_26.5.app/Contents/Developer/Platforms/iPhoneSimulator.platform/Developer/SDKs/iPhoneSimulator26.5.sdk -O0 -L/Users/runner/work/safe-link-v2/safe-link-v2/.tmp/ios-derived-data/Build/Products/Debug-iphonesimulator -F/Users/runner/work/safe-link-v2/safe-link-v2/.tmp/ios-derived-data/Build/Products/Debug-iphonesimulator/PackageFrameworks -F/Users/runner/work/safe-link-v2/safe-link-v2/.tmp/ios-derived-data/Build/Products/Debug-iphonesimulator/PackageFrameworks -F/Users/runner/work/safe-link-v2/safe-link-v2/.tmp/ios-derived-data/Build/Products/Debug-iphonesimulator/PackageFrameworks -F/Users/runner/work/safe-link-v2/safe-link-v2/.tmp/ios-derived-data/Build/Products/Debug-iphonesimulator -install_name @rpath/App.debug.dylib -Xlinker -dead_strip -rdynamic -Xlinker -no_deduplicate -Xlinker -objc_abi_version -Xlinker 2 -Xlinker -dependency_info -Xlinker /Users/runner/work/safe-link-v2/safe-link-v2/.tmp/ios-derived-data/Build/Intermediates.noindex/App.build/Debug-iphonesimulator/App.build/Objects-normal/x86_64/App_dependency_info.dat -o /Users/runner/work/safe-link-v2/safe-link-v2/.tmp/ios-derived-data/Build/Intermediates.noindex/App.build/Debug-iphonesimulator/App.build/Objects-normal/x86_64/Binary/__preview.dylib

Ld /Users/runner/work/safe-link-v2/safe-link-v2/.tmp/ios-derived-data/Build/Intermediates.noindex/App.build/Debug-iphonesimulator/App.build/Objects-normal/arm64/Binary/__preview.dylib normal arm64 (in target 'App' from project 'App')
    cd /Users/runner/work/safe-link-v2/safe-link-v2/apps/mobile/ios/App
    /Applications/Xcode_26.5.app/Contents/Developer/Toolchains/XcodeDefault.xctoolchain/usr/bin/clang -Xlinker -reproducible -target arm64-apple-ios15.0-simulator -dynamiclib -isysroot /Applications/Xcode_26.5.app/Contents/Developer/Platforms/iPhoneSimulator.platform/Developer/SDKs/iPhoneSimulator26.5.sdk -O0 -L/Users/runner/work/safe-link-v2/safe-link-v2/.tmp/ios-derived-data/Build/Products/Debug-iphonesimulator -F/Users/runner/work/safe-link-v2/safe-link-v2/.tmp/ios-derived-data/Build/Products/Debug-iphonesimulator/PackageFrameworks -F/Users/runner/work/safe-link-v2/safe-link-v2/.tmp/ios-derived-data/Build/Products/Debug-iphonesimulator/PackageFrameworks -F/Users/runner/work/safe-link-v2/safe-link-v2/.tmp/ios-derived-data/Build/Products/Debug-iphonesimulator/PackageFrameworks -F/Users/runner/work/safe-link-v2/safe-link-v2/.tmp/ios-derived-data/Build/Products/Debug-iphonesimulator -install_name @rpath/App.debug.dylib -Xlinker -dead_strip -rdynamic -Xlinker -no_deduplicate -Xlinker -objc_abi_version -Xlinker 2 -Xlinker -dependency_info -Xlinker /Users/runner/work/safe-link-v2/safe-link-v2/.tmp/ios-derived-data/Build/Intermediates.noindex/App.build/Debug-iphonesimulator/App.build/Objects-normal/arm64/App_dependency_info.dat -o /Users/runner/work/safe-link-v2/safe-link-v2/.tmp/ios-derived-data/Build/Intermediates.noindex/App.build/Debug-iphonesimulator/App.build/Objects-normal/arm64/Binary/__preview.dylib

CpResource /Users/runner/work/safe-link-v2/safe-link-v2/.tmp/ios-derived-data/Build/Products/Debug-iphonesimulator/App.app/config.xml /Users/runner/work/safe-link-v2/safe-link-v2/apps/mobile/ios/App/App/config.xml (in target 'App' from project 'App')
    cd /Users/runner/work/safe-link-v2/safe-link-v2/apps/mobile/ios/App
    builtin-copy -exclude .DS_Store -exclude CVS -exclude .svn -exclude .git -exclude .hg -resolve-src-symlinks /Users/runner/work/safe-link-v2/safe-link-v2/apps/mobile/ios/App/App/config.xml /Users/runner/work/safe-link-v2/safe-link-v2/.tmp/ios-derived-data/Build/Products/Debug-iphonesimulator/App.app

CreateUniversalBinary /Users/runner/work/safe-link-v2/safe-link-v2/.tmp/ios-derived-data/Build/Products/Debug-iphonesimulator/App.app/__preview.dylib normal arm64\ x86_64 (in target 'App' from project 'App')
    cd /Users/runner/work/safe-link-v2/safe-link-v2/apps/mobile/ios/App
    /Applications/Xcode_26.5.app/Contents/Developer/Toolchains/XcodeDefault.xctoolchain/usr/bin/lipo -create /Users/runner/work/safe-link-v2/safe-link-v2/.tmp/ios-derived-data/Build/Intermediates.noindex/App.build/Debug-iphonesimulator/App.build/Objects-normal/arm64/Binary/__preview.dylib /Users/runner/work/safe-link-v2/safe-link-v2/.tmp/ios-derived-data/Build/Intermediates.noindex/App.build/Debug-iphonesimulator/App.build/Objects-normal/x86_64/Binary/__preview.dylib -output /Users/runner/work/safe-link-v2/safe-link-v2/.tmp/ios-derived-data/Build/Products/Debug-iphonesimulator/App.app/__preview.dylib

CpResource /Users/runner/work/safe-link-v2/safe-link-v2/.tmp/ios-derived-data/Build/Products/Debug-iphonesimulator/App.app/capacitor.config.json /Users/runner/work/safe-link-v2/safe-link-v2/apps/mobile/ios/App/App/capacitor.config.json (in target 'App' from project 'App')
    cd /Users/runner/work/safe-link-v2/safe-link-v2/apps/mobile/ios/App
    builtin-copy -exclude .DS_Store -exclude CVS -exclude .svn -exclude .git -exclude .hg -resolve-src-symlinks /Users/runner/work/safe-link-v2/safe-link-v2/apps/mobile/ios/App/App/capacitor.config.json /Users/runner/work/safe-link-v2/safe-link-v2/.tmp/ios-derived-data/Build/Products/Debug-iphonesimulator/App.app

Copy /Users/runner/work/safe-link-v2/safe-link-v2/.tmp/ios-derived-data/Build/Products/Debug-iphonesimulator/App.app/Frameworks/Cordova.framework /Users/runner/work/safe-link-v2/safe-link-v2/.tmp/ios-derived-data/SourcePackages/artifacts/capacitor-swift-pm/Cordova/Cordova.xcframework/ios-arm64_x86_64-simulator/Cordova.framework (in target 'App' from project 'App')
    cd /Users/runner/work/safe-link-v2/safe-link-v2/apps/mobile/ios/App
    builtin-copy -exclude .DS_Store -exclude CVS -exclude .svn -exclude .git -exclude .hg -exclude Headers -exclude PrivateHeaders -exclude Modules -exclude \*.tbd -resolve-src-symlinks -remove-static-executable /Users/runner/work/safe-link-v2/safe-link-v2/.tmp/ios-derived-data/SourcePackages/artifacts/capacitor-swift-pm/Cordova/Cordova.xcframework/ios-arm64_x86_64-simulator/Cordova.framework /Users/runner/work/safe-link-v2/safe-link-v2/.tmp/ios-derived-data/Build/Products/Debug-iphonesimulator/App.app/Frameworks

Copy /Users/runner/work/safe-link-v2/safe-link-v2/.tmp/ios-derived-data/Build/Products/Debug-iphonesimulator/App.app/Frameworks/Capacitor.framework /Users/runner/work/safe-link-v2/safe-link-v2/.tmp/ios-derived-data/SourcePackages/artifacts/capacitor-swift-pm/Capacitor/Capacitor.xcframework/ios-arm64_x86_64-simulator/Capacitor.framework (in target 'App' from project 'App')
    cd /Users/runner/work/safe-link-v2/safe-link-v2/apps/mobile/ios/App
    builtin-copy -exclude .DS_Store -exclude CVS -exclude .svn -exclude .git -exclude .hg -exclude Headers -exclude PrivateHeaders -exclude Modules -exclude \*.tbd -resolve-src-symlinks -remove-static-executable /Users/runner/work/safe-link-v2/safe-link-v2/.tmp/ios-derived-data/SourcePackages/artifacts/capacitor-swift-pm/Capacitor/Capacitor.xcframework/ios-arm64_x86_64-simulator/Capacitor.framework /Users/runner/work/safe-link-v2/safe-link-v2/.tmp/ios-derived-data/Build/Products/Debug-iphonesimulator/App.app/Frameworks

CompileStoryboard /Users/runner/work/safe-link-v2/safe-link-v2/apps/mobile/ios/App/App/Base.lproj/Main.storyboard (in target 'App' from project 'App')
    cd /Users/runner/work/safe-link-v2/safe-link-v2/apps/mobile/ios/App
    /Applications/Xcode_26.5.app/Contents/Developer/usr/bin/ibtool --errors --warnings --notices --module App --output-partial-info-plist /Users/runner/work/safe-link-v2/safe-link-v2/.tmp/ios-derived-data/Build/Intermediates.noindex/App.build/Debug-iphonesimulator/App.build/Base.lproj/Main-SBPartialInfo.plist --auto-activate-custom-fonts --target-device iphone --target-device ipad --minimum-deployment-target 15.0 --output-format human-readable-text /Users/runner/work/safe-link-v2/safe-link-v2/apps/mobile/ios/App/App/Base.lproj/Main.storyboard --compilation-directory /Users/runner/work/safe-link-v2/safe-link-v2/.tmp/ios-derived-data/Build/Intermediates.noindex/App.build/Debug-iphonesimulator/App.build/Base.lproj

CompileStoryboard /Users/runner/work/safe-link-v2/safe-link-v2/apps/mobile/ios/App/App/Base.lproj/LaunchScreen.storyboard (in target 'App' from project 'App')
    cd /Users/runner/work/safe-link-v2/safe-link-v2/apps/mobile/ios/App
    /Applications/Xcode_26.5.app/Contents/Developer/usr/bin/ibtool --errors --warnings --notices --module App --output-partial-info-plist /Users/runner/work/safe-link-v2/safe-link-v2/.tmp/ios-derived-data/Build/Intermediates.noindex/App.build/Debug-iphonesimulator/App.build/Base.lproj/LaunchScreen-SBPartialInfo.plist --auto-activate-custom-fonts --target-device iphone --target-device ipad --minimum-deployment-target 15.0 --output-format human-readable-text /Users/runner/work/safe-link-v2/safe-link-v2/apps/mobile/ios/App/App/Base.lproj/LaunchScreen.storyboard --compilation-directory /Users/runner/work/safe-link-v2/safe-link-v2/.tmp/ios-derived-data/Build/Intermediates.noindex/App.build/Debug-iphonesimulator/App.build/Base.lproj

SwiftEmitModule normal arm64 Emitting\ module\ for\ App (in target 'App' from project 'App')

EmitSwiftModule normal arm64 (in target 'App' from project 'App')
    cd /Users/runner/work/safe-link-v2/safe-link-v2/apps/mobile/ios/App


SwiftDriverJobDiscovery normal x86_64 Compiling GeneratedAssetSymbols.swift (in target 'App' from project 'App')

SwiftCompile normal arm64 Compiling\ AppDelegate.swift /Users/runner/work/safe-link-v2/safe-link-v2/apps/mobile/ios/App/App/AppDelegate.swift (in target 'App' from project 'App')

SwiftCompile normal arm64 /Users/runner/work/safe-link-v2/safe-link-v2/apps/mobile/ios/App/App/AppDelegate.swift (in target 'App' from project 'App')
    cd /Users/runner/work/safe-link-v2/safe-link-v2/apps/mobile/ios/App


SwiftDriverJobDiscovery normal arm64 Emitting module for App (in target 'App' from project 'App')

SwiftDriver\ Compilation\ Requirements App normal arm64 com.apple.xcode.tools.swift.compiler (in target 'App' from project 'App')
    cd /Users/runner/work/safe-link-v2/safe-link-v2/apps/mobile/ios/App
    builtin-Swift-Compilation-Requirements -- /Applications/Xcode_26.5.app/Contents/Developer/Toolchains/XcodeDefault.xctoolchain/usr/bin/swiftc -module-name App -Onone @/Users/runner/work/safe-link-v2/safe-link-v2/.tmp/ios-derived-data/Build/Intermediates.noindex/App.build/Debug-iphonesimulator/App.build/Objects-normal/arm64/App.SwiftFileList -DDEBUG -D COCOAPODS -DDEBUG -enable-bare-slash-regex -enable-experimental-feature DebugDescriptionMacro -sdk /Applications/Xcode_26.5.app/Contents/Developer/Platforms/iPhoneSimulator.platform/Developer/SDKs/iPhoneSimulator26.5.sdk -target arm64-apple-ios15.0-simulator -g -module-cache-path /Users/runner/work/safe-link-v2/safe-link-v2/.tmp/ios-derived-data/ModuleCache.noindex -Xfrontend -serialize-debugging-options -enable-testing -index-store-path /Users/runner/work/safe-link-v2/safe-link-v2/.tmp/ios-derived-data/Index.noindex/DataStore -Xcc -D_LIBCPP_HARDENING_MODE\=_LIBCPP_HARDENING_MODE_DEBUG -swift-version 5 -I /Users/runner/work/safe-link-v2/safe-link-v2/.tmp/ios-derived-data/Build/Products/Debug-iphonesimulator -F /Users/runner/work/safe-link-v2/safe-link-v2/.tmp/ios-derived-data/Build/Products/Debug-iphonesimulator/PackageFrameworks -F /Users/runner/work/safe-link-v2/safe-link-v2/.tmp/ios-derived-data/Build/Products/Debug-iphonesimulator/PackageFrameworks -F /Users/runner/work/safe-link-v2/safe-link-v2/.tmp/ios-derived-data/Build/Products/Debug-iphonesimulator/PackageFrameworks -F /Users/runner/work/safe-link-v2/safe-link-v2/.tmp/ios-derived-data/Build/Products/Debug-iphonesimulator -c -j3 -enable-batch-mode -incremental -Xcc -ivfsstatcache -Xcc /Users/runner/work/safe-link-v2/safe-link-v2/.tmp/ios-derived-data/SDKStatCaches.noindex/iphonesimulator26.5-23F73-688ef53f1462e2c8f657fdc38a81448ffb7d586738ff35573a713a18216ade27.sdkstatcache -output-file-map /Users/runner/work/safe-link-v2/safe-link-v2/.tmp/ios-derived-data/Build/Intermediates.noindex/App.build/Debug-iphonesimulator/App.build/Objects-normal/arm64/App-OutputFileMap.json -use-frontend-parseable-output -save-temps -no-color-diagnostics -explicit-module-build -module-cache-path /Users/runner/work/safe-link-v2/safe-link-v2/.tmp/ios-derived-data/Build/Intermediates.noindex/SwiftExplicitPrecompiledModules -clang-scanner-module-cache-path /Users/runner/work/safe-link-v2/safe-link-v2/.tmp/ios-derived-data/ModuleCache.noindex -sdk-module-cache-path /Users/runner/work/safe-link-v2/safe-link-v2/.tmp/ios-derived-data/ModuleCache.noindex -serialize-diagnostics -emit-dependencies -emit-module -emit-module-path /Users/runner/work/safe-link-v2/safe-link-v2/.tmp/ios-derived-data/Build/Intermediates.noindex/App.build/Debug-iphonesimulator/App.build/Objects-normal/arm64/App.swiftmodule -validate-clang-modules-once -clang-build-session-file /Users/runner/work/safe-link-v2/safe-link-v2/.tmp/ios-derived-data/ModuleCache.noindex/Session.modulevalidation -Xcc -I/Users/runner/work/safe-link-v2/safe-link-v2/.tmp/ios-derived-data/Build/Intermediates.noindex/App.build/Debug-iphonesimulator/App.build/swift-overrides.hmap -emit-const-values -Xfrontend -const-gather-protocols-file -Xfrontend /Users/runner/work/safe-link-v2/safe-link-v2/.tmp/ios-derived-data/Build/Intermediates.noindex/App.build/Debug-iphonesimulator/App.build/Objects-normal/arm64/App_const_extract_protocols.json -Xcc -iquote -Xcc /Users/runner/work/safe-link-v2/safe-link-v2/.tmp/ios-derived-data/Build/Intermediates.noindex/App.build/Debug-iphonesimulator/App.build/App-generated-files.hmap -Xcc -I/Users/runner/work/safe-link-v2/safe-link-v2/.tmp/ios-derived-data/Build/Intermediates.noindex/App.build/Debug-iphonesimulator/App.build/App-own-target-headers.hmap -Xcc -I/Users/runner/work/safe-link-v2/safe-link-v2/.tmp/ios-derived-data/Build/Intermediates.noindex/App.build/Debug-iphonesimulator/App.build/App-all-non-framework-target-headers.hmap -Xcc -ivfsoverlay -Xcc /Users/runner/work/safe-link-v2/safe-link-v2/.tmp/ios-derived-data/Build/Intermediates.noindex/App.build/Debug-iphonesimulator/App-0ca3007d900a678c2b4d53418799ee3d-VFS-iphonesimulator/all-product-headers.yaml -Xcc -iquote -Xcc /Users/runner/work/safe-link-v2/safe-link-v2/.tmp/ios-derived-data/Build/Intermediates.noindex/App.build/Debug-iphonesimulator/App.build/App-project-headers.hmap -Xcc -I/Users/runner/work/safe-link-v2/safe-link-v2/.tmp/ios-derived-data/Build/Products/Debug-iphonesimulator/include -Xcc -I/Users/runner/work/safe-link-v2/safe-link-v2/.tmp/ios-derived-data/Build/Intermediates.noindex/App.build/Debug-iphonesimulator/App.build/DerivedSources-normal/arm64 -Xcc -I/Users/runner/work/safe-link-v2/safe-link-v2/.tmp/ios-derived-data/Build/Intermediates.noindex/App.build/Debug-iphonesimulator/App.build/DerivedSources/arm64 -Xcc -I/Users/runner/work/safe-link-v2/safe-link-v2/.tmp/ios-derived-data/Build/Intermediates.noindex/App.build/Debug-iphonesimulator/App.build/DerivedSources -Xcc -DDEBUG\=1 -emit-objc-header -emit-objc-header-path /Users/runner/work/safe-link-v2/safe-link-v2/.tmp/ios-derived-data/Build/Intermediates.noindex/App.build/Debug-iphonesimulator/App.build/Objects-normal/arm64/App-Swift.h -working-directory /Users/runner/work/safe-link-v2/safe-link-v2/apps/mobile/ios/App -experimental-emit-module-separately -disable-cmo

SwiftDriver\ Compilation App normal x86_64 com.apple.xcode.tools.swift.compiler (in target 'App' from project 'App')
    cd /Users/runner/work/safe-link-v2/safe-link-v2/apps/mobile/ios/App
    builtin-Swift-Compilation -- /Applications/Xcode_26.5.app/Contents/Developer/Toolchains/XcodeDefault.xctoolchain/usr/bin/swiftc -module-name App -Onone @/Users/runner/work/safe-link-v2/safe-link-v2/.tmp/ios-derived-data/Build/Intermediates.noindex/App.build/Debug-iphonesimulator/App.build/Objects-normal/x86_64/App.SwiftFileList -DDEBUG -D COCOAPODS -DDEBUG -enable-bare-slash-regex -enable-experimental-feature DebugDescriptionMacro -sdk /Applications/Xcode_26.5.app/Contents/Developer/Platforms/iPhoneSimulator.platform/Developer/SDKs/iPhoneSimulator26.5.sdk -target x86_64-apple-ios15.0-simulator -g -module-cache-path /Users/runner/work/safe-link-v2/safe-link-v2/.tmp/ios-derived-data/ModuleCache.noindex -Xfrontend -serialize-debugging-options -enable-testing -index-store-path /Users/runner/work/safe-link-v2/safe-link-v2/.tmp/ios-derived-data/Index.noindex/DataStore -Xcc -D_LIBCPP_HARDENING_MODE\=_LIBCPP_HARDENING_MODE_DEBUG -swift-version 5 -I /Users/runner/work/safe-link-v2/safe-link-v2/.tmp/ios-derived-data/Build/Products/Debug-iphonesimulator -F /Users/runner/work/safe-link-v2/safe-link-v2/.tmp/ios-derived-data/Build/Products/Debug-iphonesimulator/PackageFrameworks -F /Users/runner/work/safe-link-v2/safe-link-v2/.tmp/ios-derived-data/Build/Products/Debug-iphonesimulator/PackageFrameworks -F /Users/runner/work/safe-link-v2/safe-link-v2/.tmp/ios-derived-data/Build/Products/Debug-iphonesimulator/PackageFrameworks -F /Users/runner/work/safe-link-v2/safe-link-v2/.tmp/ios-derived-data/Build/Products/Debug-iphonesimulator -c -j3 -enable-batch-mode -incremental -Xcc -ivfsstatcache -Xcc /Users/runner/work/safe-link-v2/safe-link-v2/.tmp/ios-derived-data/SDKStatCaches.noindex/iphonesimulator26.5-23F73-688ef53f1462e2c8f657fdc38a81448ffb7d586738ff35573a713a18216ade27.sdkstatcache -output-file-map /Users/runner/work/safe-link-v2/safe-link-v2/.tmp/ios-derived-data/Build/Intermediates.noindex/App.build/Debug-iphonesimulator/App.build/Objects-normal/x86_64/App-OutputFileMap.json -use-frontend-parseable-output -save-temps -no-color-diagnostics -explicit-module-build -module-cache-path /Users/runner/work/safe-link-v2/safe-link-v2/.tmp/ios-derived-data/Build/Intermediates.noindex/SwiftExplicitPrecompiledModules -clang-scanner-module-cache-path /Users/runner/work/safe-link-v2/safe-link-v2/.tmp/ios-derived-data/ModuleCache.noindex -sdk-module-cache-path /Users/runner/work/safe-link-v2/safe-link-v2/.tmp/ios-derived-data/ModuleCache.noindex -serialize-diagnostics -emit-dependencies -emit-module -emit-module-path /Users/runner/work/safe-link-v2/safe-link-v2/.tmp/ios-derived-data/Build/Intermediates.noindex/App.build/Debug-iphonesimulator/App.build/Objects-normal/x86_64/App.swiftmodule -validate-clang-modules-once -clang-build-session-file /Users/runner/work/safe-link-v2/safe-link-v2/.tmp/ios-derived-data/ModuleCache.noindex/Session.modulevalidation -Xcc -I/Users/runner/work/safe-link-v2/safe-link-v2/.tmp/ios-derived-data/Build/Intermediates.noindex/App.build/Debug-iphonesimulator/App.build/swift-overrides.hmap -emit-const-values -Xfrontend -const-gather-protocols-file -Xfrontend /Users/runner/work/safe-link-v2/safe-link-v2/.tmp/ios-derived-data/Build/Intermediates.noindex/App.build/Debug-iphonesimulator/App.build/Objects-normal/x86_64/App_const_extract_protocols.json -Xcc -iquote -Xcc /Users/runner/work/safe-link-v2/safe-link-v2/.tmp/ios-derived-data/Build/Intermediates.noindex/App.build/Debug-iphonesimulator/App.build/App-generated-files.hmap -Xcc -I/Users/runner/work/safe-link-v2/safe-link-v2/.tmp/ios-derived-data/Build/Intermediates.noindex/App.build/Debug-iphonesimulator/App.build/App-own-target-headers.hmap -Xcc -I/Users/runner/work/safe-link-v2/safe-link-v2/.tmp/ios-derived-data/Build/Intermediates.noindex/App.build/Debug-iphonesimulator/App.build/App-all-non-framework-target-headers.hmap -Xcc -ivfsoverlay -Xcc /Users/runner/work/safe-link-v2/safe-link-v2/.tmp/ios-derived-data/Build/Intermediates.noindex/App.build/Debug-iphonesimulator/App-0ca3007d900a678c2b4d53418799ee3d-VFS-iphonesimulator/all-product-headers.yaml -Xcc -iquote -Xcc /Users/runner/work/safe-link-v2/safe-link-v2/.tmp/ios-derived-data/Build/Intermediates.noindex/App.build/Debug-iphonesimulator/App.build/App-project-headers.hmap -Xcc -I/Users/runner/work/safe-link-v2/safe-link-v2/.tmp/ios-derived-data/Build/Products/Debug-iphonesimulator/include -Xcc -I/Users/runner/work/safe-link-v2/safe-link-v2/.tmp/ios-derived-data/Build/Intermediates.noindex/App.build/Debug-iphonesimulator/App.build/DerivedSources-normal/x86_64 -Xcc -I/Users/runner/work/safe-link-v2/safe-link-v2/.tmp/ios-derived-data/Build/Intermediates.noindex/App.build/Debug-iphonesimulator/App.build/DerivedSources/x86_64 -Xcc -I/Users/runner/work/safe-link-v2/safe-link-v2/.tmp/ios-derived-data/Build/Intermediates.noindex/App.build/Debug-iphonesimulator/App.build/DerivedSources -Xcc -DDEBUG\=1 -emit-objc-header -emit-objc-header-path /Users/runner/work/safe-link-v2/safe-link-v2/.tmp/ios-derived-data/Build/Intermediates.noindex/App.build/Debug-iphonesimulator/App.build/Objects-normal/x86_64/App-Swift.h -working-directory /Users/runner/work/safe-link-v2/safe-link-v2/apps/mobile/ios/App -experimental-emit-module-separately -disable-cmo

SwiftMergeGeneratedHeaders /Users/runner/work/safe-link-v2/safe-link-v2/.tmp/ios-derived-data/Build/Intermediates.noindex/App.build/Debug-iphonesimulator/App.build/DerivedSources/App-Swift.h /Users/runner/work/safe-link-v2/safe-link-v2/.tmp/ios-derived-data/Build/Intermediates.noindex/App.build/Debug-iphonesimulator/App.build/Objects-normal/arm64/App-Swift.h /Users/runner/work/safe-link-v2/safe-link-v2/.tmp/ios-derived-data/Build/Intermediates.noindex/App.build/Debug-iphonesimulator/App.build/Objects-normal/x86_64/App-Swift.h (in target 'App' from project 'App')
    cd /Users/runner/work/safe-link-v2/safe-link-v2/apps/mobile/ios/App
    builtin-swiftHeaderTool -arch arm64 /Users/runner/work/safe-link-v2/safe-link-v2/.tmp/ios-derived-data/Build/Intermediates.noindex/App.build/Debug-iphonesimulator/App.build/Objects-normal/arm64/App-Swift.h -arch x86_64 /Users/runner/work/safe-link-v2/safe-link-v2/.tmp/ios-derived-data/Build/Intermediates.noindex/App.build/Debug-iphonesimulator/App.build/Objects-normal/x86_64/App-Swift.h -o /Users/runner/work/safe-link-v2/safe-link-v2/.tmp/ios-derived-data/Build/Intermediates.noindex/App.build/Debug-iphonesimulator/App.build/DerivedSources/App-Swift.h

Copy /Users/runner/work/safe-link-v2/safe-link-v2/.tmp/ios-derived-data/Build/Products/Debug-iphonesimulator/App.swiftmodule/arm64-apple-ios-simulator.swiftmodule /Users/runner/work/safe-link-v2/safe-link-v2/.tmp/ios-derived-data/Build/Intermediates.noindex/App.build/Debug-iphonesimulator/App.build/Objects-normal/arm64/App.swiftmodule (in target 'App' from project 'App')
    cd /Users/runner/work/safe-link-v2/safe-link-v2/apps/mobile/ios/App
    builtin-copy -exclude .DS_Store -exclude CVS -exclude .svn -exclude .git -exclude .hg -resolve-src-symlinks -rename /Users/runner/work/safe-link-v2/safe-link-v2/.tmp/ios-derived-data/Build/Intermediates.noindex/App.build/Debug-iphonesimulator/App.build/Objects-normal/arm64/App.swiftmodule /Users/runner/work/safe-link-v2/safe-link-v2/.tmp/ios-derived-data/Build/Products/Debug-iphonesimulator/App.swiftmodule/arm64-apple-ios-simulator.swiftmodule

Copy /Users/runner/work/safe-link-v2/safe-link-v2/.tmp/ios-derived-data/Build/Products/Debug-iphonesimulator/App.swiftmodule/arm64-apple-ios-simulator.swiftdoc /Users/runner/work/safe-link-v2/safe-link-v2/.tmp/ios-derived-data/Build/Intermediates.noindex/App.build/Debug-iphonesimulator/App.build/Objects-normal/arm64/App.swiftdoc (in target 'App' from project 'App')
    cd /Users/runner/work/safe-link-v2/safe-link-v2/apps/mobile/ios/App
    builtin-copy -exclude .DS_Store -exclude CVS -exclude .svn -exclude .git -exclude .hg -resolve-src-symlinks -rename /Users/runner/work/safe-link-v2/safe-link-v2/.tmp/ios-derived-data/Build/Intermediates.noindex/App.build/Debug-iphonesimulator/App.build/Objects-normal/arm64/App.swiftdoc /Users/runner/work/safe-link-v2/safe-link-v2/.tmp/ios-derived-data/Build/Products/Debug-iphonesimulator/App.swiftmodule/arm64-apple-ios-simulator.swiftdoc

Copy /Users/runner/work/safe-link-v2/safe-link-v2/.tmp/ios-derived-data/Build/Products/Debug-iphonesimulator/App.swiftmodule/arm64-apple-ios-simulator.abi.json /Users/runner/work/safe-link-v2/safe-link-v2/.tmp/ios-derived-data/Build/Intermediates.noindex/App.build/Debug-iphonesimulator/App.build/Objects-normal/arm64/App.abi.json (in target 'App' from project 'App')
    cd /Users/runner/work/safe-link-v2/safe-link-v2/apps/mobile/ios/App
    builtin-copy -exclude .DS_Store -exclude CVS -exclude .svn -exclude .git -exclude .hg -resolve-src-symlinks -rename /Users/runner/work/safe-link-v2/safe-link-v2/.tmp/ios-derived-data/Build/Intermediates.noindex/App.build/Debug-iphonesimulator/App.build/Objects-normal/arm64/App.abi.json /Users/runner/work/safe-link-v2/safe-link-v2/.tmp/ios-derived-data/Build/Products/Debug-iphonesimulator/App.swiftmodule/arm64-apple-ios-simulator.abi.json

Copy /Users/runner/work/safe-link-v2/safe-link-v2/.tmp/ios-derived-data/Build/Products/Debug-iphonesimulator/App.swiftmodule/Project/arm64-apple-ios-simulator.swiftsourceinfo /Users/runner/work/safe-link-v2/safe-link-v2/.tmp/ios-derived-data/Build/Intermediates.noindex/App.build/Debug-iphonesimulator/App.build/Objects-normal/arm64/App.swiftsourceinfo (in target 'App' from project 'App')
    cd /Users/runner/work/safe-link-v2/safe-link-v2/apps/mobile/ios/App
    builtin-copy -exclude .DS_Store -exclude CVS -exclude .svn -exclude .git -exclude .hg -resolve-src-symlinks -rename /Users/runner/work/safe-link-v2/safe-link-v2/.tmp/ios-derived-data/Build/Intermediates.noindex/App.build/Debug-iphonesimulator/App.build/Objects-normal/arm64/App.swiftsourceinfo /Users/runner/work/safe-link-v2/safe-link-v2/.tmp/ios-derived-data/Build/Products/Debug-iphonesimulator/App.swiftmodule/Project/arm64-apple-ios-simulator.swiftsourceinfo

SwiftCompile normal arm64 Compiling\ GeneratedAssetSymbols.swift /Users/runner/work/safe-link-v2/safe-link-v2/.tmp/ios-derived-data/Build/Intermediates.noindex/App.build/Debug-iphonesimulator/App.build/DerivedSources/GeneratedAssetSymbols.swift (in target 'App' from project 'App')

SwiftCompile normal arm64 /Users/runner/work/safe-link-v2/safe-link-v2/.tmp/ios-derived-data/Build/Intermediates.noindex/App.build/Debug-iphonesimulator/App.build/DerivedSources/GeneratedAssetSymbols.swift (in target 'App' from project 'App')
    cd /Users/runner/work/safe-link-v2/safe-link-v2/apps/mobile/ios/App


SwiftDriverJobDiscovery normal arm64 Compiling AppDelegate.swift (in target 'App' from project 'App')

Ld /Users/runner/work/safe-link-v2/safe-link-v2/.tmp/ios-derived-data/Build/Intermediates.noindex/App.build/Debug-iphonesimulator/App.build/Objects-normal/x86_64/Binary/App.debug.dylib normal x86_64 (in target 'App' from project 'App')
    cd /Users/runner/work/safe-link-v2/safe-link-v2/apps/mobile/ios/App
    /Applications/Xcode_26.5.app/Contents/Developer/Toolchains/XcodeDefault.xctoolchain/usr/bin/clang -Xlinker -reproducible -target x86_64-apple-ios15.0-simulator -dynamiclib -isysroot /Applications/Xcode_26.5.app/Contents/Developer/Platforms/iPhoneSimulator.platform/Developer/SDKs/iPhoneSimulator26.5.sdk -O0 -L/Users/runner/work/safe-link-v2/safe-link-v2/.tmp/ios-derived-data/Build/Intermediates.noindex/EagerLinkingTBDs/Debug-iphonesimulator -L/Users/runner/work/safe-link-v2/safe-link-v2/.tmp/ios-derived-data/Build/Products/Debug-iphonesimulator -F/Users/runner/work/safe-link-v2/safe-link-v2/.tmp/ios-derived-data/Build/Intermediates.noindex/EagerLinkingTBDs/Debug-iphonesimulator -F/Users/runner/work/safe-link-v2/safe-link-v2/.tmp/ios-derived-data/Build/Products/Debug-iphonesimulator/PackageFrameworks -F/Users/runner/work/safe-link-v2/safe-link-v2/.tmp/ios-derived-data/Build/Products/Debug-iphonesimulator/PackageFrameworks -F/Users/runner/work/safe-link-v2/safe-link-v2/.tmp/ios-derived-data/Build/Products/Debug-iphonesimulator/PackageFrameworks -F/Users/runner/work/safe-link-v2/safe-link-v2/.tmp/ios-derived-data/Build/Products/Debug-iphonesimulator -filelist /Users/runner/work/safe-link-v2/safe-link-v2/.tmp/ios-derived-data/Build/Intermediates.noindex/App.build/Debug-iphonesimulator/App.build/Objects-normal/x86_64/App.LinkFileList -install_name @rpath/App.debug.dylib -Xlinker -rpath -Xlinker /usr/lib/swift -Xlinker -rpath -Xlinker /Users/runner/work/safe-link-v2/safe-link-v2/.tmp/ios-derived-data/Build/Products/Debug-iphonesimulator/PackageFrameworks -Xlinker -rpath -Xlinker @executable_path/Frameworks -Xlinker -dead_strip -Xlinker -object_path_lto -Xlinker /Users/runner/work/safe-link-v2/safe-link-v2/.tmp/ios-derived-data/Build/Intermediates.noindex/App.build/Debug-iphonesimulator/App.build/Objects-normal/x86_64/App_lto.o -rdynamic -Xlinker -no_deduplicate -Xlinker -objc_abi_version -Xlinker 2 -Xlinker -dependency_info -Xlinker /Users/runner/work/safe-link-v2/safe-link-v2/.tmp/ios-derived-data/Build/Intermediates.noindex/App.build/Debug-iphonesimulator/App.build/Objects-normal/x86_64/App_dependency_info.dat -fobjc-link-runtime -L/Applications/Xcode_26.5.app/Contents/Developer/Toolchains/XcodeDefault.xctoolchain/usr/lib/swift/iphonesimulator -L/usr/lib/swift -Xlinker -add_ast_path -Xlinker /Users/runner/work/safe-link-v2/safe-link-v2/.tmp/ios-derived-data/Build/Intermediates.noindex/App.build/Debug-iphonesimulator/App.build/Objects-normal/x86_64/App.swiftmodule @/Users/runner/work/safe-link-v2/safe-link-v2/.tmp/ios-derived-data/Build/Intermediates.noindex/App.build/Debug-iphonesimulator/App.build/Objects-normal/x86_64/App-linker-args.resp -Wl,-no_warn_duplicate_libraries -Wl,-no_warn_duplicate_libraries -Wl,-no_warn_duplicate_libraries -Xlinker -alias -Xlinker _main -Xlinker ___debug_main_executable_dylib_entry_point -framework Capacitor -framework Capacitor -framework Cordova -framework Cordova -framework Capacitor -framework Cordova -framework Capacitor -framework Cordova -o /Users/runner/work/safe-link-v2/safe-link-v2/.tmp/ios-derived-data/Build/Intermediates.noindex/App.build/Debug-iphonesimulator/App.build/Objects-normal/x86_64/Binary/App.debug.dylib -Xlinker -add_ast_path -Xlinker /Users/runner/work/safe-link-v2/safe-link-v2/.tmp/ios-derived-data/Build/Intermediates.noindex/CapApp-SPM.build/Debug-iphonesimulator/CapApp-SPM.build/Objects-normal/x86_64/CapApp_SPM.swiftmodule @/Users/runner/work/safe-link-v2/safe-link-v2/.tmp/ios-derived-data/Build/Intermediates.noindex/CapApp-SPM.build/Debug-iphonesimulator/CapApp-SPM.build/Objects-normal/x86_64/CapApp_SPM-linker-args.resp -Xlinker -add_ast_path -Xlinker /Users/runner/work/safe-link-v2/safe-link-v2/.tmp/ios-derived-data/Build/Intermediates.noindex/CapacitorLocalNotifications.build/Debug-iphonesimulator/LocalNotificationsPlugin.build/Objects-normal/x86_64/LocalNotificationsPlugin.swiftmodule @/Users/runner/work/safe-link-v2/safe-link-v2/.tmp/ios-derived-data/Build/Intermediates.noindex/CapacitorLocalNotifications.build/Debug-iphonesimulator/LocalNotificationsPlugin.build/Objects-normal/x86_64/LocalNotificationsPlugin-linker-args.resp -Xlinker -add_ast_path -Xlinker /Users/runner/work/safe-link-v2/safe-link-v2/.tmp/ios-derived-data/Build/Intermediates.noindex/CapacitorPreferences.build/Debug-iphonesimulator/PreferencesPlugin.build/Objects-normal/x86_64/PreferencesPlugin.swiftmodule @/Users/runner/work/safe-link-v2/safe-link-v2/.tmp/ios-derived-data/Build/Intermediates.noindex/CapacitorPreferences.build/Debug-iphonesimulator/PreferencesPlugin.build/Objects-normal/x86_64/PreferencesPlugin-linker-args.resp

ConstructStubExecutorLinkFileList /Users/runner/work/safe-link-v2/safe-link-v2/.tmp/ios-derived-data/Build/Intermediates.noindex/App.build/Debug-iphonesimulator/App.build/App-ExecutorLinkFileList-normal-x86_64.txt (in target 'App' from project 'App')
    cd /Users/runner/work/safe-link-v2/safe-link-v2/apps/mobile/ios/App
    construct-stub-executor-link-file-list /Users/runner/work/safe-link-v2/safe-link-v2/.tmp/ios-derived-data/Build/Intermediates.noindex/App.build/Debug-iphonesimulator/App.build/Objects-normal/x86_64/Binary/App.debug.dylib /Applications/Xcode_26.5.app/Contents/Developer/Platforms/iPhoneSimulator.platform/Developer/usr/lib/libPreviewsJITStubExecutor_no_swift_entry_point.a /Applications/Xcode_26.5.app/Contents/Developer/Platforms/iPhoneSimulator.platform/Developer/usr/lib/libPreviewsJITStubExecutor.a --output /Users/runner/work/safe-link-v2/safe-link-v2/.tmp/ios-derived-data/Build/Intermediates.noindex/App.build/Debug-iphonesimulator/App.build/App-ExecutorLinkFileList-normal-x86_64.txt
note: Using stub executor library with Swift entry point. (in target 'App' from project 'App')

Ld /Users/runner/work/safe-link-v2/safe-link-v2/.tmp/ios-derived-data/Build/Intermediates.noindex/App.build/Debug-iphonesimulator/App.build/Objects-normal/x86_64/Binary/App normal x86_64 (in target 'App' from project 'App')
    cd /Users/runner/work/safe-link-v2/safe-link-v2/apps/mobile/ios/App
    /Applications/Xcode_26.5.app/Contents/Developer/Toolchains/XcodeDefault.xctoolchain/usr/bin/clang -Xlinker -reproducible -target x86_64-apple-ios15.0-simulator -isysroot /Applications/Xcode_26.5.app/Contents/Developer/Platforms/iPhoneSimulator.platform/Developer/SDKs/iPhoneSimulator26.5.sdk -O0 -L/Users/runner/work/safe-link-v2/safe-link-v2/.tmp/ios-derived-data/Build/Products/Debug-iphonesimulator -F/Users/runner/work/safe-link-v2/safe-link-v2/.tmp/ios-derived-data/Build/Products/Debug-iphonesimulator/PackageFrameworks -F/Users/runner/work/safe-link-v2/safe-link-v2/.tmp/ios-derived-data/Build/Products/Debug-iphonesimulator/PackageFrameworks -F/Users/runner/work/safe-link-v2/safe-link-v2/.tmp/ios-derived-data/Build/Products/Debug-iphonesimulator/PackageFrameworks -F/Users/runner/work/safe-link-v2/safe-link-v2/.tmp/ios-derived-data/Build/Products/Debug-iphonesimulator -Xlinker -rpath -Xlinker @executable_path -Xlinker -rpath -Xlinker /Users/runner/work/safe-link-v2/safe-link-v2/.tmp/ios-derived-data/Build/Products/Debug-iphonesimulator/PackageFrameworks -Xlinker -rpath -Xlinker @executable_path/Frameworks -rdynamic -Xlinker -no_deduplicate -Xlinker -objc_abi_version -Xlinker 2 -e ___debug_blank_executor_main -Xlinker -sectcreate -Xlinker __TEXT -Xlinker __debug_dylib -Xlinker /Users/runner/work/safe-link-v2/safe-link-v2/.tmp/ios-derived-data/Build/Intermediates.noindex/App.build/Debug-iphonesimulator/App.build/App-DebugDylibPath-normal-x86_64.txt -Xlinker -sectcreate -Xlinker __TEXT -Xlinker __debug_instlnm -Xlinker /Users/runner/work/safe-link-v2/safe-link-v2/.tmp/ios-derived-data/Build/Intermediates.noindex/App.build/Debug-iphonesimulator/App.build/App-DebugDylibInstallName-normal-x86_64.txt -Xlinker -filelist -Xlinker /Users/runner/work/safe-link-v2/safe-link-v2/.tmp/ios-derived-data/Build/Intermediates.noindex/App.build/Debug-iphonesimulator/App.build/App-ExecutorLinkFileList-normal-x86_64.txt /Users/runner/work/safe-link-v2/safe-link-v2/.tmp/ios-derived-data/Build/Intermediates.noindex/App.build/Debug-iphonesimulator/App.build/Objects-normal/x86_64/Binary/App.debug.dylib -o /Users/runner/work/safe-link-v2/safe-link-v2/.tmp/ios-derived-data/Build/Intermediates.noindex/App.build/Debug-iphonesimulator/App.build/Objects-normal/x86_64/Binary/App

SwiftDriverJobDiscovery normal arm64 Compiling GeneratedAssetSymbols.swift (in target 'App' from project 'App')

SwiftDriver\ Compilation App normal arm64 com.apple.xcode.tools.swift.compiler (in target 'App' from project 'App')
    cd /Users/runner/work/safe-link-v2/safe-link-v2/apps/mobile/ios/App
    builtin-Swift-Compilation -- /Applications/Xcode_26.5.app/Contents/Developer/Toolchains/XcodeDefault.xctoolchain/usr/bin/swiftc -module-name App -Onone @/Users/runner/work/safe-link-v2/safe-link-v2/.tmp/ios-derived-data/Build/Intermediates.noindex/App.build/Debug-iphonesimulator/App.build/Objects-normal/arm64/App.SwiftFileList -DDEBUG -D COCOAPODS -DDEBUG -enable-bare-slash-regex -enable-experimental-feature DebugDescriptionMacro -sdk /Applications/Xcode_26.5.app/Contents/Developer/Platforms/iPhoneSimulator.platform/Developer/SDKs/iPhoneSimulator26.5.sdk -target arm64-apple-ios15.0-simulator -g -module-cache-path /Users/runner/work/safe-link-v2/safe-link-v2/.tmp/ios-derived-data/ModuleCache.noindex -Xfrontend -serialize-debugging-options -enable-testing -index-store-path /Users/runner/work/safe-link-v2/safe-link-v2/.tmp/ios-derived-data/Index.noindex/DataStore -Xcc -D_LIBCPP_HARDENING_MODE\=_LIBCPP_HARDENING_MODE_DEBUG -swift-version 5 -I /Users/runner/work/safe-link-v2/safe-link-v2/.tmp/ios-derived-data/Build/Products/Debug-iphonesimulator -F /Users/runner/work/safe-link-v2/safe-link-v2/.tmp/ios-derived-data/Build/Products/Debug-iphonesimulator/PackageFrameworks -F /Users/runner/work/safe-link-v2/safe-link-v2/.tmp/ios-derived-data/Build/Products/Debug-iphonesimulator/PackageFrameworks -F /Users/runner/work/safe-link-v2/safe-link-v2/.tmp/ios-derived-data/Build/Products/Debug-iphonesimulator/PackageFrameworks -F /Users/runner/work/safe-link-v2/safe-link-v2/.tmp/ios-derived-data/Build/Products/Debug-iphonesimulator -c -j3 -enable-batch-mode -incremental -Xcc -ivfsstatcache -Xcc /Users/runner/work/safe-link-v2/safe-link-v2/.tmp/ios-derived-data/SDKStatCaches.noindex/iphonesimulator26.5-23F73-688ef53f1462e2c8f657fdc38a81448ffb7d586738ff35573a713a18216ade27.sdkstatcache -output-file-map /Users/runner/work/safe-link-v2/safe-link-v2/.tmp/ios-derived-data/Build/Intermediates.noindex/App.build/Debug-iphonesimulator/App.build/Objects-normal/arm64/App-OutputFileMap.json -use-frontend-parseable-output -save-temps -no-color-diagnostics -explicit-module-build -module-cache-path /Users/runner/work/safe-link-v2/safe-link-v2/.tmp/ios-derived-data/Build/Intermediates.noindex/SwiftExplicitPrecompiledModules -clang-scanner-module-cache-path /Users/runner/work/safe-link-v2/safe-link-v2/.tmp/ios-derived-data/ModuleCache.noindex -sdk-module-cache-path /Users/runner/work/safe-link-v2/safe-link-v2/.tmp/ios-derived-data/ModuleCache.noindex -serialize-diagnostics -emit-dependencies -emit-module -emit-module-path /Users/runner/work/safe-link-v2/safe-link-v2/.tmp/ios-derived-data/Build/Intermediates.noindex/App.build/Debug-iphonesimulator/App.build/Objects-normal/arm64/App.swiftmodule -validate-clang-modules-once -clang-build-session-file /Users/runner/work/safe-link-v2/safe-link-v2/.tmp/ios-derived-data/ModuleCache.noindex/Session.modulevalidation -Xcc -I/Users/runner/work/safe-link-v2/safe-link-v2/.tmp/ios-derived-data/Build/Intermediates.noindex/App.build/Debug-iphonesimulator/App.build/swift-overrides.hmap -emit-const-values -Xfrontend -const-gather-protocols-file -Xfrontend /Users/runner/work/safe-link-v2/safe-link-v2/.tmp/ios-derived-data/Build/Intermediates.noindex/App.build/Debug-iphonesimulator/App.build/Objects-normal/arm64/App_const_extract_protocols.json -Xcc -iquote -Xcc /Users/runner/work/safe-link-v2/safe-link-v2/.tmp/ios-derived-data/Build/Intermediates.noindex/App.build/Debug-iphonesimulator/App.build/App-generated-files.hmap -Xcc -I/Users/runner/work/safe-link-v2/safe-link-v2/.tmp/ios-derived-data/Build/Intermediates.noindex/App.build/Debug-iphonesimulator/App.build/App-own-target-headers.hmap -Xcc -I/Users/runner/work/safe-link-v2/safe-link-v2/.tmp/ios-derived-data/Build/Intermediates.noindex/App.build/Debug-iphonesimulator/App.build/App-all-non-framework-target-headers.hmap -Xcc -ivfsoverlay -Xcc /Users/runner/work/safe-link-v2/safe-link-v2/.tmp/ios-derived-data/Build/Intermediates.noindex/App.build/Debug-iphonesimulator/App-0ca3007d900a678c2b4d53418799ee3d-VFS-iphonesimulator/all-product-headers.yaml -Xcc -iquote -Xcc /Users/runner/work/safe-link-v2/safe-link-v2/.tmp/ios-derived-data/Build/Intermediates.noindex/App.build/Debug-iphonesimulator/App.build/App-project-headers.hmap -Xcc -I/Users/runner/work/safe-link-v2/safe-link-v2/.tmp/ios-derived-data/Build/Products/Debug-iphonesimulator/include -Xcc -I/Users/runner/work/safe-link-v2/safe-link-v2/.tmp/ios-derived-data/Build/Intermediates.noindex/App.build/Debug-iphonesimulator/App.build/DerivedSources-normal/arm64 -Xcc -I/Users/runner/work/safe-link-v2/safe-link-v2/.tmp/ios-derived-data/Build/Intermediates.noindex/App.build/Debug-iphonesimulator/App.build/DerivedSources/arm64 -Xcc -I/Users/runner/work/safe-link-v2/safe-link-v2/.tmp/ios-derived-data/Build/Intermediates.noindex/App.build/Debug-iphonesimulator/App.build/DerivedSources -Xcc -DDEBUG\=1 -emit-objc-header -emit-objc-header-path /Users/runner/work/safe-link-v2/safe-link-v2/.tmp/ios-derived-data/Build/Intermediates.noindex/App.build/Debug-iphonesimulator/App.build/Objects-normal/arm64/App-Swift.h -working-directory /Users/runner/work/safe-link-v2/safe-link-v2/apps/mobile/ios/App -experimental-emit-module-separately -disable-cmo

Ld /Users/runner/work/safe-link-v2/safe-link-v2/.tmp/ios-derived-data/Build/Intermediates.noindex/App.build/Debug-iphonesimulator/App.build/Objects-normal/arm64/Binary/App.debug.dylib normal arm64 (in target 'App' from project 'App')
    cd /Users/runner/work/safe-link-v2/safe-link-v2/apps/mobile/ios/App
    /Applications/Xcode_26.5.app/Contents/Developer/Toolchains/XcodeDefault.xctoolchain/usr/bin/clang -Xlinker -reproducible -target arm64-apple-ios15.0-simulator -dynamiclib -isysroot /Applications/Xcode_26.5.app/Contents/Developer/Platforms/iPhoneSimulator.platform/Developer/SDKs/iPhoneSimulator26.5.sdk -O0 -L/Users/runner/work/safe-link-v2/safe-link-v2/.tmp/ios-derived-data/Build/Intermediates.noindex/EagerLinkingTBDs/Debug-iphonesimulator -L/Users/runner/work/safe-link-v2/safe-link-v2/.tmp/ios-derived-data/Build/Products/Debug-iphonesimulator -F/Users/runner/work/safe-link-v2/safe-link-v2/.tmp/ios-derived-data/Build/Intermediates.noindex/EagerLinkingTBDs/Debug-iphonesimulator -F/Users/runner/work/safe-link-v2/safe-link-v2/.tmp/ios-derived-data/Build/Products/Debug-iphonesimulator/PackageFrameworks -F/Users/runner/work/safe-link-v2/safe-link-v2/.tmp/ios-derived-data/Build/Products/Debug-iphonesimulator/PackageFrameworks -F/Users/runner/work/safe-link-v2/safe-link-v2/.tmp/ios-derived-data/Build/Products/Debug-iphonesimulator/PackageFrameworks -F/Users/runner/work/safe-link-v2/safe-link-v2/.tmp/ios-derived-data/Build/Products/Debug-iphonesimulator -filelist /Users/runner/work/safe-link-v2/safe-link-v2/.tmp/ios-derived-data/Build/Intermediates.noindex/App.build/Debug-iphonesimulator/App.build/Objects-normal/arm64/App.LinkFileList -install_name @rpath/App.debug.dylib -Xlinker -rpath -Xlinker /usr/lib/swift -Xlinker -rpath -Xlinker /Users/runner/work/safe-link-v2/safe-link-v2/.tmp/ios-derived-data/Build/Products/Debug-iphonesimulator/PackageFrameworks -Xlinker -rpath -Xlinker @executable_path/Frameworks -Xlinker -dead_strip -Xlinker -object_path_lto -Xlinker /Users/runner/work/safe-link-v2/safe-link-v2/.tmp/ios-derived-data/Build/Intermediates.noindex/App.build/Debug-iphonesimulator/App.build/Objects-normal/arm64/App_lto.o -rdynamic -Xlinker -no_deduplicate -Xlinker -objc_abi_version -Xlinker 2 -Xlinker -dependency_info -Xlinker /Users/runner/work/safe-link-v2/safe-link-v2/.tmp/ios-derived-data/Build/Intermediates.noindex/App.build/Debug-iphonesimulator/App.build/Objects-normal/arm64/App_dependency_info.dat -fobjc-link-runtime -L/Applications/Xcode_26.5.app/Contents/Developer/Toolchains/XcodeDefault.xctoolchain/usr/lib/swift/iphonesimulator -L/usr/lib/swift -Xlinker -add_ast_path -Xlinker /Users/runner/work/safe-link-v2/safe-link-v2/.tmp/ios-derived-data/Build/Intermediates.noindex/App.build/Debug-iphonesimulator/App.build/Objects-normal/arm64/App.swiftmodule @/Users/runner/work/safe-link-v2/safe-link-v2/.tmp/ios-derived-data/Build/Intermediates.noindex/App.build/Debug-iphonesimulator/App.build/Objects-normal/arm64/App-linker-args.resp -Wl,-no_warn_duplicate_libraries -Wl,-no_warn_duplicate_libraries -Wl,-no_warn_duplicate_libraries -Xlinker -alias -Xlinker _main -Xlinker ___debug_main_executable_dylib_entry_point -framework Capacitor -framework Capacitor -framework Cordova -framework Cordova -framework Capacitor -framework Cordova -framework Capacitor -framework Cordova -o /Users/runner/work/safe-link-v2/safe-link-v2/.tmp/ios-derived-data/Build/Intermediates.noindex/App.build/Debug-iphonesimulator/App.build/Objects-normal/arm64/Binary/App.debug.dylib -Xlinker -add_ast_path -Xlinker /Users/runner/work/safe-link-v2/safe-link-v2/.tmp/ios-derived-data/Build/Intermediates.noindex/CapApp-SPM.build/Debug-iphonesimulator/CapApp-SPM.build/Objects-normal/arm64/CapApp_SPM.swiftmodule @/Users/runner/work/safe-link-v2/safe-link-v2/.tmp/ios-derived-data/Build/Intermediates.noindex/CapApp-SPM.build/Debug-iphonesimulator/CapApp-SPM.build/Objects-normal/arm64/CapApp_SPM-linker-args.resp -Xlinker -add_ast_path -Xlinker /Users/runner/work/safe-link-v2/safe-link-v2/.tmp/ios-derived-data/Build/Intermediates.noindex/CapacitorLocalNotifications.build/Debug-iphonesimulator/LocalNotificationsPlugin.build/Objects-normal/arm64/LocalNotificationsPlugin.swiftmodule @/Users/runner/work/safe-link-v2/safe-link-v2/.tmp/ios-derived-data/Build/Intermediates.noindex/CapacitorLocalNotifications.build/Debug-iphonesimulator/LocalNotificationsPlugin.build/Objects-normal/arm64/LocalNotificationsPlugin-linker-args.resp -Xlinker -add_ast_path -Xlinker /Users/runner/work/safe-link-v2/safe-link-v2/.tmp/ios-derived-data/Build/Intermediates.noindex/CapacitorPreferences.build/Debug-iphonesimulator/PreferencesPlugin.build/Objects-normal/arm64/PreferencesPlugin.swiftmodule @/Users/runner/work/safe-link-v2/safe-link-v2/.tmp/ios-derived-data/Build/Intermediates.noindex/CapacitorPreferences.build/Debug-iphonesimulator/PreferencesPlugin.build/Objects-normal/arm64/PreferencesPlugin-linker-args.resp

CreateUniversalBinary /Users/runner/work/safe-link-v2/safe-link-v2/.tmp/ios-derived-data/Build/Products/Debug-iphonesimulator/App.app/App.debug.dylib normal arm64\ x86_64 (in target 'App' from project 'App')
    cd /Users/runner/work/safe-link-v2/safe-link-v2/apps/mobile/ios/App
    /Applications/Xcode_26.5.app/Contents/Developer/Toolchains/XcodeDefault.xctoolchain/usr/bin/lipo -create /Users/runner/work/safe-link-v2/safe-link-v2/.tmp/ios-derived-data/Build/Intermediates.noindex/App.build/Debug-iphonesimulator/App.build/Objects-normal/arm64/Binary/App.debug.dylib /Users/runner/work/safe-link-v2/safe-link-v2/.tmp/ios-derived-data/Build/Intermediates.noindex/App.build/Debug-iphonesimulator/App.build/Objects-normal/x86_64/Binary/App.debug.dylib -output /Users/runner/work/safe-link-v2/safe-link-v2/.tmp/ios-derived-data/Build/Products/Debug-iphonesimulator/App.app/App.debug.dylib

ConstructStubExecutorLinkFileList /Users/runner/work/safe-link-v2/safe-link-v2/.tmp/ios-derived-data/Build/Intermediates.noindex/App.build/Debug-iphonesimulator/App.build/App-ExecutorLinkFileList-normal-arm64.txt (in target 'App' from project 'App')
    cd /Users/runner/work/safe-link-v2/safe-link-v2/apps/mobile/ios/App
    construct-stub-executor-link-file-list /Users/runner/work/safe-link-v2/safe-link-v2/.tmp/ios-derived-data/Build/Intermediates.noindex/App.build/Debug-iphonesimulator/App.build/Objects-normal/arm64/Binary/App.debug.dylib /Applications/Xcode_26.5.app/Contents/Developer/Platforms/iPhoneSimulator.platform/Developer/usr/lib/libPreviewsJITStubExecutor_no_swift_entry_point.a /Applications/Xcode_26.5.app/Contents/Developer/Platforms/iPhoneSimulator.platform/Developer/usr/lib/libPreviewsJITStubExecutor.a --output /Users/runner/work/safe-link-v2/safe-link-v2/.tmp/ios-derived-data/Build/Intermediates.noindex/App.build/Debug-iphonesimulator/App.build/App-ExecutorLinkFileList-normal-arm64.txt
note: Using stub executor library with Swift entry point. (in target 'App' from project 'App')

Ld /Users/runner/work/safe-link-v2/safe-link-v2/.tmp/ios-derived-data/Build/Intermediates.noindex/App.build/Debug-iphonesimulator/App.build/Objects-normal/arm64/Binary/App normal arm64 (in target 'App' from project 'App')
    cd /Users/runner/work/safe-link-v2/safe-link-v2/apps/mobile/ios/App
    /Applications/Xcode_26.5.app/Contents/Developer/Toolchains/XcodeDefault.xctoolchain/usr/bin/clang -Xlinker -reproducible -target arm64-apple-ios15.0-simulator -isysroot /Applications/Xcode_26.5.app/Contents/Developer/Platforms/iPhoneSimulator.platform/Developer/SDKs/iPhoneSimulator26.5.sdk -O0 -L/Users/runner/work/safe-link-v2/safe-link-v2/.tmp/ios-derived-data/Build/Products/Debug-iphonesimulator -F/Users/runner/work/safe-link-v2/safe-link-v2/.tmp/ios-derived-data/Build/Products/Debug-iphonesimulator/PackageFrameworks -F/Users/runner/work/safe-link-v2/safe-link-v2/.tmp/ios-derived-data/Build/Products/Debug-iphonesimulator/PackageFrameworks -F/Users/runner/work/safe-link-v2/safe-link-v2/.tmp/ios-derived-data/Build/Products/Debug-iphonesimulator/PackageFrameworks -F/Users/runner/work/safe-link-v2/safe-link-v2/.tmp/ios-derived-data/Build/Products/Debug-iphonesimulator -Xlinker -rpath -Xlinker @executable_path -Xlinker -rpath -Xlinker /Users/runner/work/safe-link-v2/safe-link-v2/.tmp/ios-derived-data/Build/Products/Debug-iphonesimulator/PackageFrameworks -Xlinker -rpath -Xlinker @executable_path/Frameworks -rdynamic -Xlinker -no_deduplicate -Xlinker -objc_abi_version -Xlinker 2 -e ___debug_blank_executor_main -Xlinker -sectcreate -Xlinker __TEXT -Xlinker __debug_dylib -Xlinker /Users/runner/work/safe-link-v2/safe-link-v2/.tmp/ios-derived-data/Build/Intermediates.noindex/App.build/Debug-iphonesimulator/App.build/App-DebugDylibPath-normal-arm64.txt -Xlinker -sectcreate -Xlinker __TEXT -Xlinker __debug_instlnm -Xlinker /Users/runner/work/safe-link-v2/safe-link-v2/.tmp/ios-derived-data/Build/Intermediates.noindex/App.build/Debug-iphonesimulator/App.build/App-DebugDylibInstallName-normal-arm64.txt -Xlinker -filelist -Xlinker /Users/runner/work/safe-link-v2/safe-link-v2/.tmp/ios-derived-data/Build/Intermediates.noindex/App.build/Debug-iphonesimulator/App.build/App-ExecutorLinkFileList-normal-arm64.txt /Users/runner/work/safe-link-v2/safe-link-v2/.tmp/ios-derived-data/Build/Intermediates.noindex/App.build/Debug-iphonesimulator/App.build/Objects-normal/arm64/Binary/App.debug.dylib -o /Users/runner/work/safe-link-v2/safe-link-v2/.tmp/ios-derived-data/Build/Intermediates.noindex/App.build/Debug-iphonesimulator/App.build/Objects-normal/arm64/Binary/App

CreateUniversalBinary /Users/runner/work/safe-link-v2/safe-link-v2/.tmp/ios-derived-data/Build/Products/Debug-iphonesimulator/App.app/App normal arm64\ x86_64 (in target 'App' from project 'App')
    cd /Users/runner/work/safe-link-v2/safe-link-v2/apps/mobile/ios/App
    /Applications/Xcode_26.5.app/Contents/Developer/Toolchains/XcodeDefault.xctoolchain/usr/bin/lipo -create /Users/runner/work/safe-link-v2/safe-link-v2/.tmp/ios-derived-data/Build/Intermediates.noindex/App.build/Debug-iphonesimulator/App.build/Objects-normal/arm64/Binary/App /Users/runner/work/safe-link-v2/safe-link-v2/.tmp/ios-derived-data/Build/Intermediates.noindex/App.build/Debug-iphonesimulator/App.build/Objects-normal/x86_64/Binary/App -output /Users/runner/work/safe-link-v2/safe-link-v2/.tmp/ios-derived-data/Build/Products/Debug-iphonesimulator/App.app/App

ProcessInfoPlistFile /Users/runner/work/safe-link-v2/safe-link-v2/.tmp/ios-derived-data/Build/Products/Debug-iphonesimulator/App.app/Info.plist /Users/runner/work/safe-link-v2/safe-link-v2/apps/mobile/ios/App/App/Info.plist (in target 'App' from project 'App')
    cd /Users/runner/work/safe-link-v2/safe-link-v2/apps/mobile/ios/App
    builtin-infoPlistUtility /Users/runner/work/safe-link-v2/safe-link-v2/apps/mobile/ios/App/App/Info.plist -producttype com.apple.product-type.application -genpkginfo /Users/runner/work/safe-link-v2/safe-link-v2/.tmp/ios-derived-data/Build/Products/Debug-iphonesimulator/App.app/PkgInfo -expandbuildsettings -format binary -platform iphonesimulator -additionalcontentfile /Users/runner/work/safe-link-v2/safe-link-v2/.tmp/ios-derived-data/Build/Intermediates.noindex/App.build/Debug-iphonesimulator/App.build/Base.lproj/LaunchScreen-SBPartialInfo.plist -additionalcontentfile /Users/runner/work/safe-link-v2/safe-link-v2/.tmp/ios-derived-data/Build/Intermediates.noindex/App.build/Debug-iphonesimulator/App.build/Base.lproj/Main-SBPartialInfo.plist -additionalcontentfile /Users/runner/work/safe-link-v2/safe-link-v2/.tmp/ios-derived-data/Build/Intermediates.noindex/App.build/Debug-iphonesimulator/App.build/assetcatalog_generated_info.plist -scanforprivacyfile /Users/runner/work/safe-link-v2/safe-link-v2/.tmp/ios-derived-data/Build/Products/Debug-iphonesimulator/App.app/Frameworks/Capacitor.framework -scanforprivacyfile /Users/runner/work/safe-link-v2/safe-link-v2/.tmp/ios-derived-data/Build/Products/Debug-iphonesimulator/App.app/Frameworks/Cordova.framework -o /Users/runner/work/safe-link-v2/safe-link-v2/.tmp/ios-derived-data/Build/Products/Debug-iphonesimulator/App.app/Info.plist

LinkStoryboards (in target 'App' from project 'App')
    cd /Users/runner/work/safe-link-v2/safe-link-v2/apps/mobile/ios/App
    /Applications/Xcode_26.5.app/Contents/Developer/usr/bin/ibtool --errors --warnings --notices --module App --target-device iphone --target-device ipad --minimum-deployment-target 15.0 --output-format human-readable-text --link /Users/runner/work/safe-link-v2/safe-link-v2/.tmp/ios-derived-data/Build/Products/Debug-iphonesimulator/App.app /Users/runner/work/safe-link-v2/safe-link-v2/.tmp/ios-derived-data/Build/Intermediates.noindex/App.build/Debug-iphonesimulator/App.build/Base.lproj/LaunchScreen.storyboardc /Users/runner/work/safe-link-v2/safe-link-v2/.tmp/ios-derived-data/Build/Intermediates.noindex/App.build/Debug-iphonesimulator/App.build/Base.lproj/Main.storyboardc

ExtractAppIntentsMetadata (in target 'App' from project 'App')
    cd /Users/runner/work/safe-link-v2/safe-link-v2/apps/mobile/ios/App
    /Applications/Xcode_26.5.app/Contents/Developer/Toolchains/XcodeDefault.xctoolchain/usr/bin/appintentsmetadataprocessor --toolchain-dir /var/run/com.apple.security.cryptexd/mnt/com.apple.MobileAsset.MetalToolchain-v17.6.42.0.lfbmnc/Metal.xctoolchain --module-name App --sdk-root /Applications/Xcode_26.5.app/Contents/Developer/Platforms/iPhoneSimulator.platform/Developer/SDKs/iPhoneSimulator26.5.sdk --xcode-version 17F42 --platform-family iOS --deployment-target 15.0 --bundle-identifier com.safelink.mobile.dev --output /Users/runner/work/safe-link-v2/safe-link-v2/.tmp/ios-derived-data/Build/Products/Debug-iphonesimulator/App.app --target-triple arm64-apple-ios15.0-simulator --target-triple x86_64-apple-ios15.0-simulator --binary-file /Users/runner/work/safe-link-v2/safe-link-v2/.tmp/ios-derived-data/Build/Products/Debug-iphonesimulator/App.app/App --dependency-file /Users/runner/work/safe-link-v2/safe-link-v2/.tmp/ios-derived-data/Build/Intermediates.noindex/App.build/Debug-iphonesimulator/App.build/Objects-normal/arm64/App_dependency_info.dat --dependency-file /Users/runner/work/safe-link-v2/safe-link-v2/.tmp/ios-derived-data/Build/Intermediates.noindex/App.build/Debug-iphonesimulator/App.build/Objects-normal/x86_64/App_dependency_info.dat --stringsdata-file /Users/runner/work/safe-link-v2/safe-link-v2/.tmp/ios-derived-data/Build/Intermediates.noindex/App.build/Debug-iphonesimulator/App.build/Objects-normal/arm64/ExtractedAppShortcutsMetadata.stringsdata --stringsdata-file /Users/runner/work/safe-link-v2/safe-link-v2/.tmp/ios-derived-data/Build/Intermediates.noindex/App.build/Debug-iphonesimulator/App.build/Objects-normal/x86_64/ExtractedAppShortcutsMetadata.stringsdata --source-file-list /Users/runner/work/safe-link-v2/safe-link-v2/.tmp/ios-derived-data/Build/Intermediates.noindex/App.build/Debug-iphonesimulator/App.build/Objects-normal/arm64/App.SwiftFileList --source-file-list /Users/runner/work/safe-link-v2/safe-link-v2/.tmp/ios-derived-data/Build/Intermediates.noindex/App.build/Debug-iphonesimulator/App.build/Objects-normal/x86_64/App.SwiftFileList --metadata-file-list /Users/runner/work/safe-link-v2/safe-link-v2/.tmp/ios-derived-data/Build/Intermediates.noindex/App.build/Debug-iphonesimulator/App.build/App.DependencyMetadataFileList --static-metadata-file-list /Users/runner/work/safe-link-v2/safe-link-v2/.tmp/ios-derived-data/Build/Intermediates.noindex/App.build/Debug-iphonesimulator/App.build/App.DependencyStaticMetadataFileList --swift-const-vals-list /Users/runner/work/safe-link-v2/safe-link-v2/.tmp/ios-derived-data/Build/Intermediates.noindex/App.build/Debug-iphonesimulator/App.build/Objects-normal/arm64/App.SwiftConstValuesFileList --swift-const-vals-list /Users/runner/work/safe-link-v2/safe-link-v2/.tmp/ios-derived-data/Build/Intermediates.noindex/App.build/Debug-iphonesimulator/App.build/Objects-normal/x86_64/App.SwiftConstValuesFileList --compile-time-extraction --deployment-aware-processing --validate-assistant-intents --no-app-shortcuts-localization
2026-06-22 23:48:03.278 appintentsmetadataprocessor[49696:119673] Starting appintentsmetadataprocessor export
2026-06-22 23:48:03.280 appintentsmetadataprocessor[49696:119673] warning: Metadata extraction skipped. No AppIntents.framework dependency found.

CopySwiftLibs /Users/runner/work/safe-link-v2/safe-link-v2/.tmp/ios-derived-data/Build/Products/Debug-iphonesimulator/App.app (in target 'App' from project 'App')
    cd /Users/runner/work/safe-link-v2/safe-link-v2/apps/mobile/ios/App
    builtin-swiftStdLibTool --copy --verbose --scan-executable /Users/runner/work/safe-link-v2/safe-link-v2/.tmp/ios-derived-data/Build/Products/Debug-iphonesimulator/App.app/App.debug.dylib --scan-folder /Users/runner/work/safe-link-v2/safe-link-v2/.tmp/ios-derived-data/Build/Products/Debug-iphonesimulator/App.app/Frameworks --scan-folder /Users/runner/work/safe-link-v2/safe-link-v2/.tmp/ios-derived-data/Build/Products/Debug-iphonesimulator/App.app/PlugIns --scan-folder /Users/runner/work/safe-link-v2/safe-link-v2/.tmp/ios-derived-data/Build/Products/Debug-iphonesimulator/App.app/SystemExtensions --scan-folder /Users/runner/work/safe-link-v2/safe-link-v2/.tmp/ios-derived-data/Build/Products/Debug-iphonesimulator/App.app/Extensions --platform iphonesimulator --toolchain /var/run/com.apple.security.cryptexd/mnt/com.apple.MobileAsset.MetalToolchain-v17.6.42.0.lfbmnc/Metal.xctoolchain --toolchain /Applications/Xcode_26.5.app/Contents/Developer/Toolchains/XcodeDefault.xctoolchain --destination /Users/runner/work/safe-link-v2/safe-link-v2/.tmp/ios-derived-data/Build/Products/Debug-iphonesimulator/App.app/Frameworks --strip-bitcode --strip-bitcode-tool /Applications/Xcode_26.5.app/Contents/Developer/Toolchains/XcodeDefault.xctoolchain/usr/bin/bitcode_strip --emit-dependency-info /Users/runner/work/safe-link-v2/safe-link-v2/.tmp/ios-derived-data/Build/Intermediates.noindex/App.build/Debug-iphonesimulator/App.build/SwiftStdLibToolInputDependencies.dep --filter-for-swift-os --back-deploy-swift-span
Ignoring --strip-bitcode because --sign was not passed

AppIntentsSSUTraining (in target 'App' from project 'App')
    cd /Users/runner/work/safe-link-v2/safe-link-v2/apps/mobile/ios/App
    /Applications/Xcode_26.5.app/Contents/Developer/Toolchains/XcodeDefault.xctoolchain/usr/bin/appintentsnltrainingprocessor --infoplist-path /Users/runner/work/safe-link-v2/safe-link-v2/.tmp/ios-derived-data/Build/Products/Debug-iphonesimulator/App.app/Info.plist --temp-dir-path /Users/runner/work/safe-link-v2/safe-link-v2/.tmp/ios-derived-data/Build/Intermediates.noindex/App.build/Debug-iphonesimulator/App.build/ssu --bundle-id com.safelink.mobile.dev --product-path /Users/runner/work/safe-link-v2/safe-link-v2/.tmp/ios-derived-data/Build/Products/Debug-iphonesimulator/App.app --extracted-metadata-path /Users/runner/work/safe-link-v2/safe-link-v2/.tmp/ios-derived-data/Build/Products/Debug-iphonesimulator/App.app/Metadata.appintents --metadata-file-list /Users/runner/work/safe-link-v2/safe-link-v2/.tmp/ios-derived-data/Build/Intermediates.noindex/App.build/Debug-iphonesimulator/App.build/App.DependencyMetadataFileList --source-file /Users/runner/work/safe-link-v2/safe-link-v2/.tmp/ios-derived-data/Build/Products/Debug-iphonesimulator/App.app/Info.plist --archive-ssu-assets
2026-06-22 23:48:03.316 appintentsnltrainingprocessor[49697:119674] Parsing options for appintentsnltrainingprocessor
2026-06-22 23:48:03.316 appintentsnltrainingprocessor[49697:119674] Starting AppIntents SSU YAML Generation
2026-06-22 23:48:03.321 appintentsnltrainingprocessor[49697:119674] No AppShortcuts found - Skipping.

RegisterExecutionPolicyException /Users/runner/work/safe-link-v2/safe-link-v2/.tmp/ios-derived-data/Build/Products/Debug-iphonesimulator/App.app (in target 'App' from project 'App')
    cd /Users/runner/work/safe-link-v2/safe-link-v2/apps/mobile/ios/App
    builtin-RegisterExecutionPolicyException /Users/runner/work/safe-link-v2/safe-link-v2/.tmp/ios-derived-data/Build/Products/Debug-iphonesimulator/App.app

Validate /Users/runner/work/safe-link-v2/safe-link-v2/.tmp/ios-derived-data/Build/Products/Debug-iphonesimulator/App.app (in target 'App' from project 'App')
    cd /Users/runner/work/safe-link-v2/safe-link-v2/apps/mobile/ios/App
    builtin-validationUtility /Users/runner/work/safe-link-v2/safe-link-v2/.tmp/ios-derived-data/Build/Products/Debug-iphonesimulator/App.app -shallow-bundle -infoplist-subpath Info.plist

Touch /Users/runner/work/safe-link-v2/safe-link-v2/.tmp/ios-derived-data/Build/Products/Debug-iphonesimulator/App.app (in target 'App' from project 'App')
    cd /Users/runner/work/safe-link-v2/safe-link-v2/apps/mobile/ios/App
    /usr/bin/touch -c /Users/runner/work/safe-link-v2/safe-link-v2/.tmp/ios-derived-data/Build/Products/Debug-iphonesimulator/App.app

** BUILD SUCCEEDED **

